id_athlete,last_name,first_name,id_team,team_name
190640.0,PARK,Kyoung-Doo,15947,Republic of Korea
190827.0,BILENKO,Tetyana,11140,Ukraine
191061.0,LIN,Po Heung,10213,"Hong Kong, China"
191490.0,PATTANTYUS,Adam,11970,Hungary
191532.0,LUTFILLAEV,Sharafuddin,14612,Uzbekistan
191589.0,ZHANG,Fengliu,12066,China
191595.0,GROL,Henk,8805,Netherlands
191648.0,FOCKEN,Aline,8785,Germany
191966.0,VESCAN,Cinthya Vanessa,11981,France
192084.0,CUEVAS,Pablo,12643,Uruguay
192172.0,SMAILA,Mahaman,10248,Cameroon
192268.0,LEFORT,Enzo,11154,France
192518.0,STOSUR,Samantha,10475,Australia
192579.0,TREIMANIS,Edžus,94317,Latvia
192590.0,VAN HOLSBEKE,Seppe,9861,Belgium
192660.0,SHARIPOV,Mirali,14612,Uzbekistan
192685.0,BARTY,Ashleigh,10475,Australia
192903.0,ABDIN,Hosam,12966,Egypt
192990.0,CHO,Mahama,8809,Great Britain
193150.0,NG,Ka Long,11132,"Hong Kong, China"
193272.0,VINCI,Roberta,10477,Italy
193370.0,LI,Michelle,11941,Canada
193527.0,BERNHOLM,Anna,11130,Sweden
193743.0,ERRIGO,Arianna,9849,Italy
193964.0,MURRAY,Andy,17986,Great Britain
193976.0,LIU,Yongshi,14577,China
193985.0,MIKKONEN,Suvi,10076,Finland
194152.0,ABEDINI,Mojtaba,15940,Iran
194260.0,OCCHIUZZI,Diego,9849,Italy
194440.0,KOCHER,Fabienne,14596,Switzerland
194457.0,ASGAROV,Toghrul,15306,Azerbaijan
194507.0,BOLDER,Linda,11985,Israel
194518.0,TKACH,Yuliya,12441,Ukraine
194614.0,CHIBISOVA,Ksenia,9846,Russia
194720.0,KREISS,Fanni,8826,Hungary
194740.0,RYAN,Kelleigh,15073,Canada
194813.0,KIM,So-Hui,9828,Republic of Korea
194828.0,GIORGI,Camila,10477,Italy
194866.0,LABAZANOV,Ibragim,12963,Russia
194877.0,DE JESUS,Robenilson,12407,Brazil
195049.0,TEE,Jing Yi,10208,Malaysia
195140.0,HA,Taegyu,15947,Republic of Korea
195209.0,ALORA,Kirstie Elaine,10791,Philippines
195230.0,LA CRUZ,Julio,10257,Cuba
195360.0,RIVAS ESPINOZA,Wuileixis,15998,Venezuela
195371.0,DUTRA SILVA,Rogério,11820,Brazil
195374.0,BYAMBA,Tuvshinbat,12059,Mongolia
195634.0,MINASKIN,Grigori,9403,Estonia
195735.0,ZHAKYPOV,Birzhan,10218,Kazakhstan
195804.0,CHIBANA,Gabriela,11177,Brazil
195894.0,SHU,Howard,11927,United States
196069.0,ADEKUOROYE,Odunayo,12422,Nigeria
196220.0,GARDOS,Robert,11933,Austria
196411.0,WARD,Joe,8807,Ireland
196548.0,SHELTON,Aleksandra,8825,Poland
196553.0,BELOMOINA,Yana,96858,Ukraine
196662.0,HOSSEINKHANI,Mostafa Mohabbali,11181,Iran
197160.0,LEI,Sheng,14577,China
197383.0,CIOBANU,Victor,11956,Moldova
197383.0,CIOBANU,Victor,10109,Moldova
197391.0,SHERSHAN,Dzmitry,9829,Belarus
197759.0,FERJANI,Ayoub,14611,Tunisia
197791.0,RYU,Han-Soo,15325,Republic of Korea
197791.0,RYU,Han-Soo,15352,Republic of Korea
197942.0,DIATTA,Adama,8784,Senegal
197948.0,ALBIEV,Islambek,12963,Russia
198110.0,LEVIT,Vassiliy,10218,Kazakhstan
198221.0,MAROULIS,Helen,12055,United States
198223.0,POLLACK,Golan,11985,Israel
198284.0,AL-AAMERI,Hussein,10281,Iraq
198372.0,CORDINA,Joseph,10820,Great Britain
198406.0,GIONIS,Panagiotis,9823,Greece
198458.0,TAMURA,Norika,8811,Japan
198506.0,TULEN,Tristan,12411,Netherlands
198552.0,FAYEZ,Ayman,15341,Egypt
198611.0,MARCONCINI,Matteo,10221,Italy
198644.0,SEP,Hrvoje,15987,Croatia
198760.0,ANTOMARCHI,Kaliema,8790,Cuba
199049.0,CONWAY,Sally,10201,Great Britain
199126.0,ALEXUC-CIURARIU,Alin,12433,Romania
199126.0,ALEXUC-CIURARIU,Alin,14606,Romania
199127.0,TAI,Tzu Ying,14594,Chinese Taipei
199261.0,YANG,Kyong Il,15338,DPR Korea
199305.0,KHAVALDZHY BLAHINYA,Yuliia,12441,Ukraine
199333.0,DAUHALIAVETS,Mikhail,15957,Belarus
199434.0,STAMBAUGH,Victoria Ann,16001,Puerto Rico
199891.0,ULITINA,Mariya,14582,Ukraine
200026.0,DENG,Zhiwei,12066,China
200336.0,MARUTJAN,Arajik,11160,Germany
201034.0,AWANG,Azizul Hasni,89900,Malaysia
201051.0,MANYUROVA,Guzel,11157,Kazakhstan
201126.0,PATIÑO,Doris,10225,Colombia
201144.0,TERAN,Alejandra,10093,Mexico
201190.0,OLÁH,Benedek,12417,Finland
201263.0,LANGVAD,Annika,92739,Denmark
201757.0,KOVALEV,Nikolai,10783,Russia
201880.0,SORYAN REIHANPOUR,Hamid,10244,Iran
202095.0,BRAGANÇA,Rui,11323,Portugal
202220.0,DUCKWORTH,James,10475,Australia
202268.0,SHABANAU,Ali,15935,Belarus
202856.0,ZHAO,Shuai,11984,China
203016.0,DAVIS,James-Andrew,8767,Great Britain
203062.0,SAFWAT,Mohamed,14009,Egypt
203087.0,KNAPEK,Edina,8826,Hungary
203445.0,SHALA,Egzon,19738,Kosovo
203937.0,GRAF,Bernadette,12037,Austria
203993.0,AKHMATKHUZIN,Artur,10783,Russia
204023.0,GU,Bon-Gil,15947,Republic of Korea
204101.0,PINOT,Margaux,11142,France
204734.0,JEZEK,Jaromir,9857,Czech Republic
204974.0,HAASE,Robin,11808,Netherlands
205057.0,PRANZ,Rene,11150,Austria
205151.0,TRAZHUKOVA,Inna,14603,Russia
205163.0,SIPAL,Onur,12437,Türkiye
205243.0,OATES,Colin,10201,Great Britain
205471.0,WIEBE,Erica,10824,Canada
205734.0,MOUSTAFA,Enass,10246,Egypt
205870.0,PERRIN,Ignacio,10120,Argentina
205873.0,GASIMOV,Elmar,8769,Azerbaijan
205969.0,MA,Long,10806,China
206036.0,EL-DAWLATLY,Nadeen,15972,Egypt
206053.0,CHARDY,Jérémy,10472,France
206091.0,MONTAÑO ARROYO,Andres Roberto,10821,Ecuador
206453.0,BARTHEL,Mona,10473,Germany
206786.0,ILYASOV,Talgat,9843,Australia
206857.0,KÜLBS,Jasmin,9851,Germany
206946.0,BESBES,Azza,14611,Tunisia
206984.0,NIYAZYMBETOV,Adilbek,10218,Kazakhstan
207012.0,TANGRIEV,Abdullo,14612,Uzbekistan
207023.0,MAJIDOV,Magomedrasul,11967,Azerbaijan
207310.0,KUKUSHKIN,Mikhail,10486,Kazakhstan
207641.0,TAZEGÜL,Servet,11133,Türkiye
207836.0,NUNES,Rochele,15979,Portugal
207928.0,OTGONBAATAR,Uuganbaatar,12416,Mongolia
208023.0,MNATSAKANYAN,Garnik,15962,Armenia
208394.0,LOPEZ,Arlen,10257,Cuba
208632.0,POLCANOVA,Sofia,11933,Austria
208825.0,OKWIRI,Rayton,11174,Kenya
208841.0,LEE,Chong Wei,10208,Malaysia
209219.0,OTA,Yuki,8811,Japan
209259.0,PEREZ MAURICE,Maria,9859,Argentina
209460.0,POLLING,Kim,10221,Italy
209460.0,POLLING,Kim,8805,Netherlands
209470.0,DZEYNICHENKO,Timofej,15357,Belarus
209503.0,JABALLAH,Faycal,12018,Tunisia
209507.0,THAPA,Shiva,15995,India
209566.0,HU,Yun,11132,"Hong Kong, China"
209921.0,VÄLIMÄKI,Tero,10238,Finland
209992.0,GURI,Elis,15349,Bulgaria
210130.0,NOVOSJOLOV,Nikolai,10077,Estonia
210188.0,FREITAS,Marcos,8751,Portugal
210261.0,CERIC,Larisa,9394,Bosnia & Herzegovina
210272.0,HAN,Xing,11062,Congo
210436.0,REINVALL,Juho,11990,Finland
210550.0,KRATYSH,Ilana,10808,Israel
210739.0,CSOKNYAI,Laszlo,11982,Hungary
210817.0,HOMER,Daryl,12029,United States
210886.0,PODOLAK,Arleta,11166,Poland
210941.0,MARTIC,Petra,11818,Croatia
211118.0,STAM,Esther,8808,Georgia
211140.0,MATIC,Barbara,9414,Croatia
211155.0,MONTEIRO DODEAN,Daniela,10114,Romania
211256.0,WONG,Zi Liang Derek,15971,Singapore
211347.0,ZWIEBLER,Marc,11143,Germany
211410.0,NGUYEN,Thi Le Dung,12931,Vietnam
211610.0,ASSAR,Khalid,15972,Egypt
211751.0,ASSELAH,Sonia,14605,Algeria
211816.0,YAKIMENKO,Alexey,10783,Russia
211854.0,APITHY,Yemi Geoffrey,9879,Benin
211976.0,DISLAM,Wiam,10788,Morocco
212053.0,GADZHIEV,Magomedmurad,10815,Poland
212060.0,NDOLO,Alexandra,206668,Kenya
212166.0,APETZ,Nadine,11160,Germany
212243.0,NIARE,Haby,10215,France
212244.0,MUHAMMAD,Ibtihaj,12029,United States
212384.0,TSABOLOV,Khetik,18209,Serbia
212443.0,SAVILLE,Daria,10475,Australia
212522.0,KIEFER,Lee,12029,United States
212626.0,MUÑOZ,Lino,12044,Mexico
212682.0,SATO,Nozomi,8811,Japan
212871.0,EDEM,Offiong,10685,Nigeria
212884.0,GANBAATAR,Odbayar,12416,Mongolia
212888.0,JAZIRI,Malek,17466,Tunisia
212980.0,PERALTA,Yamil,10120,Argentina
213079.0,GRGIC,Filip,10106,Croatia
213101.0,PITCHFORD,Liam,15307,Great Britain
213258.0,ADIYASAMBUU,Tsolmon,12416,Mongolia
213462.0,BURANAPRASERTSUK,Porntip,11965,Thailand
213568.0,DLAGNEV,Tervel,12055,United States
213974.0,KHODOS,Sergey,194400,ROC
213996.0,GRIGORE VUC,Emilia Alina,14606,Romania
214067.0,ARMENTEROS,Jose,8790,Cuba
214364.0,MCPHERSON,Paige,12024,United States
214558.0,SOGHOMONYAN,Koryun,10785,Armenia
214705.0,LANIGAN-O'KEEFFE,Arthur,95880,Ireland
214964.0,NEMETH,Zsanett,15953,Hungary
215015.0,DELPOPOLO,Nick,14607,United States
215187.0,ELSAWALHY,Seham,11971,Egypt
215271.0,KERBER,Angelique,10473,Germany
215296.0,BUIKEVICH,Aliaksandr,12049,Belarus
215298.0,HAGA,Ryunosuke,10786,Japan
215463.0,ASEMANI,Raheleh,10692,Belgium
215466.0,ABBADI,Ilyas,8778,Algeria
216295.0,REIZLIN,Igor,10689,Ukraine
216305.0,HU,Melek,12030,Türkiye
216314.0,BROWN,Dustin,10473,Germany
216315.0,PETRIKOV,Pavel,9857,Czech Republic
216354.0,OOGINK,Reshmie,9870,Netherlands
216419.0,TRAJKOVIC,Ivan,12418,Slovenia
216426.0,SCHÖN,Fredrik,11968,Sweden
216429.0,BREITBARTH,Andre,9851,Germany
216568.0,SHUTOVA,Lyubov,10783,Russia
216715.0,FLETCHER,Ben,10201,Great Britain
216715.0,FLETCHER,Ben,10800,Ireland
216722.0,MARTÍNEZ,Raúl,9863,Spain
216951.0,IDOWU,Saheed,11062,Congo
216961.0,VU,Thi Trang,15370,Vietnam
217034.0,CISSOKHO,Souleymane,15333,France
217113.0,JEON,Hee Sook,15947,Republic of Korea
217134.0,RESHETNIKOV,Veniamin,194400,ROC
217139.0,JOYCE,David Oliver,8807,Ireland
217158.0,SOL,Kyong,11946,DPR Korea
217313.0,HU,Qianxun,10228,China
217415.0,TOMMY,Priscila,9473,Vanuatu
217598.0,DOO,Hoi Kem,8752,"Hong Kong, China"
217604.0,HRUSTANOVIC,Amer,10247,Austria
217640.0,VELAZQUEZ,Joselito,15952,Mexico
217699.0,LIMARDO,Francisco,9839,Venezuela
217765.0,POLIKARPOVA,Ksenia,10817,Israel
217768.0,JARGALSAIKHAN,Chuluunbat,8817,Mongolia
217774.0,POSTIGOS,Juan,9415,Peru
217855.0,POCHTAREV,Artem,14582,Ukraine
217856.0,PEREIRA,Andy,15977,Cuba
217989.0,MUKI,Sagi,11985,Israel
218142.0,EMBRICH,Irina,10077,Estonia
218153.0,MICHEL,Nataly,10093,Mexico
218338.0,MÜLLENBERG,Peter,15965,Netherlands
218360.0,ROUZBAHANI,Ehsan,14599,Iran
218637.0,SEVASTOVA,Anastasija,17473,Latvia
218695.0,ZOIROV,Shakhobidin,10259,Uzbekistan
218728.0,IMRE,Géza,8826,Hungary
219120.0,CAMPOS,Jorge,15977,Cuba
219352.0,CORNET,Alizé,10472,France
219532.0,ELIAS,Gastão,17471,Portugal
219579.0,CARABALLO,Erwin,15998,Venezuela
219892.0,LEBEDEV,Victor,14603,Russia
220074.0,TRAJDOS,Martyna,9851,Germany
220115.0,BAUDERLIQUE,Mathieu,15333,France
220122.0,KHALIL,Safwan,8776,Australia
220130.0,CADOT,Jeremy,11154,France
220185.0,LELEYKO,Olga,10689,Ukraine
220439.0,SINTES,Victor,10690,Algeria
220445.0,GWEND,Edwige,10221,Italy
220540.0,SHKARA,Hayder,8776,Australia
220760.0,SOUSA,João,17471,Portugal
220919.0,NABI,Heiki,10258,Estonia
220953.0,GRZYBOWSKA-FRANC,Katarzyna,10102,Poland
221092.0,SORONZONBOLD,Battsetseg,8817,Mongolia
221315.0,MARÍN,Carolina,12404,Spain
221467.0,GOLUBIC,Viktorija,10479,Switzerland
221562.0,JABLONSKYTE,Sandra,15945,Lithuania
221734.0,KHELFAOUI,Anissa,10690,Algeria
221880.0,VEGA,Paulina,11131,Chile
222057.0,GROTH,Sam,10475,Australia
222081.0,KRUNIC,Aleksandra,18207,Serbia
222527.0,PACEK,Robin,11130,Sweden
222695.0,PERENC,Agata,11166,Poland
222701.0,DE VILLIERS,Moira,9865,New Zealand
222712.0,RENTERÍA,Jackeline,10250,Colombia
222752.0,SICCARDI,Yann,15696,Monaco
222875.0,VANGELOV,Georgi,15328,Bulgaria
222910.0,KITADAI,Felipe,11177,Brazil
223035.0,PARTYKA,Natalia,10102,Poland
223047.0,HALSTED,Laurence,8767,Great Britain
223317.0,AGUIAR,Mayra,11177,Brazil
223416.0,MILED,Houda,12018,Tunisia
223495.0,BESTAEV,Otar,15976,Kyrgyzstan
223501.0,SAIDOV,Renat,9846,Russia
223517.0,BLOSHENKO,Artem,11988,Ukraine
223707.0,VARGAS KOCH,Laura,9851,Germany
223713.0,GRIGORJEVA,Anastasija,15346,Latvia
223736.0,JOPPICH,Peter,11960,Germany
224329.0,ESPINOZA,María,10091,Mexico
224512.0,CHAINE,Guillaume,11142,France
224604.0,POPOV,Ivan,9395,Australia
224856.0,LANSAC,Delphine,14571,France
224922.0,PUTINTSEVA,Yulia,10486,Kazakhstan
224925.0,KULYNYCZ,Arkadiusz,10249,Poland
225151.0,PARETO,Paula,12010,Argentina
225427.0,KISS,Balázs,10255,Hungary
225572.0,BUZARNESCU,Mihaela,17475,Romania
225628.0,SUNG,Ji-Hyun,10075,Republic of Korea
225665.0,RASULOV,Elshod,10259,Uzbekistan
225741.0,FENG,Tianwei,10693,Singapore
225786.0,LARSSON,Johanna,17463,Sweden
225848.0,FOGNINI,Fabio,10477,Italy
225915.0,EKER,Selcuk,12437,Türkiye
226048.0,DIEYE,Balla,11936,Senegal
226055.0,MENEZES,Sarah,11177,Brazil
226257.0,GAVNHOLT,Kristina,15321,Czech Republic
226565.0,DEL POTRO,Juan Martín,17991,Argentina
226633.0,CHA,Dong-Min,9828,Republic of Korea
226657.0,KOHLSCHREIBER,Philipp,10473,Germany
227053.0,MIKHAYLOVA,Polina,8772,Russia
227053.0,MIKHAYLOVA,Polina,194579,ROC
227058.0,ZHMUDENKO,Yaroslav,11140,Ukraine
227190.0,REN,Cancan,10228,China
227356.0,AYAD,Tarek,15341,Egypt
227390.0,PFEIFER,Erik,11160,Germany
227403.0,NAVRUZOV,Ikhtiyor,12967,Uzbekistan
227600.0,ACHOURI,Haykel,11168,Tunisia
227630.0,ORUJOV,Rustam,8769,Azerbaijan
228122.0,BEREZHNA,Alina,12441,Ukraine
228599.0,MATSUMOTO,Kaori,10786,Japan
228624.0,TAYLOR,Christian,91849,United States
228659.0,TOUBA,Hamza,11160,Germany
229119.0,DOSHO,Sara,8797,Japan
229389.0,TIMONCINI,Daigoro,15359,Italy
229432.0,NICULESCU,Monica,17475,Romania
229610.0,VAN TICHELT,Dirk,10079,Belgium
229674.0,CLERGET,Axel,11142,France
229762.0,MARESCH,Sven,9851,Germany
229911.0,MEYER,Roy,8805,Netherlands
230134.0,DAVYDOVA,Daria,194292,ROC
230376.0,BARAN,Radoslaw,10815,Poland
230379.0,MAGOMEDOV,Jamaladdin,15306,Azerbaijan
230500.0,TOMA,Sergiu,10856,United Arab Emirates
230508.0,YUNUSOV,Anvar,12983,Tajikistan
230740.0,ELMONT,Dex,8805,Netherlands
231097.0,ALVAREZ,Luz,15695,Colombia
231286.0,WANG,Iris,11927,United States
231319.0,BABINTSEVA,Aleksandra,194292,ROC
231322.0,IDDIR,Alexandre,11142,France
231441.0,ODOROVA,Eva,12036,Slovakia
231547.0,MANGIACAPRE,Vincenzo,9867,Italy
231824.0,TEMIROV,Lenur,12441,Ukraine
231996.0,POGORZELEC,Daria,11166,Poland
232093.0,HAFIZOV,Ildar,12055,United States
232231.0,CHAMMARTIN,Ludovic,14596,Switzerland
232359.0,ZASINA,Roksana,10815,Poland
232410.0,TAYLOR,Katie,8807,Ireland
232604.0,ZHENG,Saisai,14007,China
232731.0,TOKUNAN,Kenta,8811,Japan
232817.0,SERUGO,Ronald,15065,Uganda
233146.0,ANDÚJAR,Pablo,11581,Spain
233472.0,BAE,Yeon-Ju,10075,Republic of Korea
233699.0,CHO,Guham,11135,Republic of Korea
233864.0,LEE,Jung-Baek,15352,Republic of Korea
233931.0,AMBROSIO,Pool,8828,Peru
234074.0,ALTINKAYA,Sibel,12030,Türkiye
234358.0,KOB,Tetyana,12012,Ukraine
234661.0,ILGÜN,Hatice Kübra,11133,Türkiye
234785.0,GUIDEA,Ivan,14606,Romania
235113.0,MALIEKAL,Jacob,15968,South Africa
235116.0,KHAIBULAEV,Tagir,9846,Russia
235219.0,TAKAICHI,Miku,10786,Japan
235282.0,ZETCHIRI,Linda,11929,Bulgaria
235312.0,MOLLAEI,Saeid,10217,Iran
235312.0,MOLLAEI,Saeid,12416,Mongolia
235613.0,STEENHUIS,Guusje,8805,Netherlands
235904.0,SHIN,A Lam,15947,Republic of Korea
235905.0,VAN ERVEN GARCIA,Saskia,8794,Colombia
236087.0,PRICE,Lauren,10820,Great Britain
236305.0,SOLJA,Petrissa,11110,Germany
236328.0,DAS,Mouma,10687,India
236499.0,JABEUR,Ons,17466,Tunisia
236554.0,STEPHENS,Sloane,13342,United States
236588.0,TASMURADOV,Elmurat,12967,Uzbekistan
236588.0,TASMURADOV,Elmurat,10107,Uzbekistan
236605.0,JULFALAKYAN,Arsen,9864,Armenia
236611.0,PETE,Zolt,14056,Serbia
237101.0,ALI,Annabel Laure,15344,Cameroon
237304.0,GAIBNAZAROV,Fazliddin,10259,Uzbekistan
237421.0,KRISHAN,Vikas,15995,India
237514.0,BEN CHAABANE,Amira,14611,Tunisia
237524.0,ZHANG,Mo,9866,Canada
237594.0,RAYNER,Chloe,11128,Australia
237650.0,FILZMOSER,Sabrina,12037,Austria
237679.0,ZANINOVIC,Ana,10106,Croatia
237768.0,HARRISON,Kayla,14607,United States
238054.0,CILIC,Marin,11818,Croatia
238083.0,ABDVALI,Saeid Mourad,10244,Iran
238204.0,ZHENG,Shuyin,11984,China
238210.0,PUIG,Mónica,10485,Puerto Rico
238215.0,OKONGO OKOTH,Nicholas,11174,Kenya
238320.0,ZABLUDINA,Irina,9846,Russia
238381.0,KOZACZUK,Malgorzata,8825,Poland
238468.0,DIEZ CANSECO,Lizbeth,11327,Peru
238807.0,SALEH,Ahmed,15972,Egypt
239370.0,BAUTISTA,Roberto,11581,Spain
239376.0,LAURENT,Clayton,10839,Virgin Islands
239554.0,BUENO NETTO SIMEÃO RODRIGUES,Amanda,8803,Brazil
239897.0,MÄE,Epp,10254,Estonia
240036.0,MOELLHAUSEN,Nathalie,8803,Brazil
240181.0,EBDEN,Matthew,10475,Australia
240188.0,PULIAEV,Mikhail,9846,Russia
240210.0,ABGARYAN,Narek,10785,Armenia
240227.0,KIM,Sol Mi,11946,DPR Korea
240257.0,KUKOLJ,Aleksandar,12336,Serbia
240335.0,JOHANSSON,Elin,8819,Sweden
240530.0,ESPINAL,Jamie Yusept,11959,Puerto Rico
240603.0,CHOUPENITCH,Alexander,11972,Czech Republic
240687.0,KIM,Hyun-Woo,15352,Republic of Korea
240710.0,KOLJONEN,Kalle,10680,Finland
240976.0,NGUYEN,Thi Nhu Hoa,12931,Vietnam
240978.0,PORTELA,Maria,11177,Brazil
241061.0,MAKAROVA,Ekaterina,10480,Russia
241065.0,SCHWANTES,Athos,8803,Brazil
241168.0,LEE,Sang-Su,10094,Republic of Korea
241225.0,ABIÁN,Pablo,12404,Spain
241449.0,OLEINIC,Sergiu,15979,Portugal
241580.0,PIROZKHOVA,Elena,12055,United States
241606.0,GEDUEV,Aniuar,14603,Russia
241620.0,SUGIARTO,Tommy,9830,Indonesia
241807.0,ADLINGTON,Sarah,10201,Great Britain
241923.0,TEMENGIL,Florian,15991,Palau
241994.0,KARTIKOV,Doszhan,10819,Kazakhstan
242242.0,BERGE,Stig-Andre,10097,Norway
242372.0,JANOWICZ,Jerzy,12241,Poland
242544.0,LE,Huilin,14577,China
242633.0,CHAMLEY-WATSON,Miles,12029,United States
242767.0,ERDELYI-JOO,Abigel,11982,Hungary
242820.0,GARZÓN,Geandry,12406,Cuba
243280.0,SASTIN,Marianna,15953,Hungary
243369.0,VOROBEVA,Natalya,14603,Russia
243369.0,VOROBEVA,Natalya,194581,ROC
243371.0,TOTH,Krisztian,11982,Hungary
243683.0,CHEAH,Soniia,10208,Malaysia
243689.0,EVANS,Daniel,17986,Great Britain
243846.0,ROSOL,Lukáš,17994,Czech Republic
243986.0,MEINHARDT,Gerek,12029,United States
244045.0,MICHALIK-ROGIEN,Monika,10815,Poland
244302.0,MILLMAN,John,10475,Australia
244416.0,KELMENDI,Majlinda,15822,Kosovo
244685.0,KARAKAS,Hedvig,11982,Hungary
244716.0,UMEKI,Mami,10786,Japan
245091.0,CAPRIORIU,Corina,15311,Romania
245159.0,PAVIA,Automne,11142,France
245322.0,URDABAYEVA,Marian,9850,Kazakhstan
245373.0,NEDEALCO,Evgheni,11956,Moldova
245800.0,FLIPKENS,Kirsten,17998,Belgium
245850.0,TATALASHVILI,Nugzari,10856,United Arab Emirates
246449.0,SILVA,Rafaela,11177,Brazil
246559.0,SEIDL,Sebastian,9851,Germany
246566.0,BOTTIEAU,Joachim,10079,Belgium
246572.0,CHEUNG,Siu Lun,10213,"Hong Kong, China"
246632.0,MERTINE,Julien,11154,France
246912.0,BABAJANZADEH,Bashir,10244,Iran
247094.0,ABDELAAL,Mohamed,10073,Egypt
247476.0,KAUTER,Fabian,11945,Switzerland
247592.0,BLASZKA,Jessica,8766,Netherlands
247599.0,BUKINA,Ekaterina,14603,Russia
247628.0,RISHONY,Shira,11985,Israel
247645.0,SOUSA,Pedro,17471,Portugal
247763.0,ARUSAAR,Ardo,10258,Estonia
247825.0,MADARÁSZ,Dóra,11970,Hungary
247851.0,ORSUS,Sztalvira,194581,ROC
248122.0,CESAR,Taciana,11611,Guinea-Bissau
248165.0,MLADENOVIC,Kristina,10472,France
248194.0,BENITEZ,Alejandra,9839,Venezuela
248286.0,NIKISHIN,Bogdan,10689,Ukraine
248352.0,KARYUCHENKO,Dmytro,10689,Ukraine
248434.0,CUTRO-KELLY,Nina,14607,United States
248463.0,MA,Duanbin,12017,China
248542.0,GERCHEV,Yanislav,11943,Bulgaria
248741.0,DAVTYAN,Hovhannes,11983,Armenia
248996.0,BATINI,Martina,9849,Italy
249034.0,CHADALAVADA,Bhavani Devi,9871,India
249039.0,DONSKOY,Evgeny,10480,Russia
249066.0,NIKIFOROV,Toma,10079,Belgium
249146.0,DESAI,Harmeet,10687,India
249205.0,VAN EMDEN,Anicka,8805,Netherlands
249304.0,MIDANA,Augusto,11951,Guinea-Bissau
249343.0,DORJSUREN,Sumiya,12416,Mongolia
249360.0,WANG,Yihan,15967,China
249433.0,GIUFFRE,Martin,11941,Canada
249566.0,SAKA,Suraju,11062,Congo
249747.0,MUAMBO,Rebecca,15344,Cameroon
249854.0,PIETRI,Loïc,11142,France
249889.0,KORREL,Michael,8805,Netherlands
249934.0,OBAME MYLANN,Anthony,8756,Gabon
249992.0,VACENOVSKA,Iveta,14572,Czech Republic
250064.0,PAGE,Gabriella,15073,Canada
250149.0,KONTA,Johanna,17986,Great Britain
250171.0,CHEREMISINOV,Alexey,10783,Russia
250370.0,TAN,Lianne,15064,Belgium
250409.0,PEGULA,Jessica,13342,United States
250507.0,SIMIONESCU,Vladut,15311,Romania
250564.0,RAKOV,Maxim,9850,Kazakhstan
250856.0,KIRPU,Erika,10077,Estonia
250989.0,BABOS,Tímea,12654,Hungary
250994.0,NYMAN,Marcus,11130,Sweden
251074.0,VALKOVA,Ekaterina,9846,Russia
251129.0,GRACHEVA,Inna,194400,ROC
251129.0,GRACHEVA,Inna,10783,Russia
251160.0,AMAS,Daniel,12422,Nigeria
251212.0,MAKHOV,Bilyal,14603,Russia
251219.0,PUREVJARGAL,Lkamdegd,12416,Mongolia
251378.0,PAGNOTTA,Melissa,8765,Canada
251492.0,AN,Baul,11135,Republic of Korea
251651.0,KIM,Jung-Hwan,15947,Republic of Korea
251735.0,PETKOVIC,Andrea,10473,Germany
251770.0,YIP,Pui Yin,11132,"Hong Kong, China"
251897.0,ICHO,Kaori,8797,Japan
251900.0,TAKATO,Naohisa,10786,Japan
251913.0,LÖRINCZ,Tamás,10255,Hungary
251913.0,LÖRINCZ,Tamás,15953,Hungary
251985.0,FEGERL,Stefan,11933,Austria
252178.0,BACSKAI,Balazs,12041,Hungary
252192.0,ISTOMIN,Denis,17988,Uzbekistan
252352.0,TROICKI,Viktor,18207,Serbia
252833.0,SZILAGYI,Aron,8826,Hungary
252889.0,CASTILLO,Julio,15384,Ecuador
253137.0,HAMZATOV,Javid,15357,Belarus
253451.0,GEMESI,Csanad,8826,Hungary
253477.0,MONTEIRO,Telma,15979,Portugal
253555.0,GONZALEZ,Asley,8790,Cuba
253636.0,BELLUCCI,Thomaz,11820,Brazil
253789.0,GROSSKLAUS,Ciril,14596,Switzerland
254241.0,KARAKASEVIC,Aleksandar,14056,Serbia
254296.0,BURROUGHS,Jordan,12055,United States
254349.0,XIAO,Di,15355,China
254350.0,GARCIA,Caroline,10472,France
254433.0,SASSON,Or,11985,Israel
254599.0,NAIDAN,Tuvshinbayar,12416,Mongolia
254708.0,NHABALI,Quedjau,11988,Ukraine
254749.0,LEVYTSKA-SHUKVANI,Tetyana,8808,Georgia
254897.0,KAYAALP,Riza,15984,Türkiye
254897.0,KAYAALP,Riza,15318,Türkiye
254978.0,ABDELMAWGOUD,Mohamed,10073,Egypt
254994.0,URIARTE,Sugoi,8771,Spain
255225.0,YAMADA,Jessica,14615,Brazil
255358.0,CHIBANA,Charles,11177,Brazil
255410.0,PRIVALOVA,Alexandra,11932,Belarus
255896.0,SASAKI,Sho,9835,Japan
256537.0,TORIOLA,Segun,10685,Nigeria
257135.0,SYZDYKOVA,Elmira,11157,Kazakhstan
257168.0,BEGU,Irina,17475,Romania
257228.0,PUREVJAV,Unurbat,8817,Mongolia
257234.0,GREGORIO,Rossella,9849,Italy
257479.0,ZASIEIEV,Alen,12441,Ukraine
257610.0,ELIAS,Nacif,16000,Lebanon
257701.0,BOCZKO,Gábor,8826,Hungary
257730.0,TAUFATOFUA,Pita,93721,Tonga
257730.0,TAUFATOFUA,Pita,16096,Tonga
257809.0,FOCONI,Alessio,9849,Italy
258069.0,MATTSSON,Sofia,15942,Sweden
258244.0,JUNG,Jin-Sun,15947,Republic of Korea
258518.0,HURLEY,Kelley,12029,United States
258582.0,VERKERK,Marhinde,8805,Netherlands
258584.0,LI,Jiao,10115,Netherlands
258702.0,CHEIKH ROUHOU,Nihel,12018,Tunisia
258854.0,VERANES GARCIA,Haislan,10824,Canada
258885.0,HEREY,Anatoliy,10689,Ukraine
258954.0,SANTOS,Telma,12054,Portugal
259021.0,SAVELKOULS,Tessie,8805,Netherlands
259047.0,JIAO,Yunlong,14577,China
259144.0,KOSETSKAYA,Evgeniya,194578,ROC
259205.0,BESBES,Sarra,14611,Tunisia
259502.0,GUZZI VINCENTI,Margherita,12029,United States
259694.0,CEBAN,Nicolae,11956,Moldova
259807.0,SHAMILOV,Yakub,194292,ROC
259855.0,WILLIAMS,Serena,13342,United States
259894.0,MENZ,Katharina,9851,Germany
259980.0,ALSHATTI,Abdulaziz,10507,Independent Olympic Athlete
260397.0,ONO,Shohei,10786,Japan
260519.0,ARDEE,Saylom,10239,Thailand
260739.0,LIU,Jia,11933,Austria
260765.0,DELBONIS,Federico,17991,Argentina
260791.0,ANSARI,Chakir,10810,Morocco
261013.0,GERBI,Yarden,11985,Israel
261068.0,CHEBOTAREV,Artem,11969,Russia
261266.0,CHOU,Tien Chen,14594,Chinese Taipei
261304.0,ALIMKHANULY,Zhanibek,10218,Kazakhstan
261329.0,DJOKOVIC,Novak,18207,Serbia
261360.0,MUÑOZ,Edgar,11966,Venezuela
261547.0,WICKMAYER,Yanina,17998,Belgium
261843.0,TURCHYN,Anastasiya,11988,Ukraine
261959.0,MARANIC,Ivana,9414,Croatia
262222.0,MARET,Cyrille,11142,France
262341.0,DUPRAT,Pierre,11142,France
262352.0,PERRIER,Ghislain,8803,Brazil
262610.0,HIETANIEMI,Rami,10238,Finland
262628.0,GALLOWAY,Jackie,12024,United States
262697.0,MESHREF,Dina,15972,Egypt
262775.0,LAY,Jian Fang,11937,Australia
262845.0,BATTULGA,Temuulen,12416,Mongolia
262909.0,YUSEIN,Taybe,15328,Bulgaria
262995.0,OBORUDUDU,Blessing,12422,Nigeria
263076.0,LIN,Sheng,14577,China
263155.0,SHERIF,Mayar,14009,Egypt
263527.0,CHITU,Andreea-Stefania,15311,Romania
263553.0,FERRER,David,11581,Spain
263564.0,ROMERO,Juan Pablo,15952,Mexico
263608.0,PHOGAT,Babita Kumari,11175,India
263705.0,GNANASEKARAN,Sathiyan,10687,India
263714.0,VALDES TOBIER,Alejandro,12406,Cuba
263721.0,MALZAHN,Luise,9851,Germany
263754.0,NIWA,Koki,11940,Japan
263831.0,ALEKSANYAN,Artur,15962,Armenia
263831.0,ALEKSANYAN,Artur,9864,Armenia
263956.0,CSERNOVICZKI,Éva,11982,Hungary
264131.0,ALIEV,Haji,15306,Azerbaijan
264445.0,KOMWONG,Nanthana,9833,Thailand
264500.0,TSAI,Ming Yen,15337,Chinese Taipei
264773.0,BACSINSZKY,Timea,10479,Switzerland
264819.0,PENTY,Toby,11153,Great Britain
265298.0,TSONGA,Jo-Wilfried,10472,France
265568.0,YANKOVA,Elitsa,15328,Bulgaria
265975.0,SILVA,Yadira,16629,Mexico
265990.0,MATELOVA,Hana,14572,Czech Republic
266149.0,FABBIANO,Thomas,10477,Italy
266153.0,MINOBE,Kazuyasu,8811,Japan
266219.0,TIMCHENKO,Dimitri,12006,Ukraine
266511.0,PÓTA,Georgina,11970,Hungary
266884.0,AL-WADI,Mohammad,10841,Jordan
266909.0,SUN,Yujie,14577,China
266936.0,CHEN,Wendy,10105,Australia
267087.0,KUDLA,Denis,13342,United States
267148.0,DRINKHALL,Paul,15307,Great Britain
267174.0,ESTRELLA,Víctor,11819,Dominican Republic
267242.0,SUGITA,Yuichi,12655,Japan
267371.0,JONES,Jade,8809,Great Britain
267660.0,NADAREISHVILI,Revazi,12960,Georgia
267798.0,ZANTARAIA,Georgii,11988,Ukraine
267817.0,MATTSSON,Johanna,15942,Sweden
267963.0,PAZINSKI,Piotr,15320,Poland
268071.0,GÉROUDET,Tiffany,11945,Switzerland
268110.0,CHUNAYEV,Rasul,15944,Azerbaijan
268124.0,FIGUEROA,Julia,8771,Spain
268264.0,MARCHENKO,Illya,12645,Ukraine
268482.0,OCHIRBAT,Nasanburmaa,8817,Mongolia
268781.0,PENG,Shuai,14007,China
268811.0,BOUYACOUB,Lyes,14605,Algeria
269146.0,GONZALEZ,Ursula,10093,Mexico
269349.0,GILMOUR,Kirsty,11153,Great Britain
269464.0,ZHANG,Shuai,14007,China
269504.0,BALDAUF,Elisabeth,9820,Austria
269529.0,BERTENS,Kiki,11808,Netherlands
269654.0,SHABANBAY,Daulet,11157,Kazakhstan
269845.0,LEE,Seung-Su,11135,Republic of Korea
269905.0,SINISHIN,Natalya,15306,Azerbaijan
269916.0,ACHANTA,Sharath,10687,India
270028.0,YAGODKA,Andriy,10689,Ukraine
270139.0,PAYET,Laëtitia,11142,France
270480.0,CEPEDE,Verónica,12651,Paraguay
270993.0,BATIROV,Adam,12227,Bahrain
271320.0,HOWELL,Gemma,10201,Great Britain
271526.0,DEPREZ,Josue,16590,Haiti
271645.0,GRUMIER,Gauthier,11154,France
271706.0,PUNZA,Mathews,12465,Zambia
271836.0,JONSSON,Thormodur,9399,Iceland
271917.0,SAVON,Erislandy,10257,Cuba
271930.0,WAWRINKA,Stan,10479,Switzerland
271964.0,MATNIYAZOVA,Gulnoza,14612,Uzbekistan
272032.0,KIM,Jan-Di,11135,Republic of Korea
272039.0,BI,Shengfeng,12066,China
272158.0,BAYRAK,Özge,12442,Türkiye
272256.0,AYALA,Julian,10093,Mexico
272332.0,SAMELE,Luigi,9849,Italy
272353.0,SHAVDATUASHVILI,Lasha,8808,Georgia
272742.0,FLETCHER,Megan,10800,Ireland
272743.0,VEREB,Istvan,15953,Hungary
272796.0,WANG,Zengyi,10102,Poland
272987.0,LIGETI,Dániel,15953,Hungary
273296.0,DENISOV,Kirill,9846,Russia
273300.0,ROSS,Nicole,12029,United States
273311.0,LEFEVERE,Jasper,10079,Belgium
273761.0,KATENDE,Kennedy,15065,Uganda
273776.0,MURSALIEV,Elvin,15944,Azerbaijan
273869.0,VAN SNICK,Charline,10079,Belgium
273907.0,OBERNOSTERER,David,9820,Austria
274004.0,PETROVA,Stoyka,12432,Bulgaria
274014.0,AZIZOVA,Farida,9826,Azerbaijan
274090.0,KOUKAL,Petr,15321,Czech Republic
274131.0,BERGSTRÖM,Linda,12023,Sweden
274358.0,TUNCAT,Levent,14595,Germany
274631.0,DIAZ ROBERTTI,Jose Daniel,10812,Venezuela
274867.0,EBINUMA,Masashi,10786,Japan
275295.0,POPP,Eduard,8785,Germany
275295.0,POPP,Eduard,16005,Germany
275513.0,MRVALJEVIC,Srdjan,14338,Montenegro
275743.0,TURKS,Victoriia,11988,Ukraine
275908.0,QUADROS,Ketleyn,11177,Brazil
275978.0,MONFILS,Gaël,10472,France
276030.0,MAGOMEDOV,Amarhadshi,15935,Belarus
276220.0,STANEVA,Svetlana,12432,Bulgaria
276229.0,BAYRAMOV,Rovshan,15944,Azerbaijan
276993.0,KRUSE,Richard,8767,Great Britain
277359.0,HEINZER,Max,11945,Switzerland
277428.0,AGBEGNENOU,Clarisse,11142,France
277490.0,MONTANO,Aldo,9849,Italy
277584.0,HE,Zhi Wen,8758,Spain
277737.0,VALOIS-FORTIER,Antoine,11148,Canada
277827.0,CASSARA,Andrea,9849,Italy
277843.0,GUYART,Astrid,11154,France
278066.0,KIM,Ji-Yeon,15947,Republic of Korea
278115.0,RIZZI,Giulia,9849,Italy
278118.0,PREVOLARAKI,Maria,15937,Greece
278156.0,CHEN,Szu-Yu,12008,Chinese Taipei
278204.0,ALVEAR,Yuri,15695,Colombia
278249.0,TSUBOI,Gustavo,14615,Brazil
278522.0,CHAMIZO MARQUEZ,Frank,15358,Italy
278523.0,VAN UYTVANCK,Alison,17998,Belgium
278719.0,SAMBOU,Isabelle,8784,Senegal
278775.0,ACOSTA BALAREZO,Briseida,10091,Mexico
278853.0,GBANE,Seydou,9845,Côte d'Ivoire
278921.0,SIRUCEK,Pavel,14572,Czech Republic
278932.0,PAVLYUCHENKOVA,Anastasia,10480,Russia
278932.0,PAVLYUCHENKOVA,Anastasia,194622,ROC
279048.0,LI,Ping,10212,Qatar
279078.0,EERLAND,Britt,10115,Netherlands
279303.0,JEOUNG,Young-Sik,10094,Republic of Korea
279369.0,KENZHEEV,Zhanarbek,15347,Kyrgyzstan
279406.0,HABESOHN,Daniel,11933,Austria
279587.0,IVANOVIC,Ana,18207,Serbia
279678.0,FERRERA,Miguel,11329,Honduras
279718.0,ADAR YIGIT,Yasemin,15318,Türkiye
279968.0,KOLOBOVA,Violetta,194400,ROC
279968.0,KOLOBOVA,Violetta,10783,Russia
280169.0,POMBO,Alex,11177,Brazil
280274.0,DI STASIO,Justina,10824,Canada
280698.0,OH,Hye-Ri,9828,Republic of Korea
280871.0,LAPPAGE,Danielle,10824,Canada
280877.0,ZHANG,Beiwen,11927,United States
281466.0,EVANS,Scott,14589,Ireland
281528.0,OMAROV,Artur,11957,Czech Republic
282056.0,BORODAVKO,Jevgenijs,12069,Latvia
282095.0,DVORAK,Galia,8758,Spain
282193.0,TOJIBAEV,Hurshid,10259,Uzbekistan
282206.0,ŠAFÁROVÁ,Lucie,17994,Czech Republic
282424.0,MAHJOUB,Javad,10217,Iran
282424.0,MAHJOUB,Javad,62303,Refugee Olympic Team
282623.0,BERNABEU,Maria,8771,Spain
282711.0,SILVA,Mariana,11177,Brazil
282737.0,LOGUNOVA,Tatiana,10783,Russia
283016.0,NISHIKORI,Kei,12655,Japan
283266.0,GBAGBI,Ruth,9845,Côte d'Ivoire
283705.0,UNGVARI,Attila,11982,Hungary
283778.0,ILDEM,Cenk,15318,Türkiye
283778.0,ILDEM,Cenk,15984,Türkiye
283786.0,ALOYAN,Mikhail,11969,Russia
283788.0,CABRERA,Yasmany,12062,Cuba
283836.0,DOIG,Maria Luisa,12434,Peru
283847.0,KETOEV,Georgi,15962,Armenia
283898.0,MOKRETCOV,Ilya,10092,Kazakhstan
284143.0,CHUANG,Chih-Yuan,12008,Chinese Taipei
284260.0,GOMEZ MATOS,Franklin,11959,Puerto Rico
284364.0,MAGEE,Chloe,14589,Ireland
284435.0,TYNYBEKOVA,Aisuluu,12072,Kyrgyzstan
284571.0,GNETO,Priscilla,11142,France
284679.0,DUGASSE,Dominic,11268,Seychelles
284685.0,ARGÜELLO,Betzabeth,10812,Venezuela
284809.0,RUSSO,Clemente,9867,Italy
284967.0,RAONIC,Milos,17462,Canada
284989.0,OSHONAIKE,Funke,10685,Nigeria
285293.0,CHOI,In-Jeong,15947,Republic of Korea
285530.0,ISHIKAWA,Kasumi,11940,Japan
285563.0,VEITIA,Yosbany,10257,Cuba
286115.0,PRANEETH,Sai,12032,India
286265.0,DZIOLKO,Adrian,10679,Poland
286490.0,CEBI,Selcuk,15984,Türkiye
286512.0,AVDEEV,Anton,10783,Russia
286540.0,ZILBERMAN,Misha,10817,Israel
286726.0,AGUIRRE,Marcelo,11647,Paraguay
286917.0,WATSON,Heather,17986,Great Britain
287002.0,YOKA,Tony,15333,France
287054.0,HERNÁNDEZ,Stefany,98014,Venezuela
287162.0,MARTON,Carmen,8776,Australia
287242.0,GRENCH,Eileen,15761,Panama
287328.0,CAMILO,Tiago,11177,Brazil
287379.0,ORTIZ,Idalys,8790,Cuba
287416.0,HONG,Kuk Hyon,11946,DPR Korea
287666.0,IN,Kyo-Don,9828,Republic of Korea
287677.0,ARJAOUI,Mohammed,12961,Morocco
287717.0,FLISSI,Mohamed,8778,Algeria
287760.0,FORTIN,Ariane,11980,Canada
287946.0,KORPÁSI,Balint,15953,Hungary
288008.0,FERNANDEZ,Silvio,9839,Venezuela
288164.0,LAOPEAM,Peamwilai,10239,Thailand
288249.0,PRESCOD,Nzingha,12029,United States
288510.0,MOMOTA,Kento,9835,Japan
288664.0,DA SILVA FERREIRA,Aline,12073,Brazil
288684.0,SARITOV,Albert,14606,Romania
288958.0,CASTILLO,Carolina,10250,Colombia
289007.0,SOO,Wai Yam Minnie,8752,"Hong Kong, China"
289050.0,HRGOVIC,Filip,15987,Croatia
289169.0,BAKKAL,Naima,10788,Morocco
289411.0,IGLESIAS,Roniel,10257,Cuba
289415.0,DRAKSIC,Rok,11939,Slovenia
289622.0,KURBANOV,Ruslan,10092,Kazakhstan
289625.0,CHEN,Chien-An,12008,Chinese Taipei
289680.0,MUST,Raul,14580,Estonia
289942.0,SINDHU,P.V.,12032,India
289975.0,COLIN,Richarno,12425,Mauritius
290091.0,ST PIERRE,Kennedy,12425,Mauritius
290215.0,SAVILLE,Luke,10475,Australia
290230.0,SAMARA,Elizabeta,10114,Romania
290303.0,TATAR,Nur,11133,Türkiye
290353.0,YU,Song,12017,China
290464.0,GRAY,Adeline,12055,United States
290522.0,EL SHEHABY,Islam,10073,Egypt
290571.0,VELENSEK,Anamari,11939,Slovenia
290676.0,STÄBLER,Frank,8785,Germany
290676.0,STÄBLER,Frank,16005,Germany
290742.0,SUAREZ,Charly,11151,Philippines
291038.0,EKHOLM,Mathilda,12023,Sweden
291144.0,CARRILLO,Edna,16588,Mexico
291198.0,PAJÓN,Mariana,97795,Colombia
291242.0,CHENG,I-Ching,12008,Chinese Taipei
291285.0,CASTILLO,Yalennis,8790,Cuba
291339.0,FRIS,Kristijan,13922,Serbia
291601.0,BENAMADI,Abderrahmane,14605,Algeria
291711.0,DAVAADORJ,Tumurkhuleg,12416,Mongolia
291870.0,GHOSH,Soumyajit,10687,India
291936.0,MULLER,Gilles,10481,Luxembourg
292369.0,VAINIO,Nanna,10680,Finland
292599.0,FOTOUHI,Mohammad,15940,Iran
292868.0,ANDRIITSEV,Valeri,12441,Ukraine
293149.0,ALAMIYAN,Noshad,15342,Iran
293226.0,LKHAGVASUREN,Otgonbaatar,12416,Mongolia
293330.0,KRYVYTSKA,Olena,10689,Ukraine
293410.0,KHARLAN,Olga,10689,Ukraine
293712.0,ATIAS,Ron,8770,Israel
293746.0,VERWIJLEN,Bas,12411,Netherlands
293852.0,ANDEOL,Emilie,11142,France
294209.0,WEFFER GUANIPA,Jarismit,10812,Venezuela
294777.0,MARTINS,Pedro,12054,Portugal
295076.0,SILVA,Rafael,11177,Brazil
295113.0,OLLI,Petra,15934,Finland
295214.0,BERANKIS,Ricardas,12243,Lithuania
295227.0,MIRANDA,Érika,11177,Brazil
295276.0,ZHANG,Zhehui,12017,China
295294.0,GOLUBYTSKYI,Carolin,11960,Germany
295641.0,SIMON,Gilles,10472,France
295816.0,TCHRIKISHVILI,Avtandil,8808,Georgia
295838.0,NISHIOKA,Shiho,8811,Japan
296033.0,LIMARDO,Ruben,9839,Venezuela
296095.0,BROWN,Colton,14607,United States
296132.0,SZOCS,Bernadette,10114,Romania
296243.0,BÁCSI,Peter,10255,Hungary
296355.0,MYTROFANOV,Dmytro,12012,Ukraine
296444.0,NUYTINCK,Cedric,8774,Belgium
296481.0,YADAV,Narsingh Pancham,11175,India
296487.0,DELGADO,Angelica,14607,United States
296573.0,ROPER,Miryam,11617,Panama
296573.0,ROPER,Miryam,9851,Germany
296774.0,WIESZCZEK-KORDUS,Agnieszka,10815,Poland
296815.0,SHVEDOVA,Yaroslava,10486,Kazakhstan
296915.0,TAHMASEBI,Saman,15944,Azerbaijan
297051.0,VALVERDE MELENDRES,Luisa Elizabeth,8779,Ecuador
297154.0,ONGBAMRUNGPHAN,Busanan,11965,Thailand
297297.0,AVILA,Ceiber,10104,Colombia
297372.0,GERELL,Pär,12023,Sweden
297533.0,MANUEL,Darcina,9865,New Zealand
297569.0,KUMAR,Manoj,15995,India
297577.0,HERCOG,Polona,13346,Slovenia
297869.0,AMARAL TOLDO,Guilherme,8803,Brazil
297887.0,PRIZRENI,Sahit,9843,Australia
298004.0,PANAIT,Ionut,12433,Romania
298062.0,MARTON,Caroline,8776,Australia
298162.0,GOZIUMOV,Khetag,15306,Azerbaijan
298300.0,KLEIBRINK,Benjamin,11960,Germany
298608.0,PÉREZ,María,12022,Puerto Rico
298699.0,DIEDHIOU,Hortance,11138,Senegal
298973.0,EPANGUE,Gwladys,10215,France
299032.0,MANJARREZ,Itzel,10091,Mexico
299523.0,KEYS,Madison,13342,United States
299534.0,SELA,Dudi,17989,Israel
299653.0,GOMEZ,Daniel,10093,Mexico
299762.0,SHANAEVA,Aida,10783,Russia
299814.0,LI,Xuerui,15967,China
299911.0,OVTCHAROV,Dimitrij,11110,Germany
299937.0,MOJICA,Melissa,12022,Puerto Rico
299960.0,NIYAZBEKOV,Daulet,11157,Kazakhstan
300039.0,GALLAYS,Jill,10824,Canada
300072.0,OCHIRBAT,Burmaa,8817,Mongolia
300098.0,ALLISOP,Andrique,8822,Seychelles
300138.0,WAGNER,Benedikt,11960,Germany
300182.0,ABUGHAUSH,Ahmad,11108,Jordan
300852.0,BOUCHARD,Eugenie,17462,Canada
301138.0,VALENCIA ESCOTO,Alma,11975,Mexico
301207.0,NGUYEN,Tien Minh,15370,Vietnam
301245.0,LÓPEZ,Mijaín,12406,Cuba
301245.0,LÓPEZ,Mijaín,12062,Cuba
301260.0,QUIPO,Carlos,15384,Ecuador
301261.0,BUTDEE,Chatchai,10239,Thailand
301315.0,LEE,Ho Ching,8752,"Hong Kong, China"
301445.0,SATTIBAYEV,Olzhas,10218,Kazakhstan
301765.0,PAKDAMAN,Ali,15940,Iran
302062.0,PIMENTEL,Monica,17043,Aruba
302092.0,MÓNACO,Juan,17991,Argentina
302158.0,PIZZO,Paolo,9849,Italy
302264.0,NISTOR,Mihai,12038,Romania
302553.0,SEPPI,Andreas,10477,Italy
302589.0,RAMIREZ,Robeisy,10257,Cuba
302676.0,BERDER,Cecilia,11154,France
302744.0,YOSHIDA,Saori,8797,Japan
302758.0,BULCÃO,Ana Beatriz,8803,Brazil
302839.0,MA,Yingnan,12017,China
302845.0,REZAEI,Ghasem,10244,Iran
303134.0,CHERKASOVA,Alla,12441,Ukraine
303197.0,BOULOUDINATS,Chouaib,8778,Algeria
303212.0,BASILE,Fabio,10221,Italy
303306.0,KVITOVÁ,Petra,17994,Czech Republic
303347.0,HASANOV,Yabrail,15306,Azerbaijan
303381.0,ALTHEMAN,Maria Suelen,11177,Brazil
303413.0,JABLONSKI,Tomasz,9410,Poland
304024.0,RAFALOVICH,Nikita,9852,Uzbekistan
304062.0,GAPONOVA,Ganna,11140,Ukraine
304130.0,STEFFEN,Benjamin,11945,Switzerland
304331.0,PETRAUSKAS,Evaldas,12409,Lithuania
304423.0,ZOLOEV,Vladimir,15976,Kyrgyzstan
304552.0,CHAMOV,Simeon,12432,Bulgaria
304609.0,GJAKOVA,Nora,15822,Kosovo
304612.0,SMETOV,Yeldos,9850,Kazakhstan
304887.0,KNAPIK-MIAZGA,Renata,8825,Poland
304994.0,NI,Xia Lian,8804,Luxembourg
305087.0,AZIEZ,Yasmina,10215,France
305624.0,BAKER,Brian,13342,United States
305694.0,VESNINA,Elena,194622,ROC
305825.0,YESILIRMAK,Elif Jale,15318,Türkiye
306001.0,BÖLÜKBASI,Ibrahim,15318,Türkiye
306008.0,LI,Xiaoxia,10806,China
306027.0,TACHIMOTO,Haruka,10786,Japan
306064.0,UNGUREANU,Monica,15311,Romania
306160.0,MATER,Zeyad,15702,Yemen
306377.0,RAHIMI,Hassan,11181,Iran
306406.0,JOHNSON,Steve,13342,United States
306458.0,NAM,Hyunhee,15947,Republic of Korea
306492.0,RIABI,Hela,11168,Tunisia
306590.0,SHAKIMOVA,Dariga,10218,Kazakhstan
306702.0,ZAGUNIS,Mariel,12029,United States
306800.0,LEE,Dong-Keun,10075,Republic of Korea
306868.0,MARSHALL,Savannah,10820,Great Britain
306878.0,STEVENS,Travis,14607,United States
306952.0,LIN,Dan,15967,China
306968.0,SALAS,Reineris,12406,Cuba
307057.0,ERALIEV,Arsen,15347,Kyrgyzstan
307157.0,PEREIRA,Teliana,11820,Brazil
307607.0,SOCK,Jack,13342,United States
307615.0,PONSANA,Boonsak,11965,Thailand
307649.0,PAPINASHVILI,Amiran,8808,Georgia
308259.0,ZHANG,Jiawei,10228,China
308272.0,INTANON,Ratchanok,11965,Thailand
308348.0,POGACNIK,Anka,11939,Slovenia
308465.0,VOUGIOUKA,Vassiliki,10777,Greece
308502.0,SHAITO,Mona,15996,Lebanon
308579.0,MARIA,Tatjana,10473,Germany
308871.0,SHIMAMURA,Tomohiro,8811,Japan
308920.0,PANTELYEYEVA,Kseniya,10689,Ukraine
308989.0,RAMOS,Albert,11581,Spain
309085.0,MOOREN,Jeroen,8805,Netherlands
309238.0,LAZAREV,Aiaal,12072,Kyrgyzstan
309249.0,CHERDIVARA-ESANU,Mariana,11956,Moldova
309440.0,MANDIC,Milica,18044,Serbia
309755.0,MSHVIDOBADZE,Robert,194292,ROC
309819.0,ERDENEBAT,Bekhbayar,8817,Mongolia
309933.0,KIM,Won-Jin,11135,Republic of Korea
310022.0,MOSCATT,Valentina,10221,Italy
310177.0,LEE,Dae-Hoon,9828,Republic of Korea
310181.0,SCVORTOV,Victor,10856,United Arab Emirates
310449.0,PACEK,Martin,11130,Sweden
310513.0,KILDAY,Andrea,10101,New Zealand
310739.0,JOHANSSON,Henna,15942,Sweden
311136.0,ROBLES,Álvaro,8758,Spain
311276.0,SOVERO,Janet,8828,Peru
311308.0,FRANSSEN,Juul,8805,Netherlands
311380.0,TSEND-AYUSH,Naranjargal,12416,Mongolia
311403.0,KATIPOGLU,Busra,11164,Türkiye
311581.0,GAUZY,Simon,11120,France
311857.0,MCKENZIE,Ashley,16594,Jamaica
311857.0,MCKENZIE,Ashley,10201,Great Britain
311974.0,FIAMINGO,Rossella,9849,Italy
312156.0,RATKEVICH,Yulia,15306,Azerbaijan
312289.0,POWELL,David,11937,Australia
312384.0,TCHEUMEO,Audrey,11142,France
312414.0,CHEUNG,Ngan Yi,11132,"Hong Kong, China"
312508.0,FUKUHARA,Ai,11940,Japan
312650.0,HAMADA,Mayu,10118,Japan
312748.0,HURSKAINEN,Henri,9855,Sweden
312816.0,MEPSTEAD,Marcus,8767,Great Britain
313006.0,SIRANT,Sergey,194578,ROC
313091.0,MUÑOZ,Paola,95653,Chile
313196.0,KING,Darian,13344,Barbados
313300.0,YAMABE,Kanae,10786,Japan
313369.0,COOK,Aaron,13531,Moldova
313411.0,TAN,Yuhan,15064,Belgium
313545.0,EUREN,Johan,11968,Sweden
313789.0,BOR,Barna,11982,Hungary
313825.0,LOPEZ,Livan,12406,Cuba
313944.0,KARUNARATNE,Niluka,15071,Sri Lanka
314049.0,VAN,Ngoc Tu,11265,Vietnam
314160.0,TSEDEVSUREN,Munkhzaya,12416,Mongolia
314173.0,KLYS,Katarzyna,11166,Poland
314198.0,ANSTETT,Vincent,11154,France
314258.0,KHOTSIANIVSKYI,Oleksandr,12441,Ukraine
314474.0,ANTES CASTILLO,Lissette Alexandra,8779,Ecuador
314981.0,KEBISPAYEV,Almat,10819,Kazakhstan
315006.0,APOLÓNIA,Tiago,8751,Portugal
315041.0,GULOTTA,Loreta,9849,Italy
315235.0,KALADZINSKAYA,Vanesa,15935,Belarus
315386.0,PAVLOVICH,Viktoria,11932,Belarus
315397.0,DATUNASHVILI,Zurabi,18209,Serbia
315397.0,DATUNASHVILI,Zurabi,12960,Georgia
315437.0,REMARENCO,Ivan,10856,United Arab Emirates
315462.0,WRABER,Luka,9820,Austria
315523.0,SELIMOV,Albert,11967,Azerbaijan
315555.0,TANG,Peng,8752,"Hong Kong, China"
315644.0,REDLI,Andras,8826,Hungary
316282.0,GANEV,Michail,15328,Bulgaria
316527.0,KARIMOVA,Sabina,8801,Azerbaijan
316560.0,YONG,Yvette,8765,Canada
316621.0,ABOUELKASSEM,Alaaeldin,15341,Egypt
316710.0,SAMANDI,Mohamed,14611,Tunisia
316786.0,MALKOV,Vladimir,12040,Russia
317064.0,NADAL,Rafael,11581,Spain
317128.0,COOK,Bianca,8809,Great Britain
317312.0,VAN HAASTER,Maximilien,15073,Canada
317392.0,KOBLOVA,Valeriia,194581,ROC
317392.0,KOBLOVA,Valeriia,14603,Russia
317409.0,DIMITROV,Grigor,13348,Bulgaria
317784.0,MELIAN,Alberto,10120,Argentina
317841.0,HEMMER,Nina,8785,Germany
317874.0,DING,Ning,10806,China
317993.0,BERIANIDZE,Levan,15962,Armenia
318164.0,MAMISHZADA,Elvin,11967,Azerbaijan
318166.0,BEN ALI,Rahma,10224,Tunisia
318253.0,RODRIGUEZ,John Edison,8794,Colombia
318302.0,SUKHOV,Pavel,194400,ROC
318302.0,SUKHOV,Pavel,10783,Russia
318380.0,TOLMOFF,Kati,14580,Estonia
318779.0,RINER,Teddy,11142,France
319172.0,PETECIO,Nesthy,11151,Philippines
319315.0,PESOTSKA,Margaryta,11140,Ukraine
319511.0,PESSOA,Sergio,11148,Canada
319606.0,BAGNIS,Facundo,17991,Argentina
319797.0,TRZEBINSKA,Ewa,8825,Poland
319846.0,LEAL PIÑA,Antonio Junior,9839,Venezuela
319965.0,NAVARRIA,Mara,9849,Italy
320081.0,SHIBAEV,Alexander,8772,Russia
320086.0,MATVIYCHUK,Volodymyr,12012,Ukraine
320391.0,MARZALIUK,Vasilisa,15935,Belarus
320400.0,DUTT,Yogeshwar,11175,India
320429.0,RAMONOV,Murat,15347,Kyrgyzstan
320597.0,KHINCHEGASHVILI,Vladimir,9405,Georgia
320945.0,SCHLESINGER,Alice,10201,Great Britain
320978.0,BANDARENKA,Vitali,15957,Belarus
321188.0,ZUPANCIC,Kelita,11148,Canada
321369.0,KRAKOVETSKII,Iurii,15976,Kyrgyzstan
321412.0,MADRID,Marcos,16629,Mexico
321596.0,WOZNIACKI,Caroline,10478,Denmark
321823.0,TOLEDO LOPEZ,Yasnier,10257,Cuba
321914.0,MITTELHAM,Nina,11110,Germany
322629.0,LAURELL NASH,Anna,11127,Sweden
322648.0,ARUTYUNYAN,Migran,9864,Armenia
322676.0,YAZDANI,Reza,11181,Iran
322707.0,RUS,Arantxa,11808,Netherlands
322718.0,PAIRE,Benoît,10472,France
323352.0,ALTO,Gaston,10782,Argentina
323385.0,BELYAKOVA,Anastasia,11969,Russia
323425.0,EMIGDIO,Elias,15952,Mexico
323590.0,AMARIS,Yadinys,15695,Colombia
323820.0,CRISAN,Adrian,10114,Romania
324019.0,KOU,Lei,11140,Ukraine
324153.0,MASUK,Wuttichai,10239,Thailand
324179.0,YAROMKA,Svitlana,11988,Ukraine
324521.0,ZHOU,Feng,12066,China
324549.0,KUZNETSOVA,Svetlana,10480,Russia
324592.0,KUZNETSOV,Andrey,10480,Russia
324679.0,KIM,Sungmin,11135,Republic of Korea
324895.0,BALAZOVA,Barbora,12036,Slovakia
324983.0,WATARI,Rio,8797,Japan
325084.0,BOUBAKRI,Ines,14611,Tunisia
325517.0,DEMIRTAS,Söner,15318,Türkiye
325632.0,KRAWCZYK,Katarzyna,10815,Poland
325799.0,WILLIAMS,Venus,13342,United States
325867.0,KARLSSON,Kristian,12023,Sweden
325977.0,MORET,Rachel,13028,Switzerland
325990.0,HUSEYNOV,Rafik,15944,Azerbaijan
325990.0,HUSEYNOV,Rafik,15306,Azerbaijan
326008.0,NEHWAL,Saina,12032,India
326011.0,CONLAN,Michael,8807,Ireland
326016.0,ABDURAKHMONOV,Mukhamadmurod,12968,Tajikistan
326161.0,CONCEIÇÃO,Robson,12407,Brazil
326900.0,BÜYÜKAKÇAY,Çagla,11582,Türkiye
326921.0,SUÁREZ,Carla,11581,Spain
327316.0,POSPISIL,Vasek,17462,Canada
327336.0,APITHY,Bolade,11154,France
327413.0,CHERNETSKI,Aleksander,12006,Ukraine
327916.0,BUTSENKO,Mykola,12012,Ukraine
327986.0,KUZIUTINA,Natalia,9846,Russia
327986.0,KUZIUTINA,Natalia,194292,ROC
328028.0,SAFAROV,Orkhan,8769,Azerbaijan
328098.0,MAESTRE,Gabriel,11966,Venezuela
328622.0,PRANNOY,H.S.,12032,India
328693.0,DOBREVA,Polina,8753,Bulgaria
328713.0,CICOGNINI,Jeanine,10068,Italy
328734.0,CHERNIAK,Maryna,11988,Ukraine
328831.0,SUN,Yanan,12066,China
328986.0,ALIMZHANOV,Elmir,10092,Kazakhstan
329025.0,MADSEN,Mark Overgård,11126,Denmark
329156.0,OTGONDALAI,Dorjnyambuu,12059,Mongolia
329592.0,PENALBER,Victor,11177,Brazil
330054.0,EGORIAN,Yana,10783,Russia
330566.0,NAULU,Josateki,11963,Fiji
330585.0,GVINIASHVILI,Beka,8808,Georgia
330958.0,KONKI,Elie,15333,France
330971.0,KINDZERSKA,Iryna,8769,Azerbaijan
331259.0,DE MORAIS ROCHEL,Tais,8803,Brazil
331306.0,PLÍŠKOVÁ,Karolína,17994,Czech Republic
331397.0,FERREIRA,Nicolas,8803,Brazil
331523.0,HAMOUT,Mohamed,12961,Morocco
331587.0,ENGLMAIER,Tobias,9851,Germany
331911.0,AOKI,Chika,8811,Japan
331978.0,SOUZA DA SILVA,Joice,12073,Brazil
332117.0,KRÄH,Mareen,9851,Germany
332311.0,MUDRANOV,Beslan,9846,Russia
332326.0,RISKE-AMRITRAJ,Alison,13342,United States
332591.0,WANG,Lumin,15355,China
332642.0,MALONGA,Madeleine,11142,France
332976.0,AVOLA,Giorgio,9849,Italy
333086.0,KNAPP,Karin,10477,Italy
333172.0,MASSIALAS,Alexander,12029,United States
333191.0,SHEMYAKINA,Yana,10689,Ukraine
333253.0,AGRESTA,Renzo,8803,Brazil
333407.0,SKACHKOV,Kirill,194579,ROC
333429.0,LOPEZ,Steven,12024,United States
333645.0,BERAN,Jiri,11972,Czech Republic
333656.0,NOROOZI,Omid,10244,Iran
333951.0,BARNES,Paddy,8807,Ireland
334049.0,JØRGENSEN,Jan,10223,Denmark
334213.0,DYACHENKO,Ekaterina,10783,Russia
334312.0,GALBADRAKH,Otgontsetseg,9850,Kazakhstan
334363.0,MESTRE,Dayaris,8790,Cuba
334393.0,ERRANI,Sara,10477,Italy
334455.0,FALCK,Mattias,12023,Sweden
334484.0,MAGOMEDOV,Islam,12963,Russia
334536.0,BACHMANN,Rabia,14595,Germany
334613.0,BJERREHUUS,Fredrik,17445,Denmark
334846.0,RAMOS,Joana,15979,Portugal
334965.0,BELENYUK,Zhan,12441,Ukraine
334965.0,BELENYUK,Zhan,12006,Ukraine
335043.0,FANETRI,Lindaweni,9830,Indonesia
335100.0,BOUZAID,Alexandre,10206,Senegal
335217.0,MOHAMED,Aida,8826,Hungary
335350.0,TINALIEV,Nurmakhan,10819,Kazakhstan
335359.0,BARRIOS,Anriquelis,10099,Venezuela
335376.0,DIYAS,Zarina,10486,Kazakhstan
335501.0,AKHMETOVA,Tatyana,11157,Kazakhstan
335516.0,MOGUSHKOV,Musa,194292,ROC
335644.0,LI,Yanan,12017,China
335880.0,HARTUNG,Max,11960,Germany
336231.0,SZÁSZ-KOVÁCS,Emese,8826,Hungary
336335.0,GAO,Ning,10693,Singapore
336949.0,KOROBEYNIKOVA,Larisa,194400,ROC
336959.0,CHEN,Long,15967,China
337397.0,BERMUDEZ,Patricia,12052,Argentina
337437.0,CARREÑO,Pablo,11581,Spain
337758.0,BAZADZE,Sandro,14614,Georgia
337849.0,SALAMANA,Wessam,194289,Refugee Olympic Team
337922.0,AYARI,Hela,12018,Tunisia
338266.0,TOMLJANOVIC,Ajla,10475,Australia
338468.0,NATEA,Daniel,15311,Romania
338495.0,DYJAS,Jakub,10102,Poland
338612.0,GANZORIG,Mandakhnaran,8817,Mongolia
338667.0,TRABELSI,Yassine,10224,Tunisia
338728.0,DASHDAVAA,Amartuvshin,12416,Mongolia
338753.0,JERENT,Daniel,11154,France
338771.0,NOSKOVA,Yana,194579,ROC
338970.0,ZAMBOTTI,Vanessa,16588,Mexico
339178.0,CHEN,Meng,10806,China
339236.0,LU,Yen-Hsun,11585,Chinese Taipei
339299.0,ZIELINSKI,Damian,91481,Poland
339401.0,COSTA,Rayssa,8803,Brazil
339781.0,RADWANSKA,Agnieszka,12241,Poland
339949.0,FRANSSON,Jenny,15942,Sweden
339999.0,SOBIROV,Rishod,14612,Uzbekistan
340152.0,OKRUASHVILI,Adam,8808,Georgia
340434.0,GÓMEZ,Laura,8771,Spain
340611.0,LUCENTI,Emmanuel,12010,Argentina
340687.0,MUNKHBAT,Urantsetseg,12416,Mongolia
340753.0,PHILLIP,Njisane,92733,Trinidad & Tobago
341441.0,MARTIN-PORTUGUES,Lucia,11942,Spain
341603.0,GONZÁLEZ BONILLA,Joel,9863,Spain
341609.0,WARUI,Peter Mungai,11174,Kenya
341618.0,GHERMAN,Simona,15955,Romania
342244.0,MOREIRA,Antonia,12996,Angola
342273.0,LI,Qian,10102,Poland
342333.0,STADNIK,Maria,15306,Azerbaijan
342543.0,JURAEV,Sherali,14612,Uzbekistan
342591.0,LEBESSON,Emmanuel,11120,France
342640.0,OZDOBA-BLACH,Agata,11166,Poland
342681.0,SIPAL,Onder,12437,Türkiye
342822.0,BARYSHNIKOVA,Anastasia,10211,Russia
342946.0,OQUENDO,Carlos Mario,97795,Colombia
343189.0,VECCHI,Irene,9849,Italy
343191.0,VIVARELLI,Debora,8782,Italy
343416.0,LIEN,Chen-Ling,15337,Chinese Taipei
343563.0,N'DAM N'JIKAM,Hassan,10248,Cameroon
343585.0,JAQUET,Sabrina,8815,Switzerland
343613.0,YOON,Hyunji,11135,Republic of Korea
343671.0,DE NUTTE,Sarah,8804,Luxembourg
343679.0,XU,Anqi,14577,China
343920.0,XIAO,María,8758,Spain
344072.0,BELJAJEVA,Julia,10077,Estonia
344195.0,MUGURUZA,Garbiñe,11581,Spain
344270.0,PIRONKOVA,Tsvetana,13348,Bulgaria
344468.0,BABAMURATOVA,Gulbadam,15313,Turkmenistan
344824.0,SIEGEMUND,Laura,10473,Germany
344840.0,GHASEMI,Komeil,11181,Iran
344859.0,FONTIJN,Nouchka,15965,Netherlands
345143.0,LORENZI,Paolo,10477,Italy
345156.0,DRABIK,Sandra,9410,Poland
345238.0,ZANINOVIC,Lucija,10106,Croatia
345321.0,SKRYPNIK,Darya,9829,Belarus
345485.0,MARTIN,Andrej,17468,Slovakia
345571.0,LI,Jie,10115,Netherlands
345584.0,SON,Wan-Ho,10075,Republic of Korea
345600.0,SAHIN,Hafize,15318,Türkiye
345627.0,PERMINOVA,Natalya,12040,Russia
345813.0,PROKOPTSOV,Dimitry,14572,Czech Republic
345999.0,LIPARTELIANI,Varlam,8808,Georgia
346199.0,EMANE,Gévrise,11142,France
346275.0,DI FRANCISCA,Elisa,9849,Italy
346419.0,TRSTENJAK,Tina,11939,Slovenia
346538.0,BOZBAYEV,Islam,9850,Kazakhstan
346749.0,NGUYEN,Thi Lua,12408,Vietnam
346813.0,ZAMKOVOY,Andrey,194291,ROC
346813.0,ZAMKOVOY,Andrey,11969,Russia
346892.0,VENCKAITIS,Edgaras,11117,Lithuania
346904.0,ZHANG,Lily,12402,United States
346916.0,JEONG,Bo Kyeong,11135,Republic of Korea
347453.0,CORDÓN,Kevin,10825,Guatemala
347638.0,DOLNICEANU,Tiberiu,15955,Romania
347671.0,DYCHKO,Ivan,10218,Kazakhstan
347672.0,KJÆRSFELDT,Line,10223,Denmark
347817.0,JAKUBOWSKI,Igor,9410,Poland
347905.0,SARNACKI,Maciej,11166,Poland
348266.0,ADAMS,Nicola,10820,Great Britain
348296.0,JOZWIAK,Bogna,8825,Poland
348471.0,MALLOY,Marti,14607,United States
348748.0,HRADECKÁ,Lucie,17994,Czech Republic
348788.0,KIM,Seong-Yeon,11135,Republic of Korea
348931.0,OUSEPH,Rajiv,11153,Great Britain
349041.0,SHIKHALIZADA,Nijat,8769,Azerbaijan
349066.0,OVINOU,Raymond,12994,Papua New Guinea
349194.0,SHAH,Hussain,11616,Pakistan
349301.0,LAJOVIC,Dušan,18207,Serbia
349378.0,LAMBDIN,Stephen,12024,United States
349432.0,VLASOV,Roman,12963,Russia
349530.0,SOGHOMONYAN,Eduard,11171,Brazil
349530.0,SOGHOMONYAN,Eduard,12073,Brazil
349677.0,ESHIMOVA-TURTBAYEVA,Jyldyz,11157,Kazakhstan
349730.0,OKUHARA,Nozomi,9835,Japan
349751.0,ILIEVA,Ivelina,11943,Bulgaria
349775.0,KUMCHEV,Dimitar,15328,Bulgaria
349998.0,HEO,Jun,15947,Republic of Korea
350115.0,SAMSONOV,Vladimir,11932,Belarus
350227.0,ZHANG,Jike,10806,China
350340.0,CARSTENS,Carolena,11095,Panama
350425.0,TOKIC,Bojan,15055,Slovenia
350814.0,YILDIRIM,Rukiye,11133,Türkiye
350903.0,BACHKOV,Hovhannes,10785,Armenia
351225.0,WAHEED,Abdulridha,9431,Iraq
351252.0,LE PECHOUX,Erwann,11154,France
351341.0,DUMINICA,Valeriu,8793,Moldova
351533.0,JANCARIK,Lubomir,14572,Czech Republic
351538.0,ÁLVAREZ,Lázaro,10257,Cuba
351619.0,SCHNAASE,Karin,11143,Germany
351695.0,GOFFIN,David,17998,Belgium
351702.0,LINETTE,Magda,12241,Poland
351881.0,LLAVADOR,Carlos,11942,Spain
351905.0,MIZUTANI,Jun,11940,Japan
351939.0,CHUANG,Chia-Chia,11986,Chinese Taipei
352118.0,SELMAIER,Maria,8785,Germany
352148.0,UNTERWURZACHER,Kathrin,12037,Austria
352190.0,YELEUSSINOV,Daniyar,10218,Kazakhstan
352252.0,BOREL,Yannick,11154,France
352595.0,AKGÜL,Taha,15318,Türkiye
352622.0,KWEON,Young Jun,15947,Republic of Korea
352627.0,SLUTSKAYA,Maryna,9829,Belarus
352745.0,UNGVÁRI,Miklós,11982,Hungary
352797.0,STRÝCOVÁ,Barbora,17994,Czech Republic
352948.0,IONESCU,Ovidiu,10114,Romania
353014.0,BOLL,Timo,11110,Germany
353116.0,STEFANEK,Davor,13922,Serbia
353197.0,ULZIIBAYAR,Duurenbayar,12416,Mongolia
353284.0,DECSI,Tamas,8826,Hungary
353394.0,PAISCHER,Ludwig,12037,Austria
353754.0,VERHAGEN,Sanne,8805,Netherlands
353793.0,KAYA,Mustafa,15318,Türkiye
353804.0,COULIBALY,Ismaël,12153,Mali
353954.0,GAROZZO,Enrico,9849,Italy
354177.0,YU,Mengyu,10693,Singapore
354207.0,MA,Jianfei,14577,China
354269.0,WOZNIAK,Dagmara,12029,United States
354625.0,MARTON,Anna,8826,Hungary
354637.0,ARUNA,Quadri,10685,Nigeria
354793.0,HURLEY,Courtney,12029,United States
354929.0,SZÖGEDI,Szandra,9438,Ghana
354987.0,FUCSOVICS,Márton,12654,Hungary
355018.0,DOI,Misaki,12655,Japan
355156.0,GACINA,Andrej,11109,Croatia
355174.0,VELIKAIA,Sophia,194400,ROC
355174.0,VELIKAIA,Sophia,10783,Russia
355232.0,AXELSEN,Viktor,10223,Denmark
355411.0,LEVERDEZ,Brice,14571,France
355495.0,NAKAMURA,Misato,10786,Japan
355509.0,ASSAR,Omar,15972,Egypt
355528.0,MAMMADOV,Teymur,11967,Azerbaijan
355558.0,HARCSA,Zoltan,12041,Hungary
355858.0,ESPINOSA,Maricet,8790,Cuba
356144.0,DUQUE,Mariana,12235,Colombia
356285.0,LOVAS,Petra,11970,Hungary
356515.0,SHARIFOV,Sharif,15306,Azerbaijan
356537.0,POLOSSIFAKIS,Joseph,15073,Canada
356760.0,LEMBACH,Charlotte,11154,France
357029.0,MATA,Jayme,9440,Aruba
357185.0,ARIN,Neslihan,12442,Türkiye
357362.0,WU,Jingyu,11984,China
357566.0,CHADI,Abdelkader,8778,Algeria
357609.0,GROTH,Jonathan,15076,Denmark
357974.0,GABASHVILI,Teymuraz,10480,Russia
357986.0,MARTINEZ,Fernando,10120,Argentina
358077.0,KRPÁLEK,Lukáš,9857,Czech Republic
358187.0,SAFARYAN,David,15962,Armenia
358219.0,SHEN,Yanfei,8758,Spain
358508.0,RUENROENG,Amnat,10239,Thailand
358516.0,ILIADIS,Ilias,12021,Greece
358542.0,AMRI,Maroua,11168,Tunisia
358867.0,BENCHABLA,Abdelhafid,8778,Algeria
358890.0,MATKOWSKA-SADOWSKA,Iwona,10815,Poland
358921.0,YEATS-BROWN,Katie-Jemima,10201,Great Britain
359176.0,DARWISH,Ramadan,10073,Egypt
373305.0,AVERIN,Maxim,105587,Azerbaijan
376408.0,NIYONSHUTI,Adrien,102363,Rwanda
377191.0,SANTESTEBAN,Ane,95650,Spain
377870.0,VALGREN,Michael,95914,Denmark
378001.0,BYSTRØM,Sven Erik,95919,Norway
378367.0,MEINTJES,Louis,95044,South Africa
378404.0,REICHENBACH,Sébastien,95642,Switzerland
378656.0,WAIS,Badreddin,195189,Refugee Olympic Team
379182.0,RI,Myong Sun,15327,DPR Korea
379399.0,CHEW,Zhe Yu Clarence,10693,Singapore
379484.0,STARCEVIC,Bozo,16002,Croatia
379484.0,STARCEVIC,Bozo,11569,Croatia
379571.0,LÖRINCZ,Viktor,15953,Hungary
379571.0,LÖRINCZ,Viktor,10255,Hungary
379808.0,MARGELIDON,Arthur,11148,Canada
379810.0,BEAUCHEMIN-PINARD,Catherine,11148,Canada
379817.0,WANDTKE,Igor,9851,Germany
379867.0,BECK,Annika,10473,Germany
380061.0,PORTUONDO ISASI,Ana Laura,11148,Canada
380085.0,BOUCHARD,Antoine,11148,Canada
380091.0,NARVAEZ,Gabriela,12998,Paraguay
380269.0,MAZOUZ,Sarah Myriam,12033,Gabon
380390.0,PRECIADO,Lenin,11961,Ecuador
380456.0,USTOPIRIYON,Komronshokh,12968,Tajikistan
380500.0,DIAS,Célio,15979,Portugal
380711.0,STRUFF,Jan-Lennard,10473,Germany
380817.0,IBRAGIMOV,Magomed,12967,Uzbekistan
380967.0,CHALA,Vanessa,11961,Ecuador
380968.0,SOLIS,Jacqueline,12460,Guatemala
380982.0,VOLPI,Alice,9849,Italy
380984.0,ELKAWISAH,Mohamed,10849,Libya
381097.0,HERMANSSON,Mia,11130,Sweden
381118.0,SANCHO,Ian,11614,Costa Rica
381120.0,DAVID,Cergia,9443,Honduras
381210.0,BROADY,Liam,17986,Great Britain
381329.0,VAN 'T END,Noël,8805,Netherlands
381364.0,LE BLOUCH,Kilian,11142,France
381368.0,FREY,Karl-Richard,9851,Germany
381375.0,GARCIA,Estefania,11961,Ecuador
381492.0,TURCIOS,Juan Diego,11021,El Salvador
381821.0,COHEN,Gili,11985,Israel
381822.0,POWELL,Natalie,10201,Great Britain
381823.0,SANAYEV,Nurislam,11157,Kazakhstan
381831.0,DUBOV,Vladimir,15328,Bulgaria
381834.0,IAKOBISHVILI,Zurabi,9405,Georgia
381896.0,PAKENYTE,Santa,15945,Lithuania
381910.0,FAZZARI,Michelle,10824,Canada
381921.0,TAKATANI,Sohsuke,8797,Japan
381968.0,ODIKADZE,Elizbar,9405,Georgia
382010.0,BRICEÑO,Thomas,11172,Chile
382041.0,TIMO,Bárbara,15979,Portugal
382045.0,TAKABATAKE,Eric,11177,Brazil
382074.0,APRAHAMIAN,Alain,10854,Uruguay
382497.0,PETERSON,Rebecca,17463,Sweden
382724.0,WANG,Eugene,9866,Canada
382743.0,SHING,Yoshua,9473,Vanuatu
382749.0,LI,Xue,11120,France
382767.0,VOGT,Stephanie,17996,Liechtenstein
382775.0,SHAHSAVARI,Neda,15342,Iran
382793.0,DENISENKO,Alexey,10211,Russia
382794.0,MUÑOZ,Oscar,10225,Colombia
382799.0,KUMAHARA,Luca,14615,Brazil
382804.0,HANFFOU,Sarah,13033,Cameroon
382814.0,MUHAMMAD,Lutalo,8809,Great Britain
382841.0,MALAK WAHBA,Hedaya,11971,Egypt
382842.0,GIRON,Marcos,13342,United States
383334.0,CAPPAI,Manuel,9867,Italy
383353.0,DELGADO SUAREZ,Marlo,15384,Ecuador
383358.0,NJANGIRU,Benson,11174,Kenya
383365.0,ZOUAK,Rizlen,12056,Morocco
383372.0,CINTRON OCASIO,Jeyvier,12026,Puerto Rico
383381.0,SHIELDS,Claressa,12035,United States
383454.0,THIBUS,Ysaora,11154,France
383455.0,BLAZE,Anita,11154,France
383461.0,LEGENTIL,Christianne,8812,Mauritius
383493.0,TETTEH,Sulemanu,10226,Ghana
383503.0,HMANGTE,Mary Kom,15995,India
383521.0,ARAUJO,Adriana,12407,Brazil
383541.0,HENRIQUES NETO,Julião,12407,Brazil
383785.0,WANG,Qiang,14007,China
383791.0,SVITOLINA,Elina,12645,Ukraine
383889.0,YUN,Won Chol,12400,DPR Korea
383909.0,PROVISOR,Benjamin Errol,11112,United States
384063.0,AKHLAGHI,Habibollah,10244,Iran
384064.0,BENAISSA,Tarek Aziz,11113,Algeria
384065.0,ABDULLAEV,Muminjon,10107,Uzbekistan
384065.0,ABDULLAEV,Muminjon,12967,Uzbekistan
384066.0,CHEBBI,Radhouane,11168,Tunisia
384110.0,CORTINA LACERRA,Javier,12406,Cuba
384112.0,ORGODOL,Uitumen,8817,Mongolia
384113.0,KVYATKOVSKYY,Andriy,12441,Ukraine
384115.0,BONNE RODRIGUEZ,Yowlys,12406,Cuba
384117.0,MUSAEV,Magomed,12072,Kyrgyzstan
384847.0,FREILICH,Yuval,11978,Israel
385412.0,PELLA,Guido,17991,Argentina
385423.0,GWAK,Dong Han,11135,Republic of Korea
385450.0,DORJKHAND,Khuderbulga,8817,Mongolia
385482.0,DEMIRHAN,Evin,15318,Türkiye
385494.0,BASAR,Enes,15984,Türkiye
385495.0,PENG,Fei,15355,China
385495.0,PENG,Fei,12066,China
385500.0,MUSZUKAJEV,Iszmail,15953,Hungary
385512.0,NUROV,Magomedgadzhi,10232,North Macedonia
385520.0,KUKHTA HERHEL,Oksana,12441,Ukraine
385526.0,THIELKE,Jesse,11112,United States
385528.0,CHALYAN,Karapet,15962,Armenia
385542.0,KIT,Tetyana,12441,Ukraine
385546.0,CHEN,Wen-Ling,12071,Chinese Taipei
385547.0,ZHONG,Xuechun,12066,China
385555.0,OTA,Shinobu,15970,Japan
385575.0,PUREVDORJ,Orkhon,8817,Mongolia
385582.0,PUNIA,Bajrang,11175,India
385600.0,YEATS,Dorothy,10824,Canada
385603.0,PETRIASHVILI,Geno,9405,Georgia
385610.0,MEJÍA CASTILLO,Kevin,17977,Honduras
385613.0,LARIONOVA,Yekaterina,11157,Kazakhstan
385627.0,HRISTOVA,Mimi,15328,Bulgaria
385630.0,KOBLIASHVILI,Robert,12960,Georgia
385631.0,KAJAIA,Iakobi,9405,Georgia
385631.0,KAJAIA,Iakobi,12960,Georgia
385712.0,VEKIC,Donna,11818,Croatia
385903.0,OHORI,Aya,9835,Japan
385904.0,YAMAGUCHI,Akane,9835,Japan
385989.0,ALLERSTORFER,Daniel,12037,Austria
385992.0,GIUFFRIDA,Odette,10221,Italy
386046.0,DABONNE,Zouleiha,15988,Côte d'Ivoire
386057.0,MBALLA ATANGANA,Hortence Vanessa,10799,Cameroon
386074.0,SALLES,Laura,11613,Andorra
386090.0,KHATRI,Phupu Lhamu,11619,Nepal
386098.0,NIKOLOSKA,Katerina,15707,North Macedonia
386229.0,LOKMANHEKIM,Dilara,11164,Türkiye
386365.0,LEHIS,Katrina,10077,Estonia
386416.0,BENCIC,Belinda,10479,Switzerland
386428.0,CALJOUW,Mark,14585,Netherlands
386651.0,KAWAI,Risako,8797,Japan
386652.0,TOSAKA,Eri,8797,Japan
386663.0,MALIK,Sakshi,11175,India
386666.0,MINAGAWA,Hiroe,8797,Japan
386707.0,JEON,Hyuk-Jin,10075,Republic of Korea
386754.0,ROTH,Fabian,11143,Germany
386757.0,HEO,Kwang-Hee,10075,Republic of Korea
386792.0,NIKIFORENKO,Arturs,12069,Latvia
386793.0,UROZBOEV,Diyorbek,14612,Uzbekistan
386795.0,KHUBETSOV,Alan,194292,ROC
386813.0,KURBONOV,Soyib,14612,Uzbekistan
386978.0,COUGHLAN,Eoin,11128,Australia
386982.0,BENSTED,Jake,11128,Australia
386985.0,COUGHLAN,Aoife,11128,Australia
386989.0,SUA,Derek,16587,Samoa
386992.0,KATZ,Nathan,11128,Australia
387171.0,MATSUYAMA,Kyosuke,8811,Japan
387176.0,KIDAMBI,Srikanth,12032,India
387177.0,GAROZZO,Daniele,9849,Italy
387194.0,REYES,Kyle,11148,Canada
387228.0,YOSHIDA,Tsukasa,10786,Japan
387243.0,HAN,Heeju,11135,Republic of Korea
387252.0,ARAI,Chizuru,10786,Japan
387283.0,PARK,Da Sol,11135,Republic of Korea
387337.0,BISEK,Andrew,11112,United States
387338.0,PEREZ MORA,Luillys,15998,Venezuela
387811.0,ITO,Mima,11940,Japan
387820.0,ISHIY,Vitor,14615,Brazil
387821.0,AL-KASBEH,Obada,10841,Jordan
387839.0,NYIKA,David,15978,New Zealand
387845.0,ABDURAIMOV,Elnur,10259,Uzbekistan
387851.0,KHYZHNIAK,Oleksandr,12012,Ukraine
387902.0,BIYARSLANOV,Artur,11980,Canada
387925.0,STANIONIS,Eimantas,12409,Lithuania
387929.0,YU,Fengkai,10228,China
387936.0,VIANELLO,Guido,9867,Italy
387943.0,IASHAISH,Hussein,10841,Jordan
387956.0,KELLY,Joshua,10820,Great Britain
387980.0,KORBAJ,Nalek Rachid,11966,Venezuela
387991.0,BAGIROV,Parviz,11967,Azerbaijan
388040.0,LAM,Siu Hang,8752,"Hong Kong, China"
388043.0,FAN,Zhendong,10806,China
388046.0,JANG,Woojin,10094,Republic of Korea
388048.0,MUKHERJEE,Sutirtha,10687,India
388070.0,DARCHINYAN,Arman,10785,Armenia
388072.0,LV,Bin,10228,China
388074.0,CRUZ,Andy,10257,Cuba
388089.0,TEIXEIRA,Joedison,12407,Brazil
388126.0,SHAN,Jun,10228,China
388136.0,KISTOHURRY,Samuel,15333,France
388137.0,OUMIHA,Sofiane,15333,France
388146.0,WALKER,Kurt,8807,Ireland
388156.0,CURIEL GARCIA,Raul,15952,Mexico
388176.0,AKHMADALIYEV,Muradzhon,10259,Uzbekistan
388213.0,CALDERANO,Hugo,14615,Brazil
388221.0,MCCORMACK,Pat,10820,Great Britain
388223.0,MARCIAL,Eumir,11151,Philippines
388226.0,HAM,Sang-Myeong,12413,Republic of Korea
388232.0,CAVALLARO,Salvatore,9867,Italy
388354.0,KOKKINAKIS,Thanasi,10475,Australia
388363.0,SCHMIEDLOVÁ,Anna Karolína,17468,Slovakia
388851.0,JELINSKA,Martyna,8825,Poland
388910.0,JARRY,Nicolás,12648,Chile
388915.0,SCHWARTZMAN,Diego,17991,Argentina
389088.0,KRAUSZ,Gergely,10069,Hungary
389097.0,KUUBA,Kristin,14580,Estonia
389105.0,AZURMENDI,Clara,12404,Spain
389120.0,SÁROSI,Laura,10069,Hungary
389166.0,REPISKÁ,Martina,8762,Slovakia
389465.0,EVLOEV,Musa,194581,ROC
389469.0,ALEKSANDROV,Daniel,15349,Bulgaria
389474.0,CHEKHIRKIN,Aleksandr,194581,ROC
389500.0,STONE,Anne-Elizabeth,12029,United States
389705.0,HADDAD MAIA,Beatriz,11820,Brazil
389707.0,PIGOSSI,Laura,11820,Brazil
389725.0,GLASNOVIC,Nikita,8819,Sweden
389782.0,NAVARRO,Carlos,10091,Mexico
389828.0,GÜLEC,Tahir,14595,Germany
389879.0,KUS,Nafia,11133,Türkiye
389946.0,ODENTHAL,Marc,9851,Germany
389955.0,KURACHKINA,Iryna,15935,Belarus
389957.0,PHOGAT,Vinesh,11175,India
389971.0,MIAN,Jasmine,10824,Canada
390656.0,MAMASHUK,Maria,15935,Belarus
390679.0,TOSUN CAVUSOGLU,Buse,15318,Türkiye
390684.0,BARAN,Robert,10815,Poland
390698.0,RODRIGUEZ,Elvismar,10099,Venezuela
390754.0,NIEMESCH,Luisa,8785,Germany
390760.0,FIGUEROA,Freddy,11961,Ecuador
390789.0,APRAHAMIAN,Pablo,10854,Uruguay
390795.0,FRIEV,Taymuraz,10087,Spain
390926.0,KONTAVEIT,Anett,12646,Estonia
390927.0,SINIAKOVÁ,Katerina,17994,Czech Republic
390949.0,FRECH,Magdalena,12241,Poland
391168.0,GERCSÁK,Szabina,11982,Hungary
391172.0,CARBALLÉS,Roberto,11581,Spain
391175.0,CENTURION,Marta,8803,Brazil
391176.0,MITU,Andreea,17475,Romania
391552.0,BASHTA,Anna,8801,Azerbaijan
391577.0,DOLGIKH,Maria,8772,Russia
391599.0,SAWETTABUT,Suthasini,9833,Thailand
391601.0,WONG,Chun Ting,8752,"Hong Kong, China"
391602.0,ALAMIAN,Nima,15342,Iran
391607.0,GERASSIMENKO,Kirill,10070,Kazakhstan
391608.0,ARVELO,Gremlis,15058,Venezuela
391626.0,TANVIRIYAVECHAKUL,Padasak,9833,Thailand
391668.0,SUH,Hyo Won,10094,Republic of Korea
391711.0,POP,Simona,15955,Romania
391727.0,NGUYEN,Thuy Linh,15370,Vietnam
391763.0,YOON,Jisu,15947,Republic of Korea
391833.0,SMYTHE-DAVIS,Nekoda,10201,Great Britain
391836.0,IARTCEV,Denis,9846,Russia
391979.0,AVAGYAN,Aram,10785,Armenia
391982.0,HARUTYUNYAN,Artem,11160,Germany
391991.0,JOYCE,Joseph,10820,Great Britain
392009.0,KASTRAMIN,Pavel,15957,Belarus
392012.0,SISSOKHO NDIAYE,Youba,12428,Spain
392030.0,NIKITIN,Vladimir,11969,Russia
392034.0,FOWLER,Anthony,10820,Great Britain
392071.0,EDMUND,Kyle,17986,Great Britain
392073.0,BAŠIC,Mirza,12244,Bosnia & Herzegovina
392092.0,BOUDIAF,Saoussen,10690,Algeria
392097.0,KOMASHCHUK,Alina,10689,Ukraine
392099.0,FRIEDSAM,Anna-Lena,10473,Germany
392106.0,ANOKHIN,Vadim,10783,Russia
392886.0,KREJCÍKOVÁ,Barbora,17994,Czech Republic
392888.0,BOULTER,Katie,17986,Great Britain
392892.0,NISHIOKA,Yoshihito,12655,Japan
392893.0,CORIC,Borna,11818,Croatia
392899.0,OSTAPENKO,Jelena,17473,Latvia
392910.0,FERRO,Fiona,10472,France
392911.0,MERTENS,Elise,17998,Belgium
392914.0,MARTERER,Maximilian,10473,Germany
392922.0,KONJUH,Ana,11818,Croatia
392926.0,KHACHANOV,Karen,194622,ROC
392952.0,ZVEREV,Alexander,10473,Germany
392972.0,MAJCHRZAK,Kamil,12241,Poland
392981.0,STOJANOVIC,Nina,18207,Serbia
392986.0,MEDVEDEV,Daniil,194622,ROC
392986.0,MEDVEDEV,Daniil,232999,Individual Neutral Athlete
393005.0,ESTRADA,Magdiel,8790,Cuba
393017.0,KOVINIC,Danka,12387,Montenegro
393054.0,MORALES,Ignacio,9827,Chile
393059.0,YAMADA,Miyu,10118,Japan
393077.0,ABDELSALAM,Nour,11971,Egypt
393081.0,GAUN,Albert,10211,Russia
393089.0,ZAKI,Ghofran,11971,Egypt
393117.0,ISSOUFOU ALFAGA,Abdoulrazak,10229,Niger
393169.0,MARDANI,Sajjad,8775,Iran
393174.0,SHOKIN,Dmitriy,9852,Uzbekistan
393204.0,TANG SING,Iris,15331,Brazil
393227.0,CONTRERAS TRIANA,Edgar Jesus,11954,Venezuela
393234.0,ABAKAROVA,Patimat,9826,Azerbaijan
393235.0,SILLA,Arman-Marshall,15326,Belarus
393261.0,KHODABAKHSHI,Mahdi,8775,Iran
393262.0,N’DIAYE,M’bar,10215,France
393263.0,ISAEV,Radik,9826,Azerbaijan
393398.0,MARTON,Jack,8776,Australia
393412.0,GUZMÁN,Lucas,14573,Argentina
393413.0,ALBA CASTILLO,Rafael,9840,Cuba
393443.0,ÁVILA,Keyla,11329,Honduras
393452.0,KELEKU LUKUSA,Rosa,15767,DR Congo
393469.0,RODRIGUEZ,Katherine,9876,Dominican Republic
393516.0,ACHAB,Jaouad,10692,Belgium
393553.0,PUREVJAV,Temuujin,9897,Mongolia
393574.0,CALVO GÓMEZ,Eva,9863,Spain
393595.0,OUESLATI,Oussama,10224,Tunisia
393601.0,QIAO,Sen,11984,China
393624.0,AL-SADEQ,Julyana,11108,Jordan
393678.0,VASCONCELOS DOS SANTOS,Julia,15331,Brazil
394240.0,KRAVATSKA,Olena,10689,Ukraine
394296.0,DERSHWITZ,Eli,12029,United States
394297.0,BERRE,Enrico,9849,Italy
394298.0,GORDON,Shaul,15073,Canada
394299.0,VU,Thanh An,12931,Vietnam
394301.0,HARVEY,Eleanor,15073,Canada
394303.0,KARAMETE,Irem,10098,Türkiye
394309.0,GIMENEZ,Isis,9839,Venezuela
394310.0,TEODOSIU,Iulian,15955,Romania
394311.0,BEZHURA,Dzhoan Feybi,10689,Ukraine
394319.0,LYCZBINSKA,Hanna,8825,Poland
394322.0,GUERRERO,Osleni,10834,Cuba
394327.0,SAUER,Anne,11960,Germany
394329.0,SZABO,Matyas,11960,Germany
394331.0,SUN,Wei,14577,China
394332.0,IBRAGIMOV,Kamil,194400,ROC
394333.0,FOO KUNE,Kate,12964,Mauritius
394334.0,REMBI,Lauren,11154,France
394337.0,SZATMARI,Andras,8826,Hungary
394338.0,HOLMES,Katharine,12029,United States
394340.0,BLAIS-BELANGER,Marc-Antoine,15073,Canada
394344.0,TOLEDO AMES,Julieta Isabel,10093,Mexico
394350.0,QIAN,Jiarui,14577,China
394864.0,LABORDE,Maria,14607,United States
394867.0,NIANG,Assmaa,12056,Morocco
394870.0,CIRJENICS,Miklos,11982,Hungary
394872.0,BANGOURA,Mamadama,12990,Guinea
394874.0,TAYEB,Mohammed Amine,14605,Algeria
394904.0,MAHIT,Joe,9444,Vanuatu
394920.0,ABU RMILAH,Wesam,11612,Palestine
394980.0,FONSECA,Jorge,15979,Portugal
395015.0,ZOURDANI,Houd,14605,Algeria
395039.0,NAKANO,Kodo,10851,Philippines
395070.0,MICHEL,Martin,10846,Bolivia
395259.0,SAMARDZIC,Aleksandra,9394,Bosnia & Herzegovina
395319.0,MISENGA,Popole,62303,Refugee Olympic Team
395398.0,MATEO,Wander,11020,Dominican Republic
395411.0,GOUMAR,Ahmed,12471,Niger
395413.0,KHALAF,Ibrahim,10850,Jordan
395483.0,RATIARISON,Asaramanitra,11023,Madagascar
395902.0,LOH,Kean Yew,15971,Singapore
395905.0,WANG,Tzu Wei,14594,Chinese Taipei
396275.0,KARATSEV,Aslan,194622,ROC
396407.0,MAKARASHVILI,Jakob,9405,Georgia
396419.0,LACHINAU,Asadulla,15935,Belarus
396425.0,LAWRENCE,Jayden,9843,Australia
396448.0,NISHIMOTO,Kenta,9835,Japan
396494.0,CHRISTIE,Jonatan,9830,Indonesia
396918.0,LI,Fen,12023,Sweden
396919.0,YU,Fu,8751,Portugal
396920.0,SHAN,Xiaona,11110,Germany
396921.0,LI,Ahmet,12030,Türkiye
396922.0,HAN,Ying,11110,Germany
397216.0,TULAGANOV,Rustam,10259,Uzbekistan
397229.0,OCHOLA,Elly,11174,Kenya
397248.0,RABII,Mohammed,12961,Morocco
397252.0,CHALABIYEV,Javid,11967,Azerbaijan
397255.0,MICHEL,Serge,11160,Germany
397262.0,YERALIYEV,Kairat,10218,Kazakhstan
397271.0,TISHCHENKO,Evgeny,11969,Russia
397276.0,LEWIS,Daniel,11102,Australia
397279.0,LOURENÇO,Patrick,12407,Brazil
397281.0,GONCALVES NOGUEIRA,Juan,12407,Brazil
397322.0,DEMIREZEN,Ali,12437,Türkiye
397334.0,DUSMATOV,Hasanboy,10259,Uzbekistan
397344.0,DELGADO,Lindolfo,15952,Mexico
397396.0,ABDRAKHMANOV,Berik,10218,Kazakhstan
397416.0,NARIMATSU,Daisuke,9868,Japan
397427.0,WHATELEY,Jason,11102,Australia
397429.0,GANKHUYAG,Gan-Erdene,12059,Mongolia
397436.0,SAAVEDRA,Endry,11966,Venezuela
397441.0,KUMAR,Satish,15995,India
397442.0,ACHILOV,Arslanbek,15693,Turkmenistan
397443.0,BENBAZIZ,Reda,8778,Algeria
397447.0,OH,Yeon-Ji,12413,Republic of Korea
397457.0,RANI,Pooja,15995,India
397478.0,ONGARE,Christine,11174,Kenya
397486.0,SANCHEZ,Dayana Erika,10120,Argentina
397488.0,BANDEIRA,Andreia,12407,Brazil
397496.0,HAMADOUCHE,Maiva,15333,France
397512.0,EZ ZAHRAOUI,Zohra,12961,Morocco
397514.0,MAYER,Mikaela,12035,United States
397521.0,KYZAIBAY,Nazym,10218,Kazakhstan
397523.0,RAKSAT,Chuthamat,10239,Thailand
397527.0,LIN,Yuting,12450,Chinese Taipei
397557.0,NICOLSON,Skye,11102,Australia
397558.0,HLIMI,Khouloud,15068,Tunisia
397588.0,DA SILVA,Myriam,11980,Canada
397700.0,MOSSELY,Estelle,15333,France
397702.0,POTKONEN,Mira,15939,Finland
397704.0,BUJOLD,Mandy,11980,Canada
397710.0,WATTS,Shelley,11102,Australia
397715.0,VALENCIA,Ingrid,10104,Colombia
397898.0,JOROVIC,Ivana,18207,Serbia
398030.0,HE,Bingjiao,15967,China
398224.0,BOLTUKAEV,Anzor,14603,Russia
398226.0,ERDENECHIMEG,Sumiya,8817,Mongolia
398229.0,DE OLIVEIRA,Gilda Maria,12073,Brazil
398269.0,GÜN,Bedia,15318,Türkiye
398386.0,KAKHIDZE,Aslan,11157,Kazakhstan
398419.0,NOVACHKOV,Borislav,15328,Bulgaria
398671.0,JARVIS,Korey,10824,Canada
398686.0,OLAYA,Andrea,10250,Colombia
398738.0,NUNES DE OLIVEIRA,Lais,12073,Brazil
398739.0,PEREZ SOSA,Luis,10784,Dominican Republic
399287.0,HO,Tin-Tin,15307,Great Britain
399478.0,AIT EL ABDIA,Anass,99387,Morocco
399490.0,LAPORTE,Christophe,105584,France
399538.0,WOODS,Michael,105592,Canada
399548.0,KUDUS,Merhawi,98869,Eritrea
399558.0,HEINE,Vita,95919,Norway
400028.0,BARDET,Romain,105584,France
400030.0,PREIDLER,Georg,98862,Austria
400084.0,HOULE,Hugo,105592,Canada
400089.0,REGUIGUI,Youcef,98871,Algeria
400215.0,FRAILE,Omar,95650,Spain
400279.0,YATES,Adam,102358,Great Britain
400405.0,ELISSONDE,Kenny,105584,France
400418.0,BARGUIL,Warren,105584,France
400537.0,PRUUS,Peeter,95734,Estonia
400713.0,CHAVES,Esteban,95735,Colombia
400776.0,BUCHMANN,Emanuel,98857,Germany
400804.0,GROßSCHARTNER,Felix,98862,Austria
400811.0,BETTIOL,Alberto,95033,Italy
400848.0,MARTIN,Guillaume,105584,France
400944.0,GRMAY,Tsgabu,95047,Ethiopia
400977.0,MÜHLBERGER,Gregor,98862,Austria
400990.0,RUMAC,Josip,95636,Croatia
401033.0,MOHORIC,Matej,105594,Slovenia
401048.0,HOELGAARD,Markus,95919,Norway
401073.0,SCHACHMANN,Max,98857,Germany
401436.0,KONDO,Ami,10786,Japan
401439.0,HARASAWA,Hisayoshi,10786,Japan
401440.0,NAGASE,Takanori,10786,Japan
401443.0,DEGUCHI,Christa,11148,Canada
401447.0,BAKER,Mashu,10786,Japan
401474.0,HIRANO,Miu,11940,Japan
401476.0,QIU,Dang,11110,Germany
401559.0,BATRA,Manika,10687,India
402139.0,KIM,Min-Seok,15325,Republic of Korea
402140.0,KNYSTAUTAS,Mantas,11117,Lithuania
402140.0,KNYSTAUTAS,Mantas,12405,Lithuania
402145.0,SEMENOV,Sergey,12963,Russia
402145.0,SEMENOV,Sergey,194581,ROC
402376.0,KOCHMAN,Li,11985,Israel
402402.0,BRANSER,Marie,15701,DR Congo
402402.0,BRANSER,Marie,12990,Guinea
402450.0,GUICA,Ecaterina,11148,Canada
402454.0,KIBIKAI,Paul,12033,Gabon
402508.0,PIONTEK,Zack,12467,South Africa
402781.0,ALBOT,Radu,13345,Moldova
402844.0,THOMPSON,Jordan,10475,Australia
402886.0,GHEBREIGZABHIER,Amanuel,98869,Eritrea
402972.0,PARK,Sangyoung,15947,Republic of Korea
402979.0,CHEN,Haiwei,14577,China
403027.0,DŽUMHUR,Damir,12244,Bosnia & Herzegovina
403176.0,PAOLINI,Jasmine,10477,Italy
403204.0,GRABHER,Julia,13340,Austria
403305.0,ŽGANK,Mihael,11939,Slovenia
403305.0,ŽGANK,Mihael,11164,Türkiye
403335.0,KRASNIQI,Distria,15822,Kosovo
403336.0,KHAMMO,Iakiv,11988,Ukraine
403340.0,TSCHOPP,Evelyne,14596,Switzerland
403341.0,GJAKOVA,Akil,15822,Kosovo
403379.0,NTANATSIDIS,Alexios,12021,Greece
403458.0,BUCHARD,Amandine,11142,France
403459.0,YANG,Junxia,12017,China
403461.0,KONG,Man Wai,10213,"Hong Kong, China"
403700.0,PALTCHIK,Peter,11985,Israel
403731.0,DARRAGH,Rachael,14589,Ireland
403733.0,LI,Yvonne,11143,Germany
403735.0,BUZACARINI,Rafael,11177,Brazil
403754.0,BLICHFELDT,Mia,10223,Denmark
403792.0,BESSI,Cédric,15696,Monaco
403891.0,DONG,Chao,14577,China
403893.0,DANIEL,Taro,12655,Japan
403921.0,PHOUNSAVATH,Ariya,102350,Laos
403974.0,SHEN,Chen,14577,China
403981.0,GOMBOC,Adrian,11939,Slovenia
403993.0,PIRAS,Matteo,10221,Italy
404485.0,MALLO,Auriane,11154,France
404492.0,SANTUCCIO,Alberta,9849,Italy
404784.0,RAMONOV,Soslan,14603,Russia
404786.0,NASIRI,Meysam,11181,Iran
404795.0,KARIMIMACHIANI,Alireza,11181,Iran
404852.0,TAKATANI,Daichi,8797,Japan
404866.0,FICHERA,Marco,9849,Italy
404932.0,NOVAK,Domen,105594,Slovenia
405092.0,ROBAK,Karol Wladyslaw,15320,Poland
405097.0,BOGDANOVIC,Tijana,18044,Serbia
405098.0,HUANG,Yu-Jen,11986,Chinese Taipei
405118.0,PONTES,Edival,15331,Brazil
405124.0,TORTOSA,Jesus,9863,Spain
405133.0,EISSA,Seif,11971,Egypt
405143.0,JELIC,Matea,10106,Croatia
405147.0,ALIZADEH,Kimia,194290,Refugee Olympic Team
405147.0,ALIZADEH,Kimia,8775,Iran
405147.0,ALIZADEH,Kimia,9896,Bulgaria
405180.0,SANSORES,Carlos,10091,Mexico
405194.0,SOUZA NARANJO,Daniela Paola,10091,Mexico
405208.0,HEALY,Jonathan,12024,United States
405225.0,WILLIAMS,Lauren,8809,Great Britain
405267.0,KIYANICHANDEH,Nahid,8775,Iran
405277.0,TURSUNKULOVA,Nigora,9852,Uzbekistan
405383.0,MANUKYAN,Maksim,9864,Armenia
405386.0,NEMES,Viktor,13922,Serbia
405387.0,NIKOLOVA,Evelina,15328,Bulgaria
405396.0,ASLANYAN,Karen,15962,Armenia
405406.0,SHARIATI,Sabah,15944,Azerbaijan
405407.0,SADULAEV,Abdul Rashid,14603,Russia
405407.0,SADULAEV,Abdul Rashid,194581,ROC
405413.0,DAUROV,Soslan,15357,Belarus
405425.0,BERG,Zakarias,11968,Sweden
405438.0,HANZLICKOVA,Adela,11957,Czech Republic
405442.0,REICHMUTH,Stefan,9873,Switzerland
405608.0,BASILASHVILI,Nikoloz,12641,Georgia
405613.0,CANDASSAMY,Marie-Florence,11154,France
405614.0,TUSHISHVILI,Guram,8808,Georgia
405639.0,KOKAURI,Ushangi,8769,Azerbaijan
405643.0,ASANAU,Dzmitry,15957,Belarus
405661.0,ALEXIUSSON,Agnes,11127,Sweden
405663.0,PARKER,Caitlin,11102,Australia
405669.0,KHALZOVA,Valentina,10218,Kazakhstan
405670.0,ZAREEN,Nikhat,15995,India
405676.0,TELTSIDOU,Elisavet,12021,Greece
405706.0,ZHUSSUPOV,Ablaikhan,10218,Kazakhstan
405717.0,ASENOV,Daniel,12432,Bulgaria
405724.0,KHARABADZE,Giorgi,9837,Georgia
405753.0,HUSEYNOV,Rufat,11967,Azerbaijan
405759.0,NEGMATULLOEV,Shabbos,12983,Tajikistan
405760.0,STEVENSON,Shakur,12035,United States
405786.0,GONZALEZ,Jajaira,12035,United States
405787.0,HUANG,Hsiaowen,12450,Chinese Taipei
405788.0,MICHEL,Davina,15333,France
405790.0,TESTA,Irma,9867,Italy
405792.0,YILDIZ,Esra,12437,Türkiye
405795.0,WOJCIK,Elzbieta,9410,Poland
405796.0,CHANG,Yuan,10228,China
405797.0,CHEN,Nien-Chin,12450,Chinese Taipei
405854.0,JUGURTHA,Ait Bekka,8778,Algeria
405870.0,HOVHANNISYAN,Artur,10785,Armenia
405880.0,MELIKUZIEV,Bektemir,10259,Uzbekistan
405885.0,IRVINE,Brendan,8807,Ireland
405886.0,BALDERAS JR,Carlos,12035,United States
405893.0,CONWELL,Charles,12035,United States
405898.0,LAI,Chuen,12450,Chinese Taipei
405939.0,ESCOBAR,Gabriel,12428,Spain
405967.0,IBANEZ,Javier,12432,Bulgaria
405997.0,GURULI,Lasha,9837,Georgia
406004.0,PLANTIC,Luka,15987,Croatia
406023.0,ALI,Muhammad,10820,Great Britain
406025.0,SEITBEK UULU,Munarbek,15334,Kyrgyzstan
406034.0,HERNANDEZ,Nico Miguel,12035,United States
406053.0,MAHOMMED,Otukile,9834,Botswana
406059.0,MCGRAIL,Peter,10820,Great Britain
406101.0,ALIYEV,Tayfur,11967,Azerbaijan
406115.0,TSENDBAATAR,Erdenebat,12059,Mongolia
406150.0,FINOL,Yoel,11966,Venezuela
406174.0,KENOSI,Keamogetse,9834,Botswana
406266.0,MORISAKA,Arashi,9868,Japan
406275.0,MEHDIYEV,Mammadali,8769,Azerbaijan
406389.0,JHA,Kanak,12402,United States
406424.0,ALKHADRAWI,Ali,10216,Saudi Arabia
406451.0,MINO,Alberto,12903,Ecuador
406458.0,EL-BEIALI,Mohamed,15972,Egypt
406469.0,AFANADOR,Brian,15746,Puerto Rico
406470.0,GONZALEZ,Daniel,15746,Puerto Rico
406514.0,RUANO,Lady,9821,Colombia
406531.0,DIAZ,Melanie,15746,Puerto Rico
406532.0,HELMY,Yousra,15972,Egypt
406556.0,DIAZ,Adriana,15746,Puerto Rico
406565.0,BAJOR,Natalia,10102,Poland
406700.0,ENKHBAT,Lkhagvasuren,11298,Mongolia
406712.0,BROMLEY,Michelle,11937,Australia
406713.0,TAPPER,Melissa,11937,Australia
406731.0,KENJAEV,Zokhid,11291,Uzbekistan
406746.0,LARIBA,Ian,13027,Philippines
406807.0,KOZHATAYEV,Bakhtiyar,102341,Kazakhstan
407017.0,GEOGHEGHAN HART,Tao,102358,Great Britain
407135.0,SMAGULOV,Zhansay,9850,Kazakhstan
407141.0,GURBANLI,Aisha,8769,Azerbaijan
407446.0,KOWALCZUK,Aleksandra,15320,Poland
407459.0,WIET-HÉNIN,Magda,10215,France
407485.0,BACHMANN,Alexander,14595,Germany
407487.0,KETBI,Si Mohamed,10692,Belgium
407501.0,PEREZ POLO,Javier,9863,Spain
407630.0,ZHADRAYEV,Demeu,10819,Kazakhstan
407630.0,ZHADRAYEV,Demeu,11157,Kazakhstan
407635.0,CHAKVETADZE,Davit,12963,Russia
407659.0,SMITH,Robert,11112,United States
407690.0,BORRERO MOLINA,Ismael,12062,Cuba
407690.0,BORRERO MOLINA,Ismael,12406,Cuba
407695.0,ASSAKALOV,Rustam,10107,Uzbekistan
407695.0,ASSAKALOV,Rustam,12967,Uzbekistan
407700.0,CUERO,Alexis,9412,Colombia
407711.0,TURSYNOV,Nursultan,10819,Kazakhstan
407711.0,TURSYNOV,Nursultan,11157,Kazakhstan
407726.0,RODRIGUEZ OROZCO,Raiber,15998,Venezuela
407732.0,YANG,Bin,15355,China
407735.0,FAHMY MAHMOUD,Haithem Ahmed,10246,Egypt
407735.0,FAHMY MAHMOUD,Haithem Ahmed,10204,Egypt
407764.0,BRUNNER,Pauline,11945,Switzerland
407803.0,SEO,Jiyeon,15947,Republic of Korea
408026.0,KALANINA,Yelyzaveta,11988,Ukraine
408027.0,ZHOU,Chao,12017,China
408087.0,WALSH,Michaela,8807,Ireland
408091.0,YAKUSHINA,Yaroslava,11969,Russia
408100.0,LKHADIRI,Wassila,15333,France
408102.0,MESIANO,Alessia,9867,Italy
408145.0,PERIJOC,Lacramioara,12038,Romania
408202.0,SAFIN,Timur,10783,Russia
408210.0,APITHY-BRUNET,Manon,11154,France
408265.0,BIDA,Sergey,194400,ROC
408467.0,PILETA,Ramon,9443,Honduras
408693.0,MOHSEN,Mahmoud,15341,Egypt
408733.0,PRYOR,Jason,12029,United States
408736.0,MELARAGNO,Guilherme,8803,Brazil
408737.0,PETROV,Roman,15933,Kyrgyzstan
409069.0,DOLGOVA,Irina,9846,Russia
409069.0,DOLGOVA,Irina,194292,ROC
409134.0,BOGDAN,Ana,17475,Romania
409155.0,ELSISSY,Ziad,15341,Egypt
409156.0,QUINTERO,Jose,9839,Venezuela
409165.0,HWANG,Seon A,15947,Republic of Korea
409182.0,CHEUNG,Ka Long,10213,"Hong Kong, China"
409183.0,MIYAWAKI,Karin,8811,Japan
409211.0,GINTING,Anthony,9830,Indonesia
409737.0,GANTULGA,Altanbagana,12416,Mongolia
409738.0,NGUYEN,Thuy,11265,Vietnam
409743.0,GARRIGÓS,Francisco,8771,Spain
409770.0,SHERAZADISHVILI,Nikoloz,8771,Spain
409785.0,YONDONPERENLEI,Baskhuu,12416,Mongolia
410283.0,TIAFOE,Frances,13342,United States
410311.0,OSAKA,Naomi,12655,Japan
410334.0,PEDERSEN,Mads,95914,Denmark
410353.0,MACIAS,Daniela,10811,Peru
410693.0,DA SILVA,Fabiana,11179,Brazil
410703.0,VICENTE,Lohaynny,11179,Brazil
410796.0,KUDLA,Denis,16005,Germany
410796.0,KUDLA,Denis,8785,Germany
410809.0,DADASHEVA,Milana,14603,Russia
410838.0,KIM,Seungjun,15352,Republic of Korea
410840.0,GOBADZE,Lasha,9405,Georgia
410840.0,GOBADZE,Lasha,12960,Georgia
410844.0,OVCHAROVA,Liubov,194581,ROC
410845.0,SELISHKA,Miglena,15328,Bulgaria
410850.0,BOLKVADZE,Shmagi,12960,Georgia
410855.0,SNYDER,Kyle,12055,United States
410856.0,MCHEDLIDZE,Murazi,12441,Ukraine
410858.0,GILMAN,Thomas,12055,United States
410860.0,KHADJIEV,Zelimkhan,11981,France
410866.0,MIRACLE,Kayla Colleen,12055,United States
410882.0,CUDINOVIC,Gennadij,8785,Germany
410887.0,THIELE,Erik Sven,8785,Germany
410888.0,YAZDANICHARATI,Hassan,11181,Iran
410897.0,ABBASOV,Islam,15306,Azerbaijan
410903.0,ATRINAGHARCHI,Reza,11181,Iran
410918.0,INCZE,Kriszta-Tunde,14606,Romania
410923.0,GALSTYAN,Slavik,9864,Armenia
410925.0,MAMMADOV,Murad,15944,Azerbaijan
410963.0,COON,Adam,11112,United States
410964.0,DHESI,Amar,10824,Canada
410968.0,DAULETBEKOV,Azamat,11157,Kazakhstan
410971.0,AZISBEKOV,Atabek,12072,Kyrgyzstan
410976.0,RASHIDOV,Gadshimurad,194581,ROC
410998.0,TSOGT-OCHIR,Namuuntsetseg,8817,Mongolia
411000.0,AINAGULOV,Meirambek,11157,Kazakhstan
411002.0,EMELIN,Sergey,194581,ROC
412132.0,SANDGREN,Tennys,13342,United States
412506.0,NURJAVOVA,Rushana,15313,Turkmenistan
412509.0,YAMADA,Masaru,8811,Japan
412518.0,NOURINE,Fethi,14605,Algeria
412524.0,DEL TORO CARVAJAL,Maylin,8790,Cuba
412571.0,MACIAS,Tommy,11130,Sweden
412575.0,BAK,Jiyun,11135,Republic of Korea
412592.0,GASONGO,Antoinette,16589,Burundi
412593.0,HOUSSEIN,Anass,16597,Djibouti
412597.0,SAIYIN,Jirigala,12017,China
412598.0,HAMAD,Sulaiman,15699,Saudi Arabia
412610.0,AN,Chang-Rim,11135,Republic of Korea
412613.0,WATERHOUSE,Benjamin,15709,American Samoa
412617.0,BONFANCE,Harriet,11618,Malawi
412624.0,YACOUB,Simon,11612,Palestine
412653.0,CHENG,Xunzhao,12017,China
412674.0,FRITZ,Taylor,13342,United States
412786.0,BRADY,Jennifer,13342,United States
412940.0,COLLINS,Danielle,13342,United States
413072.0,ZHOU,Qian,12066,China
413084.0,YEPEZ,Alfonso,11975,Mexico
413084.0,YEPEZ,Alfonso,10822,Mexico
413089.0,MENG,Qiang,15355,China
413164.0,MOSCON,Gianni,95033,Italy
413291.0,PINTAR,Urša,105594,Slovenia
413317.0,BARANOWSKI,Zbigniew Mateusz,10815,Poland
413319.0,CEBALLOS,Pedro,10812,Venezuela
413321.0,ACOSTA,Maria,10812,Venezuela
413322.0,MOHAMMADIAN,Mohammadhossein Askari,11181,Iran
413343.0,RODRIGUES PENALBER,Giullia,12073,Brazil
413348.0,LIN,Zushen,12066,China
413357.0,ABDURAKHMANOV,Bekzod,12967,Uzbekistan
413361.0,USSERBAYEV,Galymzhan,11157,Kazakhstan
413365.0,KIM,Hyon-Gyong,15338,DPR Korea
413370.0,YASAR,Selim,15318,Türkiye
413374.0,JONG,Myong-Suk,15338,DPR Korea
413375.0,PANG,Qianyu,12066,China
413392.0,TAKAHASHI,Yuki,8797,Japan
413404.0,TURDIEV,Dilshodjon,10107,Uzbekistan
413413.0,MICHALIK,Tadeusz,10815,Poland
413546.0,RAU,Josef,11112,United States
413579.0,TSUNEYAMA,Kanta,9835,Japan
413993.0,LIANG,Xiaoyu,15971,Singapore
414602.0,PUCAR,Tomislav,11109,Croatia
414633.0,GERASIMOV,Egor,17469,Belarus
414642.0,BILLIET,Sandrine,9436,Cape Verde
414862.0,ARFA,Fares,15073,Canada
414864.0,LIN,Yik Hei Coco,10213,"Hong Kong, China"
414870.0,DI TELLA,Pascual Maria,9859,Argentina
414880.0,DOSA,Daniel,8826,Hungary
414891.0,SAMER,Mohab,15341,Egypt
414905.0,SAKOA,Gbahi,9881,Côte d'Ivoire
414933.0,SCHENKEL,Eli,15073,Canada
414987.0,BRIND'AMOUR,Pamela,15073,Canada
414991.0,SUN,Yiwen,14577,China
414992.0,EMURA,Misaki,8811,Japan
415107.0,ESSAM,Mohamed,15341,Egypt
415119.0,TOFALIDES,Alex,12922,Cyprus
415124.0,XU,Yingming,14577,China
415125.0,NIGGELER,Michele,11945,Switzerland
415131.0,HIBINO,Nao,12655,Japan
415133.0,RENSHALL,Lucy,10201,Great Britain
415134.0,PUPP,Reka,11982,Hungary
415136.0,HAMADA,Shori,10786,Japan
415139.0,GIAMBELLI,Miranda,11128,Australia
415140.0,GILES,Chelsie,10201,Great Britain
415146.0,DRYSDALE-DALEY,Ebony,16594,Jamaica
415148.0,SARAIVA,Nuno,15979,Portugal
415158.0,EGUTIDZE,Anri,15979,Portugal
415159.0,RESSEL,Dominic,9851,Germany
415169.0,HASHIMOTO,Soichi,10786,Japan
415188.0,KASATKINA,Daria,10480,Russia
415189.0,RUBLEV,Andrey,194622,ROC
415275.0,GOMBOS,Norbert,17468,Slovakia
415420.0,DELLIEN,Hugo,17985,Bolivia
415421.0,TOMOVA,Viktoriya,13348,Bulgaria
415485.0,KUDERMETOVA,Veronika,194622,ROC
415490.0,PICCOLIN,Giorgia,8782,Italy
415538.0,SORRIBES,Sara,11581,Spain
415601.0,SURKOV,Artem,194581,ROC
416524.0,PACUT,Beata,11166,Poland
416525.0,IADOV,Bogdan,11988,Ukraine
416536.0,IGOLNIKOV,Mikhail,194292,ROC
416538.0,VAN DIJKE,Sanne,8805,Netherlands
416542.0,KHYAR,Walide,11142,France
416544.0,KLAMMERT,David,9857,Czech Republic
416548.0,CENTRACCHIO,Maria,10221,Italy
416554.0,COSTA,Catarina,15979,Portugal
416556.0,ABE,Hifumi,10786,Japan
416560.0,GAHIÉ,Marie Eve,11142,France
416564.0,MAJDOV,Nemanja,12336,Serbia
416570.0,TSEND-OCHIR,Tsogtbaatar,12416,Mongolia
416572.0,KUMRIC,Zlatko,9414,Croatia
416574.0,KURBONMAMADOVA,Daria,194292,ROC
416579.0,NIKOLIC,Milica,12336,Serbia
416583.0,NELSON LEVY,Timna,11985,Israel
416585.0,KUCZERA,Piotr,11166,Poland
416592.0,WOLF,Aaron,10786,Japan
416594.0,WAGNER,Anna Maria,9851,Germany
416596.0,SHMAILOV,Baruch,11985,Israel
416601.0,SANTOS,Eduardo Yudi,11177,Brazil
416602.0,SENTÜRK,Gülkader,11164,Türkiye
416610.0,HAN,Mi Jin,11135,Republic of Korea
416614.0,ILYASOV,Niyaz,194292,ROC
416617.0,MACEDO,Rafael,11177,Brazil
416628.0,BOLTABOEV,Sharofiddin,14612,Uzbekistan
416635.0,MZOUGUI,Sarra,12018,Tunisia
416928.0,KUKU,Rodrick,15701,DR Congo
416975.0,ACACIO,Marlon,11019,Mozambique
417208.0,KLIMKAIT,Jessica,11148,Canada
417221.0,HAECKER,Katharina,11128,Australia
417253.0,KATZ,Joshua,11128,Australia
417330.0,OURAHMOUNE,Sarah,15333,France
417331.0,LACHGAR,Hasnaa,12961,Morocco
417336.0,NECHITA,Claudia,12038,Romania
417337.0,RYGIELSKA,Aneta,9410,Poland
417344.0,VEYRE,Caroline,11980,Canada
417355.0,BYLON,Atheyna,14584,Panama
417356.0,ROUMAYSA,Boualam,8778,Algeria
417359.0,YIN,Junhua,10228,China
417360.0,LI,Qian,10228,China
417363.0,MAGNO,Irish,11151,Philippines
417367.0,PETROVA,Stanimira,12432,Bulgaria
417378.0,FALCON,Esmeralda,15952,Mexico
417410.0,MBOUGNADE,Judith,11111,Central African Republic
417414.0,MARDI,Khadija,12961,Morocco
417426.0,HAVYARIMANA,Ornella,16575,Burundi
417442.0,ALEKSEEVNA,Yana,11967,Azerbaijan
417443.0,MAGOMEDALIEVA,Zenfira,194291,ROC
417456.0,SEESONDEE,Sudaporn,10239,Thailand
417553.0,PAUTY,Maxime,11154,France
417554.0,ZAGIDULLINA,Adelina,194400,ROC
417875.0,MARGVELASHVILI,Vazha,8808,Georgia
417886.0,LICHAGINA,Yulia,194400,ROC
418096.0,EL IDRISSI,Ayoub,11267,Qatar
419152.0,MANZI,Elios,10221,Italy
419492.0,KALNINS,Kalvis,9932,Latvia
420201.0,HO,Tiffany,10105,Australia
421970.0,FLORENTINO,Robert,11020,Dominican Republic
423227.0,CLAIR,Merven,12425,Mauritius
424613.0,MORMILE,Chiara,9849,Italy
424850.0,SCHÄFER,Kai,11143,Germany
424861.0,SANTARELLI,Andrea,9849,Italy
425081.0,KELDIYOROVA,Diyora,14612,Uzbekistan
425427.0,HAMMACHI,Fahem,8778,Algeria
426433.0,MLADENOVIC,Luka,8804,Luxembourg
426527.0,LEE,Seungchan,15352,Republic of Korea
427411.0,AMZILE,Hassan,15333,France
427720.0,HUSHTYN,Aleksandr,15935,Belarus
428118.0,CHKHVIMIANI,Lukhumi,8808,Georgia
428279.0,MLUGU,Andrew Thomas,12461,Tanzania
428654.0,DE WIT,Frank,8805,Netherlands
428968.0,DIAZ,Antonio,17107,Venezuela
430386.0,ELSHARKAWY,Yara,15341,Egypt
430392.0,LARIN,Vladislav,194293,ROC
430901.0,SALAH ARABY,Abdelrahman,12966,Egypt
431853.0,BAKHRAMOV,Islomjon,10107,Uzbekistan
433091.0,SEHEN,Sajjad,10281,Iraq
434368.0,LEE,Da-Bin,9828,Republic of Korea
434806.0,HEROUI,Salim,10690,Algeria
435280.0,AKBUDAK,Burhan,15984,Türkiye
435584.0,TIGREROS URBANO,Oscar Eduardo,10250,Colombia
435794.0,SKAAR,Tina,8786,Norway
436491.0,MUNOZ JARAMILLO,Carlos,9412,Colombia
438165.0,GKOUNTOURA,Theodora,10777,Greece
438477.0,MONTERO CHIRINOS,Anthony,10812,Venezuela
439527.0,MOLINARO,Frank,12055,United States
440441.0,DUNAYTSEV,Vitaly,11969,Russia
440852.0,SEAVMEY,Sorn,13535,Cambodia
441303.0,SHIKINE,Takahiro,8811,Japan
442682.0,PIÉ,Bernardo,9876,Dominican Republic
443854.0,RUEBEN,Hannah,12422,Nigeria
445124.0,FENG,Yijun,12402,United States
447538.0,SILVA,Ivan,8790,Cuba
448688.0,SUNTELE,Inkululeko,8823,Lesotho
450047.0,IZQUIERDO MENDEZ,Carlos Arturo,10250,Colombia
450423.0,MURILLO,Miguel,11614,Costa Rica
451189.0,KÄLLBERG,Christina,12023,Sweden
452357.0,VIVAS PALACIOS,Jorge,10104,Colombia
453569.0,TAVIAN PEREIRA MARQUES,Henrique,8803,Brazil
454653.0,GARCIA,Alex,8790,Cuba
454691.0,HMAM,Adem,15059,Tunisia
455244.0,WANG,Jianan,11062,Congo
456002.0,SHAO,Yaqi,14577,China
457556.0,ALHINDAWI,Odai,10841,Jordan
457774.0,RANVIER,Pauline,11154,France
458191.0,CARRILLO,Juan,10104,Colombia
459988.0,PERO,Lenier,10257,Cuba
462158.0,ABO YAMAN,Zaid,11953,Jordan
462607.0,BUSATO,Mattia,8791,Italy
462641.0,ARKANIA,Gogita,12205,Georgia
462833.0,SHIMIZU,Kiyou,17094,Japan
463183.0,LIN,Yun-Ju,12008,Chinese Taipei
463439.0,KYRGYZBAYEV,Gusman,9850,Kazakhstan
463697.0,SHAHZAD,Mahoor,15368,Pakistan
463861.0,PIOVESANA,Lubjana,12037,Austria
464098.0,FUMITA,Kenchiro,15970,Japan
464098.0,FUMITA,Kenchiro,8797,Japan
464415.0,KAJAIA,Mikhail,13922,Serbia
464415.0,KAJAIA,Mikhail,18209,Serbia
464683.0,KEDACHE,Zohir,8778,Algeria
465039.0,EHAB,Nardin,15341,Egypt
467360.0,GANJZADEH,Sajad,16129,Iran
467542.0,MÖREGÅRDH,Truls,12023,Sweden
467769.0,SEEMA,Seema,11175,India
470779.0,SONG,Sera,15947,Republic of Korea
470801.0,TSAREV,Ruslan,15347,Kyrgyzstan
470857.0,WONGPATTANAKIT,Panipak,11145,Thailand
471334.0,PERSOGLIA,Paolo,10853,San Marino
471403.0,LU,Tongjuan,12017,China
471449.0,MUNGAI,Nicholas,10221,Italy
471474.0,HORNE,Jonathan,11161,Germany
471943.0,YEO,Jia Min,15971,Singapore
472059.0,CIFUENTES,Horacio,10782,Argentina
472443.0,BALZER,Sara,11154,France
472995.0,TRAORE,Ayouba,9439,Mali
473132.0,STANGAR,Marusa,11939,Slovenia
473325.0,INOUE,Tomohiro,15970,Japan
473362.0,ASHOURZADEH FALLAH,Farzan,8775,Iran
474368.0,ACOSTA FERNÁNDEZ,Yasmani,11156,Chile
474368.0,ACOSTA FERNÁNDEZ,Yasmani,12061,Chile
474436.0,RAHBARI,Mohammad,15940,Iran
475996.0,BOUNABI,Akram,10690,Algeria
476410.0,HANY,Doha,9423,Egypt
477629.0,HRONOVÁ,Dominika,8755,Czech Republic
477854.0,LESKI,Andreja,11939,Slovenia
477861.0,GRANDA,Andy,8790,Cuba
479277.0,QI,Xuefei,14571,France
480879.0,HARNSUJIN,Phannapa,11145,Thailand
484728.0,LEE,Sungho,11135,Republic of Korea
485467.0,MIHALEV,Todor,93117,Bulgaria
485570.0,DE LOS SANTOS NUÑEZ,Leonel,12053,Dominican Republic
487121.0,KOPINSKY,Yigal,12992,Suriname
488376.0,SWATOWSKA,Martyna,8825,Poland
488740.0,ASSADILOV,Darkhan,9944,Kazakhstan
489373.0,GAITÁN,Haramara,12044,Mexico
491187.0,TAKASHIMA,Risa,8811,Japan
491222.0,KAUSHIK,Manish,15995,India
492101.0,YILDIRIM,Enver,10098,Türkiye
492445.0,LEE,Ah-Reum,9828,Republic of Korea
493779.0,CHAKTAMI,Hassen,15068,Tunisia
495815.0,KHERBACHE,Abdelhak,14574,Algeria
496744.0,KÄLLBERG,Anton,12023,Sweden
497438.0,CRISCIO,Martina,9849,Italy
497681.0,CHEN,Feng,10693,Singapore
498382.0,CHINZORIG,Battarsukh,12059,Mongolia
498750.0,CASTELLY,Asnage,17447,Haiti
500688.0,BELLO,Fatimo,10685,Nigeria
501196.0,SHARLAIMOV,Vadim,10092,Kazakhstan
501313.0,KIM,Song I,15327,DPR Korea
501448.0,TORRES TEIXEIRA,Venilton,15331,Brazil
501546.0,KURUGLIEV,Dauren,15937,Greece
503257.0,KUMAR,Nikhil,12402,United States
504175.0,KRSSAKOVA,Magdalena,12037,Austria
504357.0,COBAN,Merve,10116,Türkiye
504825.0,HILDEBRANDT,Sarah,12055,United States
505495.0,ZABIC,Milica,12336,Serbia
506195.0,BRINCK-CROTEAU,Maxime,15073,Canada
506996.0,IBRAGIMOV,Mamed,11157,Kazakhstan
507960.0,POURYOUNES,Dina,194290,Refugee Olympic Team
509521.0,BOLD,Gankhaich,12416,Mongolia
509713.0,YAN,Xin,11937,Australia
509715.0,MINA,Carlos Andres,15384,Ecuador
510426.0,EDGHILL,Chelsea,9460,Guyana
511798.0,ARAGA,Ryutaro,17094,Japan
511880.0,PRINCE,Aaron,10818,Trinidad & Tobago
511884.0,ALLEJJI,Heba,16624,Syria
511908.0,SVICHKAR,Roman,10689,Ukraine
512274.0,TUNJUNG,Gregoria Mariska,9830,Indonesia
513388.0,OTGON,Munkhtsetseg,12416,Mongolia
514260.0,OMOTAYO,Olajide,10685,Nigeria
514429.0,PARANANG,Orawan,9833,Thailand
514610.0,MACKIEWICZ,Andrew,12029,United States
515030.0,GRANDE,Alexandra,13300,Peru
516449.0,PEÑA FLORES,Yosvanys,12406,Cuba
516449.0,PEÑA FLORES,Yosvanys,12062,Cuba
517440.0,OZCELIK,Serap,10116,Türkiye
518011.0,CHOI,Sooyeon,15947,Republic of Korea
518408.0,LARROQUE,Koumba,11981,France
518581.0,JEE,Min-Hyung,11937,Australia
518889.0,POLLERES,Michaela,12037,Austria
520324.0,GALOS,Roland,12041,Hungary
520395.0,WHITEBOOI,Geronay,12467,South Africa
521085.0,CHO,Daeseong,10094,Republic of Korea
521162.0,OMAR,Abdul Wahid,10226,Ghana
521554.0,NELZ PISTOIA,Mariana,8803,Brazil
521728.0,SOE,Yan Naing,12469,Myanmar
522351.0,PIÉ,Luisito,9876,Dominican Republic
523349.0,MALOBABIC,Ivana,11109,Croatia
523893.0,NGUYEN,Thi Tam,16578,Vietnam
525097.0,YUN,Jun-Sik,15325,Republic of Korea
525189.0,KAISANOV,Daniyar,11157,Kazakhstan
525398.0,SAADAOUI,Mohamed,11168,Tunisia
525491.0,NEMES,Mate,18209,Serbia
525491.0,NEMES,Mate,13922,Serbia
526425.0,YIN,Xiaoyan,13569,China
528727.0,MAMEDOV,Gabil,194291,ROC
531279.0,PALMETTA,Alberto,10120,Argentina
531461.0,MUKAIDA,Mayu,8797,Japan
531791.0,SAAD,Ahmed Mohamed,10204,Egypt
533871.0,WANG,Juan,12066,China
534998.0,TRUONG,Thi Kim Tuyen,12063,Vietnam
535375.0,HERNANDEZ,Moises,9876,Dominican Republic
535602.0,ARRAYALES,Tania,10093,Mexico
536194.0,ALLEGRO,Martin,8774,Belgium
537050.0,RI,Seung,12400,DPR Korea
537396.0,BORGES,Michel,12407,Brazil
538056.0,SHYMBERGENOV,Aslanbek,10218,Kazakhstan
538179.0,,,10204,Egypt
539269.0,STORE,Signe,11118,Norway
539577.0,YOSHIMURA,Miho,8811,Japan
539885.0,BAYRYAKOV,Nikolay,15349,Bulgaria
540609.0,TSJAKADOEA,Tornike,8805,Netherlands
542249.0,DESTRIBATS,Agustin,12052,Argentina
543206.0,EYAL SLMAN,Younis,10850,Jordan
543315.0,CALUGAREANU,Malina,15955,Romania
543910.0,DUBROVICH,Jacqueline,12029,United States
545926.0,KOKUMAI,Sakura,13567,United States
546618.0,BUNCIC,Strahinja,12336,Serbia
546758.0,RASSADIN,Viktor,11122,Tajikistan
546781.0,WANG,Chuqin,10806,China
547980.0,HOCAOGLU,Meltem,10116,Türkiye
548251.0,LAM,Timothy,11927,United States
548376.0,MOGOPA,Gavin,15708,Botswana
549317.0,TAKAHASHI,Bruna,14615,Brazil
549991.0,LEE,Hyein,15947,Republic of Korea
550275.0,JORGIC,Darko,15055,Slovenia
550966.0,LIU,Wei,10228,China
553060.0,AUGELLO,Haley,12055,United States
553224.0,PASZTOR,Flora,8826,Hungary
555449.0,HAZIN,Jeremy,9866,Canada
555663.0,DO,Thi Anh,12931,Vietnam
555664.0,TONAKI,Funa,10786,Japan
556849.0,MOORE,Alexander,10824,Canada
558310.0,BOZAN,Dilara,10116,Türkiye
559403.0,LIU,Wei-Ting,11986,Chinese Taipei
560317.0,RAWAL,Nisha,8761,Nepal
560927.0,WU,Yue,12402,United States
562704.0,SHRIHA,Yousef Saleh,12938,Libya
562973.0,BUTBUL,Tohar,11985,Israel
563049.0,ALMASATFA,Abdel Rahman,16132,Jordan
563116.0,ADAMKIEWICZ,Patrycja,15320,Poland
563666.0,MARTINEZ ABELENDA,Laura,8771,Spain
563897.0,RAMOS,Jose,12460,Guatemala
563962.0,QUINTERO,Damian Hugo,11949,Spain
564274.0,BARDENET,Alexandre,11154,France
565894.0,SHI,Yuqi,15967,China
567765.0,KONÉ,Mamina,9845,Côte d'Ivoire
568376.0,MBILLI ASSOMO,Christian,15333,France
568921.0,WEGRZYN,Katarzyna,10102,Poland
568992.0,UEKUSA,Ayumi,17094,Japan
569996.0,DLAMINI,Thabiso,12423,Eswatini
570082.0,TERADA,Masayuki,12464,Thailand
570764.0,NDIAYE,Mbagnick,11138,Senegal
572363.0,GARCIA,Hector Luis,12053,Dominican Republic
572415.0,SIESS,Michal,8825,Poland
572554.0,SHEKERBEKOVA,Zhaina,10218,Kazakhstan
572888.0,YU,Jaspar,10269,Brunei Darussalam
573165.0,URSU,Vladislav,12001,Moldova
573737.0,SAIDANI,Safa,15059,Tunisia
573830.0,YANG,Hengyu,14577,China
575208.0,LAU,Mo Sheung Grace,11537,"Hong Kong, China"
582045.0,JEON,Ji-Hee,10094,Republic of Korea
582408.0,ATORA EYEGHE,Emmanuella,8756,Gabon
582755.0,FERJANI,Fares,14611,Tunisia
583313.0,VITALIS,Coraline,11154,France
585631.0,WANG,Amy,12402,United States
586312.0,ZHU,Chengzhu,8752,"Hong Kong, China"
586346.0,SMORGUNER,Ilja,11161,Germany
586580.0,DONNELLY,Steven,8807,Ireland
588136.0,SOTOMAYOR,Nikté,10825,Guatemala
588244.0,YANG,Xiaoxin,13023,Monaco
588909.0,WATANABE,Kiyomi,10851,Philippines
589416.0,JIMENEZ,Kristine,11617,Panama
591340.0,SONG,Zhaoxiang,11984,China
591825.0,TITONELI GUIMARAES,Milena,15331,Brazil
593475.0,FIORA,Sofia,12010,Argentina
593862.0,KHATRI,Ravinder,12074,India
594737.0,QIAN,Haitao,15355,China
595628.0,MELIKYAN,Arman,15962,Armenia
595948.0,ADESOKAN,Dorcas,10245,Nigeria
596830.0,BIANCHI,Guillaume,9849,Italy
597028.0,PAUL,Georges,12964,Mauritius
598391.0,CHEN,Yufei,15967,China
599145.0,BARBOSA,Eduardo,11177,Brazil
600084.0,HORUNA,Stanislav,9933,Ukraine
600879.0,JONAS,Junius,8827,Namibia
602015.0,AMER,Mohamed,15341,Egypt
602506.0,BOTTARO,Viviana,8791,Italy
603581.0,LIND,Anders,15076,Denmark
604266.0,YEERLANBIEKE,Katai,12066,China
605573.0,TAKAYAMA,Rika,10786,Japan
607900.0,BOULOUSSA,Mehdi,11931,Algeria
608274.0,HAYATA,Hina,11940,Japan
609902.0,MARTINEZ RIVAS,Yuberjen,10104,Colombia
610020.0,ABAKAROV,Zelimkhan,17442,Albania
610135.0,LOMBARDO,Manuel,10221,Italy
611335.0,PASKOV,Pancho,15938,Bulgaria
612013.0,SITHISANE,Soukphaxay,16596,Laos
612937.0,YESBERGENOVA,Ainur,15951,Kazakhstan
613952.0,MAJOROS,Bence,11970,Hungary
614880.0,OUAKALI,Abdelkrim,11113,Algeria
615328.0,HUANG,Huai-Hsuan,11986,Chinese Taipei
618719.0,LA CRUZ,Enrico,15965,Netherlands
619863.0,KATOKA,Naomi,15767,DR Congo
619877.0,MOHAMED,Noura,15341,Egypt
622004.0,CURATOLI,Luca,9849,Italy
622494.0,KHAMUKOV,Petr,11969,Russia
623361.0,KOZUL,Deni,15055,Slovenia
629186.0,DIFFERT,Nelli,10077,Estonia
629767.0,CASTRO BURGOS,Cecilia,9863,Spain
629795.0,SANCHO,Alejandro,12055,United States
631391.0,CHOI,Ryan,10213,"Hong Kong, China"
631469.0,MANFREDONIA,Valentino,9867,Italy
631509.0,RYBICKI,Kamil,10815,Poland
631972.0,MUKAI,Shoichiro,10786,Japan
632154.0,PLANK,Bettina,11776,Austria
633152.0,MILOV,Kiril,15349,Bulgaria
633152.0,MILOV,Kiril,15328,Bulgaria
633347.0,FORD,Tayla,11589,New Zealand
633970.0,BOUDJEMLINE,Adem,14574,Algeria
633970.0,BOUDJEMLINE,Adem,11113,Algeria
634091.0,MINKOU,Dzmitry,9829,Belarus
634906.0,KHAMZA,Didar,9850,Kazakhstan
635631.0,WOOLLEY,Jack,11165,Ireland
637531.0,KASSMAN,Maxemillion,9894,Papua New Guinea
637537.0,CISSÉ,Cheikh Sallah,9845,Côte d'Ivoire
637562.0,LEE,Hye-Kyeong,11135,Republic of Korea
639864.0,ISLAMOVA,Valentina,11157,Kazakhstan
641088.0,WEEKES GONZALEZ,Crystal,16001,Puerto Rico
641144.0,LOGHRAIBI,Lynda,11931,Algeria
641706.0,AQUINO,Mia-Lahnee,9869,Guam
643104.0,DHAHRI,Ikram,10224,Tunisia
644619.0,GARCI,Fadwa,15059,Tunisia
645017.0,TRAORE,Aminata Charlene,9845,Côte d'Ivoire
645528.0,GUTIERREZ MACEDO,Saul,10091,Mexico
646349.0,OMAR,Ali,10849,Libya
648198.0,ESTEBAN,Maxine Isabel,9881,Côte d'Ivoire
648285.0,GUZMÁN LÓPEZ,Yusneylis,12406,Cuba
649211.0,JÜTTNER,Jasmin,11161,Germany
651792.0,SAITO,Toshiya,8811,Japan
652568.0,QUIRICI,Elena,12050,Switzerland
652579.0,PARK,Heejun,11773,Republic of Korea
653415.0,KIM,Gwan-Uk,15325,Republic of Korea
653857.0,BULLEN,Grace Jacob,11118,Norway
653900.0,GARRIDO,Luis,12044,Mexico
654933.0,BAKHSHI,Mohammad Tawfiq,16595,Afghanistan
655335.0,ESTEVES,Mariana,12990,Guinea
655998.0,CONYEDO,Abraham,15358,Italy
656975.0,HUANG,Mengkai,14577,China
657790.0,BELKADI,Amina,14605,Algeria
658117.0,JARECKA,Aleksandra,8825,Poland
658547.0,MAKOEV,Boris,11134,Slovakia
658668.0,WANG,Yang,12036,Slovakia
659032.0,KIM,Tae-Hun,9828,Republic of Korea
660579.0,BASSOU,Imad,12056,Morocco
661243.0,ARCÓN,Luis,11966,Venezuela
661813.0,KHAKIMOVA,Malika,15980,Uzbekistan
662025.0,KHRAMIANKOU,Dzianis,15935,Belarus
662707.0,ESSOMBE TIAKO,Joseph,15344,Cameroon
663517.0,ASHFAQ,Qais,10820,Great Britain
664252.0,SINGH,Avtar,12401,India
664446.0,KHOROSHAVTSEVA,Olga,194581,ROC
665092.0,NASR,Souleymen,11167,Tunisia
665092.0,NASR,Souleymen,11168,Tunisia
665140.0,DIONGUE,Ndeye Binta,10206,Senegal
665370.0,KHALMURZAEV,Khasan,9846,Russia
666447.0,WALIHAN,Sailike,12066,China
666828.0,REPIYALLAGE,Chamara,12995,Sri Lanka
667549.0,SANITA,Andre,11960,Germany
670734.0,ADENIYI,Aminat,12422,Nigeria
671141.0,AJAGBA,Efe,10237,Nigeria
671465.0,SOMEYA,Mayumi,17094,Japan
672005.0,LUPULESKU,Izabela,14056,Serbia
672098.0,HALOUI,Hemza,11113,Algeria
672490.0,ALIYEVA,Leyla,8769,Azerbaijan
672648.0,SAWEKWIHAREE,Ramnarong,11145,Thailand
675253.0,MOHYELDIN,Mohamed,10073,Egypt
676594.0,GABER,Shirwit,15341,Egypt
676646.0,FERGAT,Abdelkarim,14574,Algeria
676646.0,FERGAT,Abdelkarim,11113,Algeria
676865.0,KANG,Young Mi,15947,Republic of Korea
677486.0,CABAÑA,Cristina,8771,Spain
679323.0,WEN,Tzu-Yun,11771,Chinese Taipei
679580.0,MUZIYO,Benny,12065,Zambia
680198.0,ABBASALI,Hamideh,16129,Iran
680892.0,SCOTT,Thomas,13567,United States
681444.0,KHANKAN,Adnan,62303,Refugee Olympic Team
682344.0,WANG,Yi-Ta,11771,Chinese Taipei
682832.0,LEE,Kwanghyun,15947,Republic of Korea
684972.0,MORAIS,Linda,10824,Canada
685520.0,MININA,Tatiana,194293,ROC
685702.0,GEORGE,Christopher,10280,Trinidad & Tobago
686294.0,SEROGINA,Anita,9933,Ukraine
686398.0,BUSA,Luigi,8791,Italy
686780.0,KANG,Yujeong,11135,Republic of Korea
692626.0,RAICU,Alexandru,15311,Romania
692650.0,KALJULAID,Klen Kristofer,9403,Estonia
692783.0,MARTINEZ PALACIOS,Miguel,12062,Cuba
692904.0,LADON,Rogen,11151,Philippines
693297.0,TAMARAU,Soso,12422,Nigeria
693696.0,AGHAYEV,Rafael,17109,Azerbaijan
694081.0,YABIKU,Shohei,8797,Japan
695327.0,IVANOV,Ivaylo,11943,Bulgaria
695451.0,ABDURASHIDOV,Adlan,11969,Russia
695936.0,KUOSMANEN,Elias,15934,Finland
696683.0,LEE,Cheuk Yiu,11132,"Hong Kong, China"
697828.0,MOKHOTHO,Moroke,8823,Lesotho
697942.0,HAFEZ,Nada,15341,Egypt
698035.0,MESHVILDISHVILI,Giorgi,15306,Azerbaijan
698058.0,VERSTRAETEN,Jorre,10079,Belgium
699157.0,STREETS,Kaito,8811,Japan
699262.0,RUBES,Martin,11972,Czech Republic
700785.0,GUI,Lin,14615,Brazil
701151.0,LEON,Karen,10099,Venezuela
701773.0,LIKMABAM,Shushila Devi,12401,India
702482.0,ALSHAMLAN,Yousef,15323,Kuwait
702740.0,KIYUNA,Ryo,17094,Japan
702805.0,AGHAEIHAJIAGHA,Soraya,16016,Iran
703576.0,IRIARTE,Yoandys,15982,Cuba
706356.0,HANPRAB,Tawin,11145,Thailand
706472.0,MA,Segeon,15947,Republic of Korea
706854.0,ESPOSITO,Antonio,10221,Italy
707149.0,RAMIREZ,Albert,11966,Venezuela
708089.0,BAH,Mamadou Samba,12990,Guinea
708728.0,TIRANVALIPOUR,Hadi,194290,Refugee Olympic Team
710129.0,SAIDOV,Ibragim,15935,Belarus
710768.0,GANDIA,Adrian,12022,Puerto Rico
711351.0,CHOV,Sotheara,13323,Cambodia
711721.0,SYZDYKOV,Alimkhan,10819,Kazakhstan
711857.0,KHOJAZODA,Behruzi,12968,Tajikistan
711877.0,YAHIRO,Tsuneari,13298,Australia
712563.0,AKULA,Sreeja,10687,India
712667.0,BITSCH,Noah,11161,Germany
715159.0,YEE,Sally,10071,Fiji
715931.0,PAPADAKIS,Nefeli,14607,United States
717270.0,LEE,Han-Bit,15325,Republic of Korea
718278.0,MILANI,Francesca,10221,Italy
909901.0,ZARAZÚA,Renata,13351,Mexico
909925.0,VONDROUŠOVÁ,Markéta,17994,Czech Republic
1050134.0,MONTEIRO,Thiago,11820,Brazil
1050139.0,SAFIULLIN,Roman,232999,Individual Neutral Athlete
1061288.0,WALCZYK,Julia,8825,Poland
1061683.0,ALEXANDROVA,Ekaterina,232999,Individual Neutral Athlete
1061683.0,ALEXANDROVA,Ekaterina,194622,ROC
1061800.0,BERTHIER,Amita,10080,Singapore
1061876.0,FUKUSHIMA,Shihomi,8811,Japan
1127999.0,RODRÍGUEZ,José Luis,95653,Chile
1149821.0,TOMIC,Kristina,10106,Croatia
1204356.0,ABDULLAYEV,Abdulkadir,11967,Azerbaijan
1204360.0,RODRIGUEZ,Misael,15952,Mexico
1226217.0,BAYARD,Alexis,11945,Switzerland
1226262.0,KHARKOVA,Vlada,10689,Ukraine
1226306.0,EBERT,Leonie,11960,Germany
1226362.0,SIKLOSI,Gergely,8826,Hungary
1226363.0,KONDRICZ,Kata,8826,Hungary
1226370.0,VISMARA,Federico,9849,Italy
1226697.0,KONTOCHRISTOPOULOU,Aikaterini,10777,Greece
1248818.0,ELKORD,Houssam,14617,Morocco
1248829.0,BRANDL,Lorena,14595,Germany
1248852.0,ZHAPAROV,Ruslan,15951,Kazakhstan
1248941.0,LOUISSAINT,Aniya,13537,Haiti
1249106.0,SUZUKI,Sergio,10118,Japan
1282400.0,NAGAL,Sumit,12642,India
1282401.0,BOURIAH,Larbi,11931,Algeria
1282434.0,HURKACZ,Hubert,12241,Poland
1282435.0,MOUTET,Corentin,10472,France
1282444.0,BUBLIK,Alexander,10486,Kazakhstan
1282489.0,POPYRIN,Alexei,10475,Australia
1282494.0,TSITSIPAS,Stefanos,10483,Greece
1282496.0,KWON,Soonwoo,17474,Republic of Korea
1282506.0,KECMANOVIC,Miomir,18207,Serbia
1282525.0,YUAN,Yue,14007,China
1282543.0,FANNY,Kokou Dodji,11642,Togo
1293445.0,OH,Sanguk,15947,Republic of Korea
1315447.0,KANAET,Toni,10106,Croatia
1315470.0,ARTAMONOV,Mikhail,194293,ROC
1348526.0,MARTÍNEZ,Daniel,95735,Colombia
1392600.0,ORDEMANN,Richard,8786,Norway
1414529.0,ARANBURU,Alex,95650,Spain
1436254.0,MANSOURI,Abderrahmane,98871,Algeria
1436258.0,BURESTEDT,Felix,9855,Sweden
1469081.0,ZENG,Jian,10693,Singapore
1611403.0,WOJTKOWIAK,Adrian,8825,Poland
1611436.0,LOKHANOV,Konstantin,194400,ROC
1611473.0,ISOLA,Federica,9849,Italy
1611478.0,JURKA,Jakub,11972,Czech Republic
1611649.0,LOYOLA,Neisser,9861,Belgium
1611697.0,BORODACHEV,Kirill,194400,ROC
1611718.0,ILIEVA,Yoana,15938,Bulgaria
1611749.0,NIKITINA,Olga,194400,ROC
1611785.0,ANDRASFI,Tibor,8826,Hungary
1611867.0,OZLU,Bekir,11164,Türkiye
1611873.0,BUTKEREIT,Miriam,9851,Germany
1699195.0,CANNONE,Romain,11154,France
1721135.0,MARTINS SOARES,Icaro Miguel,15331,Brazil
1721144.0,KHRAMTCOV,Maksim,194293,ROC
1786592.0,SHAO,Jieni,8751,Portugal
1786610.0,MOUTII,Achraf,12056,Morocco
1786617.0,IRAOUI,Soumiya,12056,Morocco
1808780.0,SINDEN,Bradly,8809,Great Britain
1819834.0,OCHOA FERNANDEZ,Jefferson,10225,Colombia
1830719.0,BEIGI HARCHEGANI,Milad,9826,Azerbaijan
1830745.0,HADIPOUR SEIGHALANI,Armin,8775,Iran
1852563.0,LÓPEZ,Miguel Ángel,95735,Colombia
1874461.0,BADOSA,Paula,11581,Spain
1885392.0,RAMIREZ,Yeisser,12029,United States
1896257.0,CICCONE,Giulio,95033,Italy
1896272.0,SOTOMAYOR,Collazo,11967,Azerbaijan
1896273.0,GOZGEC,Batuhan,12437,Türkiye
1896278.0,KUNKABAYEV,Kamshybek,10218,Kazakhstan
1896279.0,FUCHS,Virginia,12035,United States
1896289.0,O’REILLY,Michael,8807,Ireland
1950860.0,AYASH,Ahmed,15702,Yemen
1950929.0,CILOGLU,Bilal,11164,Türkiye
1950943.0,MANOLOVA,Elis,15306,Azerbaijan
1951186.0,BELINSKA,Alla,12441,Ukraine
1951188.0,SCHELL,Anna,8785,Germany
1951190.0,WRZESIEN,Jowita,10815,Poland
2005771.0,FILIMON,Collins-Valentine,9820,Austria
2005840.0,ANTONSEN,Anders,10223,Denmark
2005847.0,POPOV JR.,Toma,14571,France
2005969.0,LOUDA,Jan,15321,Czech Republic
2006098.0,ŠVÁBÍKOVÁ,Tereza,15321,Czech Republic
2050073.0,PAREDES TORRES,Katherine Francheska,9839,Venezuela
2050201.0,HAMZA,Mohamed,15341,Egypt
2050244.0,AZUMA,Rio,8811,Japan
2105405.0,KANO,Koki,8811,Japan
2127341.0,CENGIZ,Ali,15984,Türkiye
2127354.0,KINSINGER,Etienne,8785,Germany
2127399.0,SIDAKOV,Zaurbek,194581,ROC
2171011.0,WANGCHAROEN,Kantaphon,11965,Thailand
2171012.0,KATETHONG,Supanida,11965,Thailand
2181971.0,MUNAR,Jaume,11581,Spain
2204113.0,TAYLOR,David,12055,United States
2215053.0,MACKINNON,Leonora Emily Anne,15073,Canada
2236877.0,LAVROVA,Anastassiya,10070,Kazakhstan
2258998.0,DUNBAR,Eddie,99391,Ireland
2259039.0,SANG,Kiplangat,16591,Kenya
2259325.0,NGOKABA,Deo Gracia,16593,Congo
2270294.0,SIM,Jae-Young,9828,Republic of Korea
2270453.0,ASGREEN,Kasper,95914,Denmark
2270468.0,HEYDAROV,Hidayet,8769,Azerbaijan
2270500.0,REID,Chantelle,10820,Great Britain
2270501.0,SURMENELI,Busenaz,12437,Türkiye
2270534.0,WU,Shih-Yi,12450,Chinese Taipei
2270542.0,CULLHAJ,Indrit,10847,Albania
2270804.0,CARINI,Angela,9867,Italy
2270812.0,SADIKU,Donjeta,19736,Kosovo
2271102.0,GERAEI,Mohammad Reza,11181,Iran
2271155.0,KIM,Min-Jeong,11135,Republic of Korea
2271192.0,YEA-ON,Kunathip,12464,Thailand
2271484.0,LEWIS,Bailey,8776,Australia
2271529.0,HAJJAMI,Omar,10788,Morocco
2271534.0,ANDRADE,Maria,13532,Cape Verde
2271541.0,DEMSE,Solomon,12157,Ethiopia
2271613.0,MUNGUNTSETSEG,Enkjargal,12059,Mongolia
2271641.0,VORONTSOVA,Liudmilla,194291,ROC
2271650.0,RYABETS,Nadezhda,10218,Kazakhstan
2271683.0,WON,Ungyong,15348,DPR Korea
2271684.0,RAMIREZ,Yarisel,12035,United States
2271723.0,BORGOHAIN,Lovlina,15995,India
2304711.0,SAUNDERS,Callum,94432,New Zealand
2304727.0,CABRAL,Francelina,94985,Timor-Leste
2304855.0,RIABUSHENKO,Aliaksandr,102343,Belarus
2305144.0,LAU,Vincent,99394,"Hong Kong, China"
2305161.0,MADOUAS,Valentin,105584,France
2305425.0,VLASOV,Aleksandr,194638,ROC
2305883.0,VORSTER,Michelle,93771,Namibia
2306071.0,DEBESAY,Mosana,98869,Eritrea
2306191.0,JACKSON,Alison,105592,Canada
2306586.0,OBARA,Yuta,94015,Japan
2307102.0,NGUYÊN,Thi That,95649,Vietnam
2307105.0,MENA,Milagro,102344,Costa Rica
2307149.0,CHOY,Hiu Fung,99394,"Hong Kong, China"
2307200.0,PALADIN,Soraya,95033,Italy
2307205.0,CHRISTOFOROU,Antri,95910,Cyprus
2307304.0,GIBBONS,Ryan,95044,South Africa
2307406.0,SHAPIRA,Omer,98868,Israel
2307408.0,LUDWIG,Cecilie,95914,Denmark
2374824.0,VIERU,Denis,8793,Moldova
2433358.0,METWALLY,Mohamed Moustafa,10246,Egypt
2433358.0,METWALLY,Mohamed Moustafa,10204,Egypt
2433388.0,MEMNELOUM,Demos,10852,Chad
2433394.0,SID AZARA,Bachir,14574,Algeria
2433394.0,SID AZARA,Bachir,11113,Algeria
2433407.0,AIT OUAGRAM,Zied,15994,Morocco
2433407.0,AIT OUAGRAM,Zied,10810,Morocco
2433428.0,EL MAHADI,Messoud,15994,Morocco
2433453.0,MOHAMED AHMED,Abdellatif,10204,Egypt
2433453.0,MOHAMED AHMED,Abdellatif,10246,Egypt
2445115.0,ABDELRAHMAN,Ahmed,10073,Egypt
2480373.0,BLANC,Leandro,10120,Argentina
2480389.0,RADZIONAU,Aliaksandr,15957,Belarus
2480407.0,MALKAN,Bayram,12437,Türkiye
2480417.0,GIRLEANU,Cosmin,12038,Romania
2480418.0,DURKACZ,Damian,9410,Poland
2480467.0,ABDULLAYEV,Mahammad,11967,Azerbaijan
2480484.0,EKINCI,Necat,12437,Türkiye
2480504.0,ALAKHVERDOVI,Sakhil,9837,Georgia
2480557.0,DE ANDRADE SIQUEIRA,Maicon,15331,Brazil
2480566.0,ERSEKER,Hakan,10845,Qatar
2480567.0,GRAF,David,11160,Germany
2492196.0,FARZALIYEV,Firdovsi,17109,Azerbaijan
2492199.0,DA COSTA,Steven,8798,France
2503837.0,ZARETSKA,Irina,17109,Azerbaijan
2503839.0,SÁNCHEZ,Sandra,11949,Spain
2503840.0,AKTAS,Ugur,10116,Türkiye
2515470.0,WILLIAMS,Stephen,102358,Great Britain
2550581.0,AMINASHVILI,Sandro,9405,Georgia
2550590.0,UWIHOREYE,Tufaha,11073,Rwanda
2562271.0,MCCORMACK,Luke,10820,Great Britain
2562273.0,HU,Jianguan,10228,China
2562289.0,EGOROV,Vasiliy,11969,Russia
2562298.0,COELHO,Ygor,11179,Brazil
2562309.0,BUATSI,Joshua,10820,Great Britain
2562314.0,SAFIULLIN,Zakir,10218,Kazakhstan
2562331.0,SOLONENKO,Denys,12012,Ukraine
2562408.0,KHARROUBI,Achraf,12961,Morocco
2562431.0,ASSAGHAIR,Mohamed,12961,Morocco
2562468.0,ROMERO,Rogelio,15952,Mexico
2562471.0,RODRIGUEZ,Victor,11966,Venezuela
2562474.0,NEMOUCHI,Younes,8778,Algeria
2562573.0,CABRERA,Luis,11966,Venezuela
2609467.0,YANG,Wenlu,10228,China
2645468.0,GARCÍA,Mavi,95650,Spain
2657689.0,OMBA BIONGOLO,Paul,15333,France
2681136.0,LUKASIK,Krzysztof,90477,Poland
2681140.0,BALKAN,Onur,95911,Türkiye
2681161.0,VARGAS,María José,102344,Costa Rica
2681685.0,ITKIN,Nick,12029,United States
2681780.0,KANEKO,Hiromi,99399,Japan
2693679.0,GOH,Jin Wei,10208,Malaysia
2693943.0,KYNIGAKIS,Athanasios,104358,Greece
2693945.0,LITCHFIELD,Joe,95254,Great Britain
2694143.0,HEREDIA,Laura,91577,Spain
2694191.0,GURI,Qendrim,97903,Kosovo
2694317.0,AGUIRRE,Fernanda,9827,Chile
2729818.0,TEREBO,Emma,89925,France
2729872.0,SAJNOK,Szymon,91481,Poland
2729910.0,NARVÁEZ,Jhonatan,105582,Ecuador
2729918.0,EL KOURAJI,Mohcine,99387,Morocco
2729920.0,SUN,Jiajun,98872,China
2753388.0,O'CONNOR,Ben,95039,Australia
2765101.0,CAVAGNA,Rémi,105584,France
2765220.0,SCHWEINBERGER,Christina,98862,Austria
2765309.0,MÄDER,Gino,95642,Switzerland
2765316.0,BANASZEK,Alan,91481,Poland
2765321.0,FOSS,Tobias,95919,Norway
2765337.0,EINHORN,Itamar,98868,Israel
2765407.0,SKALNIAK-SÓJKA,Agnieszka,95640,Poland
2777733.0,SACULTAN,Maxim,11956,Moldova
2778021.0,WENDLE,Annika,8785,Germany
2778031.0,MATCHARACHVILI,Givi,9405,Georgia
2778045.0,ZOIDZE,Ramaz,12960,Georgia
2778045.0,ZOIDZE,Ramaz,9405,Georgia
2778053.0,LIVACH,Oksana,12441,Ukraine
2778066.0,MELIA,Georgi,9405,Georgia
2778152.0,NASIBOV,Parviz,12006,Ukraine
2778152.0,NASIBOV,Parviz,12441,Ukraine
2778156.0,AXENTE,Catalina,14606,Romania
2778188.0,KENTCHADZE,Avtandil,9405,Georgia
2778211.0,KESSIDIS,Alex,15942,Sweden
2778264.0,KRAHMER,Jello,16005,Germany
2778282.0,MYKHAILOV,Vasyl,12441,Ukraine
2778378.0,HUKLEK,Ivan,11569,Croatia
2790380.0,LKHAGVATOGOO,Enkhriilen,12416,Mongolia
2824566.0,HERSHKO,Raz,11985,Israel
2824571.0,KOTSOIEV,Zelym,8769,Azerbaijan
2824585.0,PEKOVIC,Jovana,14338,Montenegro
2824655.0,BELLANDI,Alice,10221,Italy
2824661.0,HOUSSEIN,Aden-Alexandre,16597,Djibouti
2824677.0,SZYMANSKA,Angelika,11166,Poland
2824679.0,OBRADOVIC,Anja,12336,Serbia
2824683.0,REXHEPI,Arbresha,15707,North Macedonia
2824710.0,BILODID,Daria,11988,Ukraine
2824729.0,PONGRACZ,Bence,11982,Hungary
2824738.0,PARLATI,Christian,10221,Italy
2824766.0,LIPARTELIANI,Eteri,8808,Georgia
2824771.0,PRIMO,Gefen,11985,Israel
2824773.0,SHARIR,Gili,11985,Israel
2824793.0,KAJZER,Kaja,11939,Slovenia
2824794.0,PRODAN,Karla,9414,Croatia
2824802.0,OLSEN,Laerke,9847,Denmark
2824817.0,TAIMAZOVA,Madina,194292,ROC
2824823.0,MARINIC,Enej,11939,Slovenia
2824861.0,FERNANDO,Joao,15979,Portugal
2824887.0,SAHA,Luukas,11990,Finland
2824892.0,PERISIC,Marica,12336,Serbia
2824923.0,SAMPAIO,Patricia,15979,Portugal
2824930.0,LUCHT,Renee,9851,Germany
2824941.0,BOUKLI,Shirine,11142,France
2824943.0,SOMKHISHVILI,Sophia,8808,Georgia
2824950.0,BEDER,Tugce,11164,Türkiye
2824970.0,AKKUS,Mihrac,11164,Türkiye
2825010.0,CASES ROCA,Salvador,8771,Spain
2825021.0,HEGYI,Stephan,12037,Austria
2825055.0,GRIGORIAN,Aram,10856,United Arab Emirates
2861885.0,CRISTIAN,Jaqueline,17475,Romania
2885328.0,HOOVER,Gavin,89887,United States
2885346.0,LAVREYSEN,Harrie,89885,Netherlands
2885411.0,VAN DE WOUW,Hetty,89885,Netherlands
2885423.0,HINZE,Emma,90116,Germany
2885540.0,VECE,Miriam,90117,Italy
2885551.0,BAO,Shanju,91404,China
2885821.0,BIRIUKOVA,Yuliia,95038,Ukraine
2885843.0,RICHARDSON,Matthew,92742,Australia
2898023.0,TSERAKH,Hanna,233517,Individual Neutral Athlete
2898049.0,BISSEGGER,Stefan,95642,Switzerland
2921897.0,BALSAMO,Elisa,95033,Italy
2921897.0,BALSAMO,Elisa,90117,Italy
2921898.0,CAVALLI,Marta,95033,Italy
2933543.0,GALÁN,Daniel,12235,Colombia
2980567.0,SEDIK MOHAMED,Walid,12966,Egypt
2980585.0,SUN,Yingsha,10806,China
2980624.0,HARIMOTO,Tomokazu,11940,Japan
2994140.0,BRATEYKO,Solomiya,11140,Ukraine
3017585.0,SAYIT,Kayra,11164,Türkiye
3017643.0,EUBANKS,Christopher,13342,United States
3029312.0,BORGLI,Stine,95919,Norway
3040968.0,ESPÍNOLA,Agua Marina,95034,Paraguay
3041040.0,MOLNAR,Ede,99991,Romania
3041115.0,LÕIV,Janika,96329,Estonia
3066040.0,GAITERO MARTIN,Alberto,8771,Spain
3066071.0,PUUMALAINEN,Martti,11990,Finland
3066072.0,SVIRYD,Mikita,9829,Belarus
3067108.0,JAYNE JR.,John,14607,United States
3067115.0,STUMP,Nils,14596,Switzerland
3067141.0,SCOCCIMARRO,Giovanna,9851,Germany
3067144.0,KOWALCZYK,Julia,11166,Poland
3067386.0,RUUD,Casper,14010,Norway
3067421.0,KLEIN,Lukáš,17468,Slovakia
3067441.0,KOTOV,Pavel,232999,Individual Neutral Athlete
3091283.0,ZELIKMAN,Nicol,94486,Israel
3091313.0,HARNASKO,Alina,94037,Belarus
3091365.0,BALDASSARRI,Milena,91782,Italy
3091481.0,LIU,Jiali,91404,China
3091531.0,GUO,Yufang,91404,China
3197225.0,LIPPERT,Liane,98857,Germany
3197240.0,GÅSKJENN,Ingvild,95919,Norway
3197247.0,SIVAKOV,Pavel,194638,ROC
3197258.0,LACH,Marta,95640,Poland
3197289.0,POGACAR,Tadej,105594,Slovenia
3197290.0,HIRSCHI,Marc,95642,Switzerland
3208999.0,DE PLUS,Laurens,98863,Belgium
3209017.0,ANIOLKOWSKI,Stanislaw,95640,Poland
3209063.0,NICHITA,Anastasia,11956,Moldova
3209064.0,LYSAK,Anhelina,10815,Poland
3209095.0,TEVANYAN,Vazgen,15962,Armenia
3209099.0,LINDBORG,Sara Johanna,15942,Sweden
3209141.0,DOUARRE,Ameline,11981,France
3209170.0,NAGY,Bernadett,15953,Hungary
3209196.0,PILIDIS,Georgios,15937,Greece
3209213.0,LIUZZI,Emanuela,15358,Italy
3209303.0,DRAGUTAN,Mariana,11956,Moldova
3209332.0,CHOLUJ,Wiktoria,10815,Poland
3209341.0,HARUTYUNYAN,Arsen,15962,Armenia
3221036.0,HOSTENS,Manon,92104,France
3233323.0,KAMAL,Kerem Kazim,15318,Türkiye
3233333.0,ARNAUT,Razvan,12433,Romania
3233339.0,PETIC,Valentin,10109,Moldova
3233434.0,KOMAROV,Aleksandr,13922,Serbia
3233447.0,SAVOLAINEN,Arvi,15934,Finland
3233447.0,SAVOLAINEN,Arvi,10238,Finland
3233496.0,MASKEVICH,Kiryl,15935,Belarus
3233501.0,AMOYAN,Malkhas,9864,Armenia
3233567.0,SONE,Akira,10786,Japan
3233582.0,SOUZA,Beatriz,11177,Brazil
3233596.0,SHEROV,Erlan,15976,Kyrgyzstan
3233638.0,SNIPPE,Jelle,8805,Netherlands
3233647.0,HUSEYNOV,Karamat,8769,Azerbaijan
3233658.0,KHELIFI,Ghofran,12018,Tunisia
3233672.0,BERLIKASH,Kamila,9850,Kazakhstan
3233692.0,BAYANMUNKH,Narmandakh,10856,United Arab Emirates
3233744.0,BEDIOUI,Oumaima,12018,Tunisia
3304770.0,YAO,Ping,93744,China
3316782.0,VARDANYAN,Aram,10107,Uzbekistan
3316817.0,LEE,Spencer,12055,United States
3316818.0,MICIC,Stevan,18209,Serbia
3316825.0,HANCOCK,G'Angelo,12055,United States
3316867.0,HIGUCHI,Rei,8797,Japan
3328793.0,MARGARYAN,Vladimir,10785,Armenia
3328833.0,KEISER,Jessica,92367,Switzerland
3328844.0,HA,Thi Linh,16578,Vietnam
3328848.0,MIRZAEVA,Yodgoroy,10259,Uzbekistan
3329640.0,GU,Hong,10228,China
3341622.0,LIN,Xiaojun,92039,Republic of Korea
3412699.0,CARMONA HEREDIA,Samuel,12428,Spain
3436979.0,SAADA,Hassan,12961,Morocco
3437008.0,PAUL,Nigel,10818,Trinidad & Tobago
3437062.0,KLÖTZER,Maxi,11160,Germany
3437122.0,M'HAMDI,Bilel,15068,Tunisia
3460535.0,TAKAYAWA,Tevita,11963,Fiji
3460575.0,DOSSOU YOVO,Celtus,12462,Benin
3460576.0,UERA,Ovini,12468,Nauru
3472247.0,OBERHOLZER,Carla,95044,South Africa
3483941.0,PAUL,Tommy,13342,United States
3495959.0,SAKKARI,Maria,10483,Greece
3520274.0,RIZHKO,Tatyana,12441,Ukraine
3520290.0,VELIEVA,Khanum,194581,ROC
3520411.0,KAVIYANINEJAD,Amin,10244,Iran
3520448.0,STEVESON,Gable,12055,United States
3520470.0,TAYLOR,Hannah Fay,10824,Canada
3520510.0,OTOGURO,Takuto,8797,Japan
3520537.0,SUSAKI,Yui,8797,Japan
3520624.0,MIRZAZADEH,Amin,10244,Iran
3520624.0,MIRZAZADEH,Amin,11181,Iran
3520655.0,NEJAD,Mehdi,10244,Iran
3520694.0,RAKHMONOV,Abbos,12967,Uzbekistan
3520698.0,KEUNIMJAEVA,Aktenge,12967,Uzbekistan
3520720.0,ENKHAMAR,Davaansan,8817,Mongolia
3520729.0,ABDULLAEV,Gulomjon,12967,Uzbekistan
3520765.0,DEEPAK,Punia,11175,India
3520776.0,TUMUR-OCHIR,Tulga,8817,Mongolia
3520789.0,NISHA,Nisha,11175,India
3532708.0,NEUMANOVÁ,Tereza,95729,Czech Republic
3545854.0,LOFORTE,Kevin,11019,Mozambique
3545867.0,CAMILO,Yessica,93284,Dominican Republic
3581532.0,ANDREWS-NAHU,Kanah,92250,New Zealand
3581572.0,CASTRO,Daniel,97541,Spain
3581594.0,HORACKOVA,Marie,93114,Czech Republic
3581598.0,ACHA,Pablo,97541,Spain
3581689.0,VALLENILLA,Keydomar,94647,Venezuela
3593546.0,ZUKHUROV,Siyovush,12983,Tajikistan
3594481.0,TANAKA,Ryomei,9868,Japan
3606700.0,CHELIUS,Emma,94594,South Africa
3606797.0,SANTOS,Gabriel,95178,Brazil
3606820.0,CHAN,Jonathan,93386,Singapore
3606897.0,MÁRQUEZ,Celina,92973,El Salvador
3606926.0,PENRUDOCKE,Adriana,94042,Bermuda
3607008.0,EKLUND,Jakob,94488,Finland
3607102.0,LETTSOME,Thad,93149,British Virgin Islands
3619357.0,SUGAI,Ryo,92019,Japan
3619864.0,LEILUA,Eroni,93142,Samoa
3620607.0,JANTAWAN,Benyapa,95207,Thailand
3620940.0,LOVELL,Stephanie,93365,Saint Lucia
3656008.0,ABDELMOTTALEB,Diaaeldin,10246,Egypt
3656069.0,IVANOV,Georgi,15328,Bulgaria
3667978.0,OWIS,Esraa,92545,Egypt
3667980.0,TORTU,Filippo,91594,Italy
3668002.0,VAN ROOYEN,Jason,91331,South Africa
3668012.0,YAMASHITA,Jun,91841,Japan
3668046.0,MOHAMED DEMBIL,Kadra,92227,Djibouti
3668052.0,SHANAHAN,Louise,96910,Ireland
3668068.0,SMAILI,Mostafa,91445,Morocco
3668072.0,CHAMA,Noel,93121,Mexico
3668092.0,NDIKUMWENAYO,Thierry,95223,Spain
3668110.0,KONÉ,Maboundou,91544,Côte d'Ivoire
3668115.0,RUMAT HASSAN,Margret,101940,South Sudan
3668118.0,MAMOUDOU ITTATOU,Mariama,97586,Niger
3668121.0,MUSE,Maryan,91346,Somalia
3668134.0,MARTINS,Nelia,101305,Timor-Leste
3668140.0,MORÁN,Paola,93121,Mexico
3668169.0,SELLO,Tsepang,91378,Lesotho
3668214.0,TABILO,Alejandro,12648,Chile
3668222.0,BORGES,Nuno,17471,Portugal
3668223.0,BARRIOS,Tomás,12648,Chile
3668225.0,HUMBERT,Ugo,10472,France
3668230.0,ANDREESCU,Bianca,17462,Canada
3668367.0,AUGER-ALIASSIME,Félix,17462,Canada
3668383.0,RYBAKINA,Elena,10486,Kazakhstan
3692734.0,PERO,Dainier,10257,Cuba
3692743.0,ALVAREZ BORGES,Erislandy,10257,Cuba
3692780.0,RUZMETOV,Dilshodbek,10259,Uzbekistan
3692895.0,TORREZ,Richard,12035,United States
3692905.0,BAALLA,Youness,12961,Morocco
3692920.0,PANMOD,Thitisan,10239,Thailand
3763327.0,THOMAS,Leah,95637,United States
3787169.0,SINSIRI,Bunjong,10239,Thailand
3799604.0,STOLL,Theresa,9851,Germany
3800391.0,CARLINO,Andrea,10221,Italy
3800401.0,PLAFKY,Moritz,9851,Germany
3800404.0,BASHAEV,Tamerlan,194292,ROC
3800484.0,FARA,Aaron,12037,Austria
3800500.0,CAVELIUS,Timo,9851,Germany
3800739.0,DIESSE,Aurelien,11142,France
3800749.0,TRIPPEL,Eduard,9851,Germany
3800772.0,WILLEMS,Gabriella,10079,Belgium
3800780.0,TANZER,Katharina,12037,Austria
3800783.0,KUKA,Loriana,15822,Kosovo
3800788.0,CASSE,Matthias,10079,Belgium
3883661.0,ZHANG,Zhizhen,14007,China
3931319.0,MORONTA,Maria,12053,Dominican Republic
3966450.0,KARAPETIAN,Ferdinand,11983,Armenia
3978258.0,VITIDSARN,Kunlavut,11965,Thailand
3989959.0,ADYLBEK UULU,Erkin,15334,Kyrgyzstan
4001783.0,ABUZRIBA,Ahmed,89920,Libya
4001826.0,EYENGA,Jeanne,96964,Cameroon
4001828.0,ABREU,Isabela,91505,Brazil
4013603.0,KASSMAN,Samantha,9894,Papua New Guinea
4013662.0,BOUI,David,9892,Central African Republic
4013787.0,WAEL,Abdelrahman,11971,Egypt
4014205.0,TAU,Michelle,11158,Lesotho
4061214.0,NJIE,Faye,16581,Gambia
4061329.0,SILVA,Djamila,9436,Cape Verde
4084835.0,ARGILAGOS PEREZ,Joahnys,10257,Cuba
4084840.0,JALOLOV,Bakhodir,10259,Uzbekistan
4084873.0,WARAWARA,Boe,15694,Vanuatu
4084877.0,THARUMALINGAM,Thulasi,10845,Qatar
4202029.0,NAGAYAMA,Ryuju,10786,Japan
4202033.0,SERIKZHANOV,Yerlan,9850,Kazakhstan
4202046.0,RASHNONEZHAD,Mohammad,62303,Refugee Olympic Team
4202139.0,DIVKOVIC,Patrik,12418,Slovenia
4202188.0,ENKHTAIVAN,Ariunbold,12416,Mongolia
4202189.0,MURODOV,Akmal,12968,Tajikistan
4202203.0,CARGNIN,Daniel,11177,Brazil
4202217.0,BOBONOV,Davlat,14612,Uzbekistan
4202219.0,RUZIEV,Doston,14612,Uzbekistan
4202223.0,FUNAKUBO,Haruka,10786,Japan
4202229.0,LILI,Mohamed El Mehdi,14605,Algeria
4202233.0,GONCALVES,Leonardo,11177,Brazil
4202238.0,FREY,Johannes,9851,Germany
4202261.0,RAKHIMOV,Temur,12968,Tajikistan
4202266.0,KHURRAMOV,Mukhammadkarim,14612,Uzbekistan
4202323.0,GEORGIEVSKI,Dejan,11094,North Macedonia
4202352.0,MAGOMEDOV,Gashim,9826,Azerbaijan
4202456.0,DELL'AQUILA,Vito,15948,Italy
4202514.0,TURAEV,Khikmatillokh,14612,Uzbekistan
4202516.0,POPESCU,Ana Maria,15955,Romania
4214712.0,CRUZ,Alexis Miguel,12053,Dominican Republic
4226403.0,LOKHANOVA,Sofia,194400,ROC
4226433.0,KOVACS,Richard,12041,Hungary
4226441.0,ZEA ARMENTA,Gibran,10093,Mexico
4226442.0,SARYBAY,Aigerim,10092,Kazakhstan
4226456.0,BATTISTON,Michela,9849,Italy
4226694.0,DUDOVA,Bilyana,15328,Bulgaria
4226907.0,VITITIN,Artur,10254,Estonia
4227026.0,GOCEN,Osman,15318,Türkiye
4227105.0,HASSAN,Mohamed,15341,Egypt
4227135.0,GU,Daniel,15073,Canada
4227177.0,ABDUL RAHMAN,Kiria Tikanah,10080,Singapore
4227204.0,CHEN,Qingyuan,14577,China
4238990.0,SOGOIANI,Giorgi,91856,Georgia
4239188.0,CAKIROGLU,Buse Naz,12437,Türkiye
4250884.0,CIFTCI,Batuhan,12437,Türkiye
4251143.0,WALSH,Aidan,8807,Ireland
4251216.0,ABBASOV,Vakhid,12272,Serbia
4274512.0,KASEM,Mohamad,15700,Syria
4274706.0,ZEMOURI,Morad,11267,Qatar
4391867.0,HAMUNYELA,Matias,8827,Namibia
4391878.0,VARGAS,Antonio,12035,United States
4391963.0,KATUA,Thadius,12067,Papua New Guinea
4391969.0,HILL,Winston,12047,Fiji
4438848.0,GOMES DOS SANTOS,Caroline,15331,Brazil
4438882.0,PEREZ BOX,Ana,8771,Spain
4450510.0,SCHOLTZ,Johanita,15968,South Africa
4450521.0,LEE,Zii Jia,10208,Malaysia
4450656.0,CANJURA,Uriel,15367,El Salvador
4450677.0,CASTILLO,Ines,10811,Peru
4450686.0,OPTI,Sören,9420,Suriname
4462367.0,YOSHIDA,Kento,8811,Japan
4462447.0,KATONA,Renata,8826,Hungary
4462491.0,SABIROV,Shakhzodbek,14612,Uzbekistan
4462561.0,DAVISON,Charley,10820,Great Britain
4464061.0,ATLI,Suleyman,15318,Türkiye
4464074.0,UGUEV,Zavur,194581,ROC
4464209.0,CHARTOI,Adam,11127,Sweden
4464235.0,USMONOV,Bakhodur,12983,Tajikistan
4464271.0,MADIEV,Eskerkhan,9837,Georgia
4464363.0,POLANCO EMILIANO,Rohan,12053,Dominican Republic
4464374.0,TEMIRZHANOV,Serik,10218,Kazakhstan
4464508.0,BAATTH,Simranjit Kaur,15995,India
4500922.0,KIM,Ga-Eun,10075,Republic of Korea
4536034.0,OKOLIE,Lawrence,10820,Great Britain
4536215.0,YANG,Yung Wei,15337,Chinese Taipei
4559569.0,AWITI,Prisca,16588,Mexico
4559606.0,DJALO,Alpha Oumar,11142,France
4583414.0,GARSIDE,Harry,11102,Australia
4583418.0,WINWOOD,Alex,11102,Australia
4665117.0,KUMANAN,Nethra,97604,India
4665184.0,REHBERG,Maya,94474,Germany
4665337.0,NINIS,Jozef,94038,Slovakia
4665362.0,GRAJALES,Crisanto,96951,Mexico
4665370.0,BARWOOD,Adam,94028,New Zealand
4665413.0,FRAYNE,Henry,96375,Australia
4665454.0,THOMPSON,Broderick,95279,Canada
4665533.0,SIMBU,Alphonce Felix,94593,Tanzania
4665584.0,ARTYKOV,Izzat,91362,Kyrgyzstan
4665647.0,HUTCHINS,Matthew,94047,New Zealand
4665684.0,FREDERICK,Priscilla,97587,Antigua and Barbuda
4665706.0,EYBOG,Daniil,201556,ROC
4665717.0,VEGA,Demita,91846,Mexico
4665740.0,NIRKKO,Tapio,94488,Finland
4665775.0,PLICHTA,Anna,95640,Poland
4665840.0,DECROIX,Marjolein,92540,Belgium
4665862.0,KRETZ,Amélie,91732,Canada
4665938.0,TRIKHICHEV,Pavel,170771,Olympic Athlete from Russia
4665940.0,LARSEN,Henrik,91321,Norway
4666080.0,GUERRERO,Esther,95223,Spain
4666147.0,CHEPKOECH,Beatrice,95235,Kenya
4666150.0,KIM,Minsun,97997,Republic of Korea
4666201.0,ZABUZHENKO,Eduard,91581,Ukraine
4666221.0,ITOYA,Juliet,95223,Spain
4666235.0,VAN SCHAARDENBURG,Rutger,91584,Netherlands
4666236.0,BENDIKA,Baiba,91585,Latvia
4666236.0,BENDIKA,Baiba,93319,Latvia
4666321.0,ALBASINI,Michael,95642,Switzerland
4666347.0,PACIERPNIK,Natalia,94597,Poland
4666350.0,HUBER,Katharina,92026,Austria
4666368.0,GELLE,Peter,91780,Slovakia
4666373.0,BARRY,Trevor,96929,Bahamas
4666437.0,GOMEZ,Judith,90493,France
4666448.0,JEPKOSGEI,Nelly,95288,Bahrain
4666452.0,TOKOLA,Milko,94625,Finland
4666486.0,STASELOVICH,Viktar,92082,Belarus
4666499.0,GKOLOMEEV,Kristian,94631,Greece
4666512.0,TODOROVIC,Mario,89922,Croatia
4666557.0,FUJIMORI,Hiromasa,95181,Japan
4666571.0,PYELYESHENKO,Oleksandr,92893,Ukraine
4666588.0,ELLENWOOD,Georgia,91425,Canada
4666618.0,BOUFFARD-NESBITT,Olivia,92054,Canada
4666631.0,WILLETT,James,96380,Australia
4666638.0,KO,Lydia,89917,New Zealand
4666665.0,KERSHAW,Devon,92054,Canada
4666669.0,WARE,Pamela,94084,Canada
4666773.0,SMULDERS,Laura,93603,Netherlands
4666782.0,EKIMOV,Leonid,194614,ROC
4666791.0,BODNAR,Maciej,95640,Poland
4666824.0,DESMET,Stijn,91039,Belgium
4666840.0,SEGUEL,Clemente,92876,Chile
4666896.0,ZDZIEBLO,Katarzyna,96888,Poland
4666915.0,KLZIE,Ayman,92967,Syria
4666930.0,GRABICH,Federico,96924,Argentina
4666947.0,GOURLEY,Neil,92761,Great Britain
4666967.0,CUSINATO,Ilaria,91971,Italy
4667036.0,WALKER,Sage,91425,Canada
4667047.0,KIM,Sang-Kyum,92760,Republic of Korea
4667073.0,ÚRADNÍK,Miroslav,91884,Slovakia
4667075.0,ARMAS,Alina,91467,Namibia
4667120.0,TAKAMIZAWA,Anju,91841,Japan
4667129.0,PREVC,Cene,94672,Slovenia
4667130.0,CAPOVÁ,Gabriela,96381,Czech Republic
4667171.0,PUCHNER,Mirjam,92026,Austria
4667209.0,SCHÄR,Michael,95642,Switzerland
4667214.0,FUJIMORI,Yuka,91769,Japan
4667269.0,SEPÚLVEDA,Eduardo,99401,Argentina
4667304.0,HUANG,Yu-Ting,97787,Chinese Taipei
4667309.0,SON,Myeong-Jun,96937,Republic of Korea
4667355.0,KÁCSER,Zita,91810,Hungary
4667364.0,PIERDEVARA,Florina,91838,Romania
4667415.0,RAGEH,Mohammed,92941,Yemen
4667451.0,OLIVEIRA,Lorrane,91777,Brazil
4667500.0,OLESK,Peeter,91614,Estonia
4667548.0,DERGUNOV,Alexey,92235,Kazakhstan
4667551.0,HERZOG,Vanessa,97783,Austria
4667586.0,OSMANOGLU,Seref,97543,Türkiye
4667601.0,BIAN,Tongda,89910,China
4667644.0,LICWINKO,Kamila,96888,Poland
4667654.0,HIIDENSALO,Olli,92563,Finland
4667679.0,BENFEITO,Meaghan,94084,Canada
4667699.0,GUYOT,Sarah,92104,France
4667700.0,HILL,Darrell,91849,United States
4667778.0,KHALIFA,Mohamed,92545,Egypt
4667790.0,KARALIS,Emmanouil,97537,Greece
4667804.0,MATHEWS,Luke,96375,Australia
4667808.0,DE KETELE,Kenny,89895,Belgium
4667822.0,RAMMO,Karl-Martin,91530,Estonia
4667844.0,VAN DEN BROECKE,Dries,92540,Belgium
4667847.0,TAARAMÄE,Rein,95734,Estonia
4667852.0,LEFÈVRE,Lucile,96922,France
4667998.0,ENEKWECHI,Chukwuebuka,97539,Nigeria
4668008.0,DASHIDORZHIEVA,Tuiana,91970,Russia
4668052.0,CHOI,Min Jeong,92039,Republic of Korea
4668098.0,TENKANEN,Tuula,94488,Finland
4668124.0,LAWSON,Jarrion,91849,United States
4668240.0,GLUCKSTEIN,Camilla,93840,Brazil
4668285.0,HAMDY,Mostafa,92077,Egypt
4668291.0,OPSETH,Silje,92606,Norway
4668332.0,MCPHAIL,Michael,95182,United States
4668336.0,HUANG,Ting Ying,99386,Chinese Taipei
4668345.0,HAILESELASSIE,Yemane,97583,Eritrea
4668391.0,NAIGAMBO,Beata,91467,Namibia
4668438.0,KIRAJ,Stefan,91606,Germany
4668451.0,ALRASHIDI,Talal,91366,Kuwait
4668497.0,MEADOW,Stephanie,91451,Ireland
4668513.0,PALJK,Tilka,93370,Zambia
4668521.0,MUTETI,Emily,93377,Kenya
4668551.0,FONTAINE,Logan,99639,France
4668567.0,WESCHE,Maddison-Lee,95176,New Zealand
4668601.0,KHNYCHENKOVA,Anna,96384,Ukraine
4668602.0,ZAHKNA,Rene,92297,Estonia
4668656.0,ABUAKU,Joshua,94474,Germany
4668671.0,BROWNE,Kwesi,92733,Trinidad & Tobago
4668733.0,WISE,David,94642,United States
4668881.0,SAARINEN,Aino-Kaisa,94041,Finland
4668895.0,CARSON,Hamish,95176,New Zealand
4668932.0,MCCULLOUGH,Conor,91849,United States
4668956.0,HAROUN,Abdalelah,96945,Qatar
4668969.0,BRUCHET,Lucas,91425,Canada
4668970.0,LEMAITRE,Christophe,91520,France
4668993.0,GAMBARO,Barbara,91868,Italy
4669016.0,LOCH,Felix,91469,Germany
4669023.0,DUCHAMPT,Félix,96300,Romania
4669026.0,RISTIC,Milan,101446,Serbia
4669089.0,OLIVERA,Erika,91472,Chile
4669105.0,HALL,Marielle,91849,United States
4669179.0,PEKLER,Zalán,94477,Hungary
4669184.0,WILSON,Nickiesha,95237,Jamaica
4669324.0,ARAI,Ryohei,91841,Japan
4669350.0,KOSOVA,Ekaterina,200954,ROC
4669385.0,GROSS,Stefano,96391,Italy
4669389.0,AMANOVA,Ranohon,93366,Uzbekistan
4669394.0,GAILUMS,Patriks,89947,Latvia
4669395.0,FLETCHER,Taylor,92303,United States
4669444.0,KELES,Ismail,92561,Türkiye
4669490.0,AL RASHEDI,Mansour,91366,Kuwait
4669493.0,LEE,Chih-Kai,92300,Chinese Taipei
4669526.0,MOEN,Sondre Nordstad,94497,Norway
4669563.0,ARÉVALO,Alberto,92784,Spain
4669583.0,COSTA,Chiara,96804,Senegal
4669586.0,BALABAN,Nina,96887,North Macedonia
4669604.0,RONCATTO,Gabrielle,95178,Brazil
4669642.0,HOU,Yawen,91428,China
4669644.0,ŠVÁBÍKOVÁ,Amálie,91602,Czech Republic
4669682.0,MCKEOWN,Taylor,91357,Australia
4669729.0,FEMLING,Peppe,91473,Sweden
4669732.0,HORVÁTH,Dávid,94021,Hungary
4669736.0,MITTERMÜLLER,Silvia,95203,Germany
4669771.0,CRADDOCK,Lawson,95637,United States
4669781.0,RODRÍGUEZ,César Augusto,92612,Peru
4669811.0,SÁNCHEZ,Ryan,92292,Puerto Rico
4669828.0,BURGOS,Lely,94451,Puerto Rico
4669861.0,LALENKOVA,Evgenia,201553,ROC
4669990.0,KAO,Chan-Hung,91850,Chinese Taipei
4670003.0,KRAMER,Sven,93590,Netherlands
4670015.0,OVERHOLT,Emily,91621,Canada
4670027.0,TA LOU-SMITH,Marie Josée,91544,Côte d'Ivoire
4670039.0,ANACHARSIS,Phara,91520,France
4670043.0,SAHROM,Shah Firdaus,89900,Malaysia
4670105.0,SANTOS-GRISWOLD,Kristen,94506,United States
4670131.0,PRICE,Deanna,91849,United States
4670132.0,KENNEDY,Nina,96375,Australia
4670146.0,SAWANO,Daichi,91841,Japan
4670190.0,NAGAI,Hideaki,95212,Japan
4670191.0,HOEFFLIN,Sarah,96896,Switzerland
4670246.0,NOCETI-KLEPACKA,Zofia,91468,Poland
4670247.0,SNYDERS,Glenn,94047,New Zealand
4670258.0,CINK,Ondrej,91402,Czech Republic
4670280.0,POLTORANINA,Olga,94063,Kazakhstan
4670390.0,MIRAMBELL,Ander,96606,Spain
4670460.0,BOUCHARD,Léandre,96342,Canada
4670587.0,MAMONA,Patrícia,91452,Portugal
4670674.0,BORLÉE,Kévin,91068,Belgium
4670686.0,CAVENDISH,Mark,89899,Great Britain
4670760.0,SONG,Jong-Ho,92351,Republic of Korea
4670873.0,PHAM,Phuoc Hung,93671,Vietnam
4670909.0,VLAŠIC,Blanka,91770,Croatia
4670917.0,PHATLUM,Pornanong,93185,Thailand
4671088.0,SMOLIGA,Olivia,95184,United States
4671114.0,HOLUND,Hans Christer,94487,Norway
4671148.0,LAHEURTE,Maxime,92586,France
4671187.0,ILNAM,Yavuz,92561,Türkiye
4671227.0,SCHMID,Alexander,92764,Germany
4671234.0,GALIAZZO,Marco,91529,ITA
4671341.0,BARGAOUI,Khaled,97313,Tunisia
4671349.0,WESH,Darrell,95269,Haiti
4671350.0,LEWANDOWSKI,Marcin,96888,Poland
4671362.0,HARTFIELD,Mike,91849,United States
4671405.0,BAQLEH,Khader,92805,Jordan
4671539.0,KOPTELOV,Evgeniy,92343,Russia
4671652.0,FASSI,María,92914,Mexico
4671657.0,WARHOLM,Karsten,94497,Norway
4671668.0,ANTONIOU,Ioannis,95751,Greece
4671740.0,MATSUSHITA,Momotaro,97564,Japan
4671810.0,PETKOVA,Diana,91601,Bulgaria
4671873.0,SHKANOVA,Maria,95259,Belarus
4671877.0,KIRKOVA,Maria,95260,Bulgaria
4671881.0,OKPARAEBO,Ezinne,94497,Norway
4671897.0,GORICHEVA,Karina,95165,Kazakhstan
4671918.0,O'REILLY,Ellis,100760,Ireland
4671929.0,RUZICIC-BENEDEK,Dalma,94524,Serbia
4671931.0,OLIVAS,Andrés,93121,Mexico
4671934.0,ROJAS,Luz Mery,92612,Peru
4671954.0,ERVITI,Imanol,95650,Spain
4672004.0,TSMYH,Mikita,92082,Belarus
4672008.0,SIMONAKOVÁ,Katarina,94038,Slovakia
4672022.0,CRAGG,Amy,91849,United States
4672090.0,IBAÑEZ,Liliana,91598,Mexico
4672106.0,MARTINS,Valdileia,96363,Brazil
4672137.0,MASSON,Caroline,92136,Germany
4672234.0,DOWGIERT,Anna,94476,Poland
4672273.0,CABRERA,Rafael,91495,Spain
4672387.0,AUGUSTINE II,Dionisio,92164,Micronesia
4672397.0,BUSSLER,Patrick,95203,Germany
4672399.0,EMMONS,Matthew,95182,United States
4672448.0,AZMAN,Ahmad Amsyar,90516,Malaysia
4672526.0,MÄKELÄ,Kristiina,92122,Finland
4672542.0,DE MEMME,Martina,91971,Italy
4672550.0,BORMAN,Brittany,91849,United States
4672608.0,KAPPACHER,Adam,90490,Austria
4672612.0,MATTSSON,Matti,92601,Finland
4672622.0,GARCÍA-CARO,Laura,95223,Spain
4672706.0,HATSKO,Hanna,91581,Ukraine
4672779.0,PEREKHODA,Ruslan,89907,Ukraine
4672870.0,DEAN,Anthony,98010,Australia
4672872.0,VESELÝ,Vítezslav,91602,Czech Republic
4672894.0,MARRAI,Francesco,91740,Italy
4672899.0,ÖHLING-NORBERG,Victor,91754,Sweden
4672918.0,BROEKX,Lize,91316,Belgium
4672943.0,OGUNMAKINJU,Omolara,97539,Nigeria
4672981.0,USHIRO,Keisuke,91841,Japan
4672985.0,KINNUNEN,Nastassia,92563,Finland
4673005.0,BRANCAL,Ricardo,97591,POR
4673008.0,WINKCUP,Georgia,96375,Australia
4673013.0,BASS,Gina,92353,Gambia
4673015.0,CHEN,Aisen,89939,China
4673017.0,GOVORCINOVIC,Anamaria,92269,Croatia
4673032.0,OBRATOV,Daria,93473,Croatia
4673077.0,KENNY,Jason,89899,Great Britain
4673080.0,VAN RIESSEN,Laurine,89885,Netherlands
4673096.0,GAIDUC,Nicolae,95757,Moldova
4673101.0,ARZHANIKOV,Ivan,94306,Kazakhstan
4673127.0,MAROTTE,Maxime,91409,France
4673132.0,SAMARAKOON,Mangala,91983,Sri Lanka
4673251.0,FETTNER,Manuel,94661,Austria
4673273.0,SHAJAN,Aminath,92817,Maldives
4673310.0,VAN DER VEN,Rick,91787,Netherlands
4673317.0,FUNK,Ricarda,91626,Germany
4673396.0,HUGHES,Mackenzie,92265,Canada
4673442.0,ORTIZ,Ricardo,93121,Mexico
4673464.0,ANDRUSENKO,Veronika,92343,Russia
4673464.0,ANDRUSENKO,Veronika,194639,ROC
4673520.0,KITAGUCHI,Haruka,91841,Japan
4673546.0,DÒRIA,Mònica,93822,Andorra
4673603.0,SAMPSON,Dane,96380,Australia
4673624.0,WASSEN,Christina,92352,Germany
4673789.0,HUNTER,Charlie,96375,Australia
4673806.0,ISMAYILOV,Daniyar,96902,Türkiye
4673874.0,OKAZAKI,Haruka,92033,Japan
4673907.0,LIIV,Marten,94130,Estonia
4673946.0,CHEN,Nathan,91516,United States
4673971.0,SMITH,Samantha,94656,Canada
4673991.0,GODINO,Michele,91794,Italy
4674023.0,RISZTOV,Éva,94021,Hungary
4674023.0,RISZTOV,Éva,103835,Hungary
4674058.0,BUZIAK,Paulina,96888,Poland
4674061.0,DEARING,Alice,104359,Great Britain
4674073.0,ALBEDWAWI,Nada,95317,United Arab Emirates
4674103.0,KALAMOYETS,Siarhei,91502,Belarus
4674188.0,MENA,Reynier,89943,Cuba
4674192.0,MUSTAPA,Fatehah,89900,Malaysia
4674272.0,ALSALEEM,Seraj Abdulrahim,96314,Saudi Arabia
4674287.0,KIMURA,Ayako,91841,Japan
4674329.0,TAYLOR,Christopher,95237,Jamaica
4674344.0,CHEN,Wen-Huei,91850,Chinese Taipei
4674365.0,ZHILKIN,Andrey,194639,ROC
4674370.0,MAREE,David,92746,South Africa
4674434.0,DE DEUS,Leonardo,95178,Brazil
4674445.0,DAVLYATOV,Shokhrukh,91434,Uzbekistan
4674460.0,JOHNSON,Felisha,91849,United States
4674467.0,FUJISAWA,Isamu,91841,Japan
4674503.0,ITO,Masaki,89927,Japan
4674525.0,RIVAS,Lina,91454,Colombia
4674578.0,DENG,Weiyun,92331,China
4674588.0,ASPANDIYAROVA,Dina,96380,Australia
4674605.0,SMITH,Rebecca,91621,Canada
4674610.0,DONIZETE VALERIANO,Rubens,91032,Brazil
4674631.0,ALEXANDER,Kineke,92604,St. Vincent & the Grenadines
4674632.0,JONES,Brandon,92284,Belize
4674659.0,KÉKESI,Márton,94016,Hungary
4674697.0,SHMELEVA,Daria,195791,ROC
4674697.0,SHMELEVA,Daria,92737,Russia
4674699.0,DONG,Guojian,89910,China
4674752.0,SEYD,Seyed Sattar,93320,Iran
4674800.0,BERGERMANN,Zoe,94050,Canada
4674842.0,VAN DYK,Jo-Ané,91331,South Africa
4674852.0,VUORINEN,Lauri,94041,Finland
4674875.0,BEZUIDENHOUT,Christiaan,95785,South Africa
4674926.0,REED,Patrick,94484,United States
4674947.0,NYASANGO,Cuthbert,92313,Zimbabwe
4674953.0,GRETHEN,Charles,91596,Luxembourg
4674961.0,GRIDNEVA,Alina,170773,Olympic Athlete from Russia
4674986.0,MATHEWS,Kurtis,91751,Australia
4674987.0,DELACRUZ,Jourdan,92092,United States
4675023.0,BUCKINGHAM,Ben,96375,Australia
4675025.0,VAN HUNENSTIJN,Marije,91854,Netherlands
4675071.0,SINGH,Gaurika,98163,Nepal
4675127.0,TIRUMA,Eliza,92325,Latvia
4675141.0,LEE,Sang-Ho,92760,Republic of Korea
4675169.0,TESCHUK,Erin,91425,Canada
4675193.0,JEAN,Aurore,95262,France
4675238.0,SVAVARSSON,Hákon,95775,Iceland
4675255.0,TROTSKI,Ivan,91502,Belarus
4675258.0,ARCILLA,Francisco,95223,Spain
4675351.0,CORREA,Matheus,96363,Brazil
4675377.0,ZMUSHKA,Alina,233512,Individual Neutral Athlete
4675377.0,ZMUSHKA,Alina,92082,Belarus
4675400.0,POPA,Raul,92567,Romania
4675413.0,SCHNEIDER,Rachel,91849,United States
4675415.0,KHALADOVICH,Tatsiana,91502,Belarus
4675422.0,GREENE,Cejhae,97587,Antigua and Barbuda
4675560.0,ROONEY,Natalie,92049,New Zealand
4675588.0,KATO,Ryohei,94494,Japan
4675640.0,JOHNSTON,Abby,91613,United States
4675653.0,ASADOV,Elçin,105587,Azerbaijan
4675716.0,KOSKINEN,Suvi,92122,Finland
4675724.0,KOPASZ,Bálint,95242,Hungary
4675765.0,FISCHNALLER,Kevin,94452,Italy
4675776.0,LEE,Kwang-Ki,92760,Republic of Korea
4675847.0,HOJER,Jan,101325,Germany
4675862.0,MACK,Kyle,92538,United States
4675920.0,KABLE,Glenn,95806,Fiji
4675948.0,KAYNAR,Alican,91044,Türkiye
4675950.0,CHEN,Fang,92331,China
4675995.0,HERRERO,Laro,91862,Spain
4675999.0,MENIKER,Nawal,91520,France
4676037.0,SUN,Wei,91858,China
4676055.0,DONATO,Fabrizio,91594,Italy
4676117.0,HERNANDEZ,Sophia,92783,Guatemala
4676126.0,DIETHELM GERBER,Heidi,94504,Switzerland
4676161.0,ASTAPENKA,Yury,90501,Belarus
4676165.0,MRATOVIC,Luka,92084,Croatia
4676169.0,MIHELIC,Tina,92084,Croatia
4676192.0,LEUNG,Chun Wing,89892,"Hong Kong, China"
4676226.0,MINKOUMBA,David,96964,Cameroon
4676275.0,TILLEY,Alexandra,92591,Great Britain
4676288.0,ZHANG,Bowen,92331,China
4676309.0,SALAS,Fernando,92222,Ecuador
4676341.0,SCHAUB,Philip,93600,Germany
4676355.0,ESTRUP,Nicole Broch,92568,Denmark
4676367.0,BART,Adrien,92104,France
4676394.0,NULLMEYER,Ali,95279,Canada
4676537.0,HEJNOVÁ,Zuzana,91602,Czech Republic
4676572.0,PEVTSOV,Rostyslav,93024,Azerbaijan
4676639.0,GOLD,Taylor,92538,United States
4676677.0,BROWN,Georgia-Rose,91974,New Zealand
4676730.0,MASTIANICA,Artur,94493,Lithuania
4676739.0,MAKATISI,Mokulubete,91378,Lesotho
4676769.0,ROSSI,Lucas,97319,Argentina
4676790.0,RAYNER,Jack,96375,Australia
4676802.0,KARAVA,Anni,97559,Finland
4676940.0,CADURISCH,Irene,96387,Switzerland
4676966.0,PACKARD,Jake,91357,Australia
4676969.0,SOLEMDAL,Synnøve,91421,Norway
4677013.0,CHANG'ANAMUNO,Tayamika,92816,Malawi
4677020.0,GUTIÉRREZ,Israel,91056,El Salvador
4677027.0,RASIMOVICIUTE-BRICE,Diana,93120,Lithuania
4677070.0,RIBAKOVA,Alona,91552,Latvia
4677071.0,FREITAG,Uschi,92078,Netherlands
4677093.0,WAWAK,Bartlomiej,90477,Poland
4677168.0,JELE,Lydia,92017,Botswana
4677184.0,NESTENG,Bård,92881,Norway
4677294.0,HOGAN,Victor,91331,South Africa
4677309.0,BLUNCK,Aaron,94642,United States
4677315.0,SZABIÁN,Norbert,94477,Hungary
4677333.0,SCHOEMAN,Henri,91871,South Africa
4677356.0,BRONZINI,Giorgia,95033,Italy
4677393.0,ASHRAM,Linoy,94486,Israel
4677413.0,ANDERSSON,Viktor,91754,Sweden
4677433.0,BORLÉE,Dylan,91068,Belgium
4677445.0,TORNÉUS,Michel,91373,Sweden
4677447.0,DELAGO,Nicol,96391,Italy
4677497.0,BELMONTE,Mireia,91571,Spain
4677518.0,CHERUIYOT,Timothy,95235,Kenya
4677530.0,BOSIEK,Karolina,94308,Poland
4677567.0,WILLIAMS,Steven,92926,Argentina
4677578.0,STANEK,Tomáš,91602,Czech Republic
4677592.0,CHKHEIDZE,Giorgi,92345,Georgia
4677634.0,ZEMLICKA,Milan,91429,Czech Republic
4677644.0,DE LA CRUZ,Jovana,92612,Peru
4677693.0,LUNKUSE,Jamila,92171,Uganda
4677710.0,EL GOUMRI,Othmane,91445,Morocco
4677761.0,REMERSARO,Inés,92972,Uruguay
4677826.0,DAVISON,Lea,94014,United States
4677829.0,ŠLESINGR,Michal,91429,Czech Republic
4677883.0,SCHREUDERS,Mikel,92166,Aruba
4677906.0,SPAS,Anastasiya,91439,Ukraine
4677965.0,MYSZOR,Wioleta,91067,POL
4678017.0,PRAVDICA,Filip,91770,Croatia
4678042.0,NICHOLLS,Jamie,94437,Great Britain
4678170.0,OSBORNE-PARADIS,Manuel,95279,Canada
4678188.0,BROMELL,Trayvon,91849,United States
4678199.0,TÖRNROOS,Vesa,94670,Finland
4678224.0,STANLEY,Matthew,94047,New Zealand
4678243.0,LYRA,Viviane,96363,Brazil
4678258.0,CHEN,Wei-Ling,91850,Chinese Taipei
4678311.0,KARIMOVA,Yulia,194614,ROC
4678316.0,SALMINEN,Senni,92122,Finland
4678404.0,SMITH,Tyler,92867,Bermuda
4678426.0,ONOFRE,Marta,91452,Portugal
4678497.0,PORTELA,Renato,90500,Brazil
4678517.0,ZAGAINOVA,Diana,94493,Lithuania
4678571.0,GIANNIOTIS,Spyridon,104358,Greece
4678616.0,ISSACHENKO,Vladimir,92879,Kazakhstan
4678708.0,FLICKINGER,Hali,95184,United States
4678744.0,GOBBI,Marina,94061,BRA
4678799.0,DONG,Bin,89910,China
4678810.0,SVÄRD JACOBSSON,Melker,91373,Sweden
4678830.0,MASSÓ,Maykel,89943,Cuba
4678908.0,SHEIKO,Georgiy,91386,Kazakhstan
4678961.0,PERŠE,Špela,107890,Slovenia
4678987.0,HÄMMERLE,Elisa,91857,Austria
4679018.0,SHI,Wancheng,96573,China
4679097.0,ROUTIER,Carolina,94092,Spain
4679159.0,SMITH,Louis,94067,Great Britain
4679167.0,PONOMARENKO-JANIC,Spela,92763,Slovenia
4679244.0,TUNGUSKOVA,Yekaterina,91434,Uzbekistan
4679264.0,SZABÓ,Barbara,91810,Hungary
4679301.0,ANDO,Mikiko,91588,Japan
4679440.0,MACHADO,Maíla,96363,Brazil
4679594.0,BARANOSKI,Matthew,89887,United States
4679647.0,LUNDBY,Maren,92606,Norway
4679667.0,RIVASZ-TÓTH,Norbert,91810,Hungary
4679695.0,RIVEROS,Karen,98161,Paraguay
4679715.0,CASTRO,Ángela,96955,Bolivia
4679745.0,WENK,Alexandra,92362,Germany
4679749.0,MAIMURATOV,Amir,94976,Kazakhstan
4679826.0,STRATULAT,Natalia,91393,Moldova
4679859.0,BATBAYAR,Enkhkhuslen,96254,Mongolia
4679926.0,TOMASGAARD,Hermann,91332,Norway
4679938.0,JANEWATTANANOND,Jazz,93185,Thailand
4679982.0,KLINOVA,Inna,92235,Kazakhstan
4680084.0,CLAY,Liz,96375,Australia
4680161.0,WESSEL,Hedvig,92062,Norway
4680188.0,VAILLANT,Ludvy,91520,France
4680207.0,BOLTON,Cameron,95230,Australia
4680242.0,ONG,Leonard,92053,Singapore
4680247.0,THOMPSON,Cy,94614,Virgin Islands
4680343.0,DAUDET,Joris,97797,France
4680366.0,STROMBERGS,Maris,94317,Latvia
4680420.0,HERNÁNDEZ,Margarita,93121,Mexico
4680469.0,XU,Jiayu,91428,China
4680486.0,WU,Jiaxin,94636,CHN
4680511.0,VAN DER REIJKEN,Irene,91854,Netherlands
4680525.0,GIRULIS,Karolis,94448,Lithuania
4680576.0,KANEMARU,Yuzo,91841,Japan
4680598.0,SINGH,Chain,94600,India
4680642.0,MARTÍN,Adriana,97541,Spain
4680671.0,HEALY,Phil,96910,Ireland
4680680.0,ŽBOGAR,Robert,89908,Slovenia
4680764.0,BELINGHERI,Sofia,91794,Italy
4680765.0,SEMENOV,Oleksiy,91581,Ukraine
4680889.0,MURUA,Ainhoa,94092,Spain
4680938.0,YANG,Jian,89939,China
4680971.0,GRANGE,Jean-Baptiste,92765,France
4680981.0,MEILER,Simona,92367,Switzerland
4681084.0,YAMADA,Satoko,91618,Japan
4681115.0,TIKSA,Askale,94034,Ethiopia
4681172.0,WOLFFHARDT,Viktoria,91568,Austria
4681177.0,PECHANOVÁ,Jana,101046,Czech Republic
4681183.0,HOFMEISTER,Ramona,95203,Germany
4681214.0,ÇOLAK,Ibrahim,93662,Türkiye
4681279.0,PACHECO,Raúl,92612,Peru
4681291.0,OKIMOTO,Poliana,100243,Brazil
4681324.0,MADSEN,Marcus,92074,Sweden
4681416.0,RUSS,Ihor,91581,Ukraine
4681438.0,PORTYK,Tomáš,91350,Czech Republic
4681478.0,UCHIDA,Miki,95181,Japan
4681484.0,SEBASTIÁN,Julia,96924,Argentina
4681521.0,DIBABA,Tirunesh,94034,Ethiopia
4681561.0,KUO,Hsing-Chun,91850,Chinese Taipei
4681631.0,GISCHARD,Benjamin,94608,Switzerland
4681646.0,VUERICH,Gaia,92055,Italy
4681679.0,BAILEY,Nathan,91329,Great Britain
4681680.0,BEDRANI,Djilali,91520,France
4681711.0,MEYER,Michael-Julian,94594,South Africa
4681730.0,MAGHOUB,Mandy,91611,Egypt
4681733.0,SHI,Jinglin,91428,China
4681750.0,KINGUE MATAM,Bernardin,92377,France
4681790.0,BLONDIN,Ivanie,97784,Canada
4681792.0,RICH,Jess,95230,Australia
4681793.0,CASTILLEJO,Carles,95223,Spain
4681832.0,RUBIE-RENSHAW,Anneliese,96375,Australia
4681881.0,FANG,Wan Ling,91850,Chinese Taipei
4681903.0,CASTAÑEDA,Jhon Alexander,91368,Colombia
4681923.0,POLYUK,Olga,91353,Ukraine
4681939.0,SERHANI,Taha,94608,Switzerland
4681971.0,MOLDOVAN,Olivera,94524,Serbia
4681973.0,SMOLSKI,Anton,91776,Belarus
4682027.0,AYMONIER,Célia,95788,France
4682041.0,HULL,Charley,92268,Great Britain
4682051.0,JIA,Zongyang,91066,China
4682056.0,LU,Yunxiu,91462,China
4682061.0,URALP,Dílara,91044,Türkiye
4682071.0,YEFREMOVA,Mariya,91386,Kazakhstan
4682092.0,MOROKO,Galefele,92017,Botswana
4682114.0,MITCHELL,Ethan,94432,New Zealand
4682131.0,BRANDHUBER,Simon,94499,Germany
4682185.0,KNEALE,Tim,95224,Great Britain
4682253.0,SANTANA,Crismery,96349,Dominican Republic
4682254.0,MOLINARO,Giulia,91739,Italy
4682260.0,DUTKIEWICZ,Pamela,94474,Germany
4682278.0,ALMEY,Jens,91039,Belgium
4682341.0,RUDENKO,Yekaterina,97528,Kazakhstan
4682393.0,HORIMIZU,Kojiro,91618,Japan
4682408.0,OSTOS,Luis,92612,Peru
4682418.0,BOS,Kimberley,92769,Netherlands
4682429.0,KNOCH,Viktor,91820,Hungary
4682463.0,PARNOVA,Elizaveta,96375,Australia
4682486.0,INGEBRIGTSEN,Filip,94497,Norway
4682588.0,GREEN,Jack,92761,Great Britain
4682643.0,CRNKOVIC,Krešimir,93321,Croatia
4682647.0,KAZNACENKO,Marija,92671,Lithuania
4682736.0,MEKHIMAR,Hadir,92077,Egypt
4682748.0,BOSTASHVILI,Teona,96253,Georgia
4682750.0,MOKOKA,Stephen,91331,South Africa
4682760.0,FAR,María,93380,Panama
4682842.0,WINI,Jenly Tegu,93298,Solomon Islands
4682843.0,SCHROTT,Beate,92900,Austria
4682872.0,HALL,Alexander,94642,United States
4682886.0,MAMAEV,Anton,170911,Olympic Athlete from Russia
4682968.0,DUENAS,Crispin,97563,CAN
4682969.0,KOVÁCS,Sarolta,91318,Hungary
4682977.0,ARÉVALO,Samantha,101920,Ecuador
4683045.0,ZALEWSKI,Krystian,96888,Poland
4683086.0,SIGOURNEY,Brita,94642,United States
4683143.0,PRIGODA,Kirill,92343,Russia
4683143.0,PRIGODA,Kirill,194639,ROC
4683189.0,MARSCHALL,Kurtis,96375,Australia
4683211.0,EBERHARD,Julian,91415,Austria
4683213.0,ROMERO,Natalia,91472,Chile
4683225.0,BRANKOVSKI,Borjan,96887,North Macedonia
4683320.0,HORODYNETS,Maksym,94461,Ukraine
4683555.0,AKIMENKO,Mikhail,192506,ROC
4683556.0,STACH,Aleksandra,94597,Poland
4683560.0,SMITH,Tyrone,92116,Bermuda
4683565.0,MULANOVICH,Sofía,96853,Peru
4683639.0,TURNER,Bodi,98010,Australia
4683688.0,JAKŠ,Martin,91603,Czech Republic
4683690.0,BADLOE,Kiran,91584,Netherlands
4683706.0,NOVAC,Alexandru,91838,Romania
4683716.0,SALARICH,Joaquim,94489,Spain
4683718.0,PERVUSHINA,Anastasiya,201529,ROC
4683744.0,LAASMA,Liina,92083,Estonia
4683897.0,GARDNER,Darren,94050,Canada
4683927.0,MARDINI,Yusra,155330,Refugee Olympic Team
4683961.0,IVASYUK,Veronika,92893,Ukraine
4683969.0,STACCHIOTTI,Raphaël,93152,Luxembourg
4683974.0,RENS,Els,91068,Belgium
4683983.0,CIOANCA,Alin,92567,Romania
4684016.0,FENTZ,Paul,92103,Germany
4684081.0,AN,Viktoriya,91386,Kazakhstan
4684249.0,COLLEDANI,Nadir,91031,Italy
4684296.0,MARUSARZ,Wojciech,92755,Poland
4684298.0,MBUMI,Joëlle,96403,Cameroon
4684302.0,RÁCZ,Sándor,91810,Hungary
4684386.0,NIJHUIS,Thijs,89902,Denmark
4684393.0,KARMA,,92052,Bhutan
4684400.0,HENDRICK,Noel,94619,Ireland
4684414.0,DE LAS SALAS,Habib,91454,Colombia
4684518.0,PAGDANGANAN,Bianca,98183,Philippines
4684546.0,VALCEPINA,Arianna,92553,Italy
4684714.0,FOTOPOULOU,Olivia,96373,Cyprus
4684827.0,LIN,Yi Chun,95183,Chinese Taipei
4684858.0,BUROV,Maxim,201529,ROC
4684858.0,BUROV,Maxim,170773,Olympic Athlete from Russia
4684898.0,METELLA,Mehdy,89925,France
4684932.0,DANIOTH,Aline,94036,Switzerland
4685000.0,RUBAN,Viktor,94643,Ukraine
4685013.0,ABDELAZIZ,Ahmed,91470,Egypt
4685066.0,GONZALEZ,Melissa,91368,Colombia
4685147.0,VAN DUIJN,Celine,92078,Netherlands
4685154.0,PIRON,Beatriz,96349,Dominican Republic
4685173.0,CEBALLOS,Macarena,96924,Argentina
4685192.0,KIM,Hye Song,90513,DPR Korea
4685240.0,NAIDICH,Martín,96924,Argentina
4685251.0,BECK,Alex,96375,Australia
4685290.0,BREEN,Melissa,96375,Australia
4685320.0,PINOTES,Pedro,98160,Angola
4685339.0,JAHODOVÁ,Libuše,91460,Czech Republic
4685352.0,ZOU,Jingyuan,91858,China
4685379.0,CASTRO,Lilian,91056,El Salvador
4685406.0,ŠEGEL,Janja,89908,Slovenia
4685413.0,EL AABIDI,Khalid,93455,Morocco
4685475.0,BOLSHUNOV,Alexander,170910,Olympic Athlete from Russia
4685475.0,BOLSHUNOV,Alexander,201552,ROC
4685542.0,VAN KOEVERDEN,Adam,96895,Canada
4685656.0,STÖCKLIN,Pascale,95229,Switzerland
4685671.0,OLIVIERI,Linda,91594,Italy
4685708.0,YOSAPUTRA,Yessy,93156,Indonesia
4685718.0,LI,Shuang,96573,China
4685747.0,CHON,Jongwon,98335,Republic of Korea
4685832.0,MOGNE,Igor,95313,Mozambique
4685850.0,MORABITO,Steve,95642,Switzerland
4685863.0,BAZOLO,Lorène,91452,Portugal
4685910.0,PAUL,Kristina,170911,Olympic Athlete from Russia
4685910.0,PAUL,Kristina,200954,ROC
4685940.0,FRANCO,Robby,96839,Mexico
4685997.0,AYNACI,Duygu,96902,Türkiye
4685998.0,ORTH,Florian,94474,Germany
4686065.0,DONKOV,Samuil,91609,Bulgaria
4686068.0,FENG,Chun Kai,99386,Chinese Taipei
4686165.0,TINKLER,Amy,94067,Great Britain
4686193.0,WYSS,Fabio,90488,Switzerland
4686195.0,LIE,Lotte,91413,Belgium
4686205.0,KHAMITGATIN,Timur,94063,Kazakhstan
4686208.0,KALLENOU,Leontia,96373,Cyprus
4686275.0,NASER,Salwa Eid,95288,Bahrain
4686296.0,BELYAKOVA,Viktoriya,92343,Russia
4686353.0,FARROW,John,100009,Australia
4686424.0,GARCÍA,Vanessa,92234,Puerto Rico
4686460.0,SANTOS,Ricardo,89924,Brazil
4686524.0,JOHANSSON,Robert,92606,Norway
4686528.0,MAMUN,Margarita,95783,Russia
4686569.0,LINK,André,91640,Germany
4686646.0,LARSSON,Emma,92572,Sweden
4686655.0,HADID,Noureddine,92610,Lebanon
4686683.0,ANDREEVA,Sofia,92343,Russia
4686715.0,DOWNIE,Rebecca,94067,Great Britain
4686738.0,EWART SHADOFF,Jodi,92268,Great Britain
4686741.0,D'ORIANO,Nicolas,89925,France
4686772.0,MIHAMBO,Malaika,94474,Germany
4686820.0,AFONSO,Salomé,91452,Portugal
4686833.0,IRASCHKO-STOLZ,Daniela,94661,Austria
4686897.0,SCHWAIGER,Julia,91415,Austria
4686907.0,HIRSCHER,Marcel,92026,Austria
4686936.0,DEAS,Laura,96920,Great Britain
4686947.0,BOROVSKA,Nadiya,91581,Ukraine
4686963.0,VERDÚ,Joan,95227,Andorra
4686997.0,KUROWSKI,Maciej,95167,Poland
4687019.0,KIRPICHNIKOVA,Anastasia,194639,ROC
4687019.0,KIRPICHNIKOVA,Anastasia,89925,France
4687019.0,KIRPICHNIKOVA,Anastasia,195804,ROC
4687037.0,QUINN,Nicholas,92224,Ireland
4687038.0,LI,Qiang,91535,China
4687072.0,LI,Fabin,92887,China
4687099.0,HENRY,Peter,92044,Cook Islands
4687142.0,TRUPPE,Katharina,92026,Austria
4687169.0,ANOSHKIN,Roman,195792,ROC
4687169.0,ANOSHKIN,Roman,92571,Russia
4687221.0,TOBA,Andreas,92884,GER
4687308.0,LÜFTNER,Julian,91417,Austria
4687327.0,HANEDA,Takuya,92033,Japan
4687369.0,YAMAGATA,Ryota,91841,Japan
4687457.0,PLAMONDON,Pascal,91062,Canada
4687514.0,BUTTS-TOWNSEND,Tynita,91849,United States
4687519.0,IVANCEVIC,Andrea,91770,Croatia
4687539.0,SIARHEYU,Maksim,92060,Belarus
4687599.0,CHÉRIF DIA,Mamadou,92144,Mali
4687605.0,BORLÉE,Jonathan,91068,Belgium
4687637.0,SJÅSTAD CHRISTIANSEN,Tiril,92062,Norway
4687640.0,SCLEBIN,Diogo,91768,Brazil
4687720.0,LYU,Huihui,89910,China
4687729.0,SHINHAMA,Tatsuya,93591,Japan
4687764.0,BRITSCHGI,Lukas,91040,Switzerland
4687799.0,SCHAD,Konstantin,95203,Germany
4687878.0,MILOVANOVIC,Jasmina,98339,Serbia
4687911.0,RÄNKEL,Raido,92297,Estonia
4687911.0,RÄNKEL,Raido,92125,Estonia
4687915.0,MKHITARYAN,Vahan,96255,Armenia
4687922.0,FRANCIS,Phyllis,91849,United States
4687983.0,ONOZUKA,Ayana,92019,Japan
4688008.0,TANDE,Daniel-André,92606,Norway
4688011.0,EBIHARA,Yuki,91841,Japan
4688016.0,BLUMMENFELT,Kristian,93022,Norway
4688024.0,KAZAKEVICH,Irina,201554,ROC
4688027.0,WOO,Haram,92043,Republic of Korea
4688068.0,REYNOLDS,Lauren,98010,Australia
4688069.0,MARTINEAU,Barrett,93122,Canada
4688081.0,IONESCU,Marius,91838,Romania
4688111.0,ERIC,Jelena,105585,Serbia
4688167.0,ROJO,Imanol,96913,Spain
4688212.0,HARLE,Teal,91843,Canada
4688246.0,SHTOKALOV,Ilya,92571,Russia
4688313.0,FOGLIA,Alejandro,92221,Uruguay
4688323.0,KANG,Young-Seo,91731,Republic of Korea
4688439.0,CHIPANGAMA,Jordan,96376,Zambia
4688470.0,RIEDEMANN,Laura,92362,Germany
4688478.0,CODIA,Piero,91971,Italy
4688599.0,MATSUEDA,Hiroki,91841,Japan
4688608.0,FOURCADE,Martin,95788,France
4688615.0,CARRILLO,Donavan,91494,Mexico
4688641.0,HASSAN,Sifan,91854,Netherlands
4688665.0,BETTO,Alice,91514,Italy
4688683.0,EL NEMR,Ahmed,101302,Egypt
4688734.0,DECNOP,Fernanda,89924,Brazil
4688745.0,HENRY,Desiree,92761,Great Britain
4688753.0,KALONJI,Alaïs,91493,France
4688807.0,JONES,Trent,101309,New Zealand
4688889.0,SHABAN,Ahmed,92077,Egypt
4688955.0,LAWLER,Marcus,96910,Ireland
4688991.0,NOROUZIYAN,Pourya,93115,Iran
4688999.0,XU,Chao,91404,China
4689016.0,CHÉNIER,Virginie,97563,CAN
4689073.0,CARVALHO,Miguel,91452,Portugal
4689083.0,EDRIS,Muktar,94034,Ethiopia
4689156.0,ISHAK,Mohab,92903,Egypt
4689182.0,MERJAN,Richard,93819,Lebanon
4689201.0,CRANNY,Elise,91849,United States
4689230.0,BORROWS,Ian,94613,Australia
4689312.0,SCHLEGEL,Marvin,94474,Germany
4689315.0,MUIŽNIEKS,Oskars,91585,Latvia
4689377.0,FILS RABETSARA,Estellah,93382,Madagascar
4689380.0,SUNG,Eun Ryung,91813,Republic of Korea
4689459.0,SILVA,Helder,92121,Portugal
4689714.0,JAIDEE,Thongchai,93185,Thailand
4689744.0,MALTSEV,Artem,201552,ROC
4689749.0,SWIRBUL,Hailey,91559,United States
4689762.0,DENNY,Matthew,96375,Australia
4689789.0,PUPO,Leuris,91045,Cuba
4689835.0,ENGLUND,Nita,94066,United States
4689847.0,SMITH,Cameron,92777,Australia
4689906.0,DE FROIDMONT,Pierre,91410,Belgium
4689913.0,LAIA,Francisca,92121,Portugal
4689921.0,VRABCOVÁ NÝVLTOVÁ,Eva,91602,Czech Republic
4689954.0,MELCHOR,Inés,92612,Peru
4690008.0,BRIZE,Laurence,90493,France
4690039.0,NARANG,Gagan,94600,India
4690120.0,HILALI,Siham,91445,Morocco
4690195.0,SVOBODA,Petr,91602,Czech Republic
4690218.0,BAYONA,Martha,90471,Colombia
4690258.0,PENA,Tori,96910,Ireland
4690280.0,SKYDAN,Hanna,92613,Azerbaijan
4690288.0,DOLDER,Mario,96387,Switzerland
4690306.0,HARLAUT,Henrik,91754,Sweden
4690325.0,NOGAL,Artur,94308,Poland
4690329.0,TEIXEIRA,Janice,90500,Brazil
4690359.0,KROYTER,Dmitriy,94450,Israel
4690369.0,BALLO,Stefano,91971,Italy
4690375.0,SKOROVAROV,Vadim,95213,Uzbekistan
4690386.0,WU,Ashun,93182,China
4690410.0,MIKHINA,Elina,91386,Kazakhstan
4690427.0,AKKAS,Halil,97543,Türkiye
4690524.0,FURTULA,Danijel,94371,Montenegro
4690536.0,AVANCINI,Livia,96363,Brazil
4690553.0,TONTODONATI,Federico,91594,Italy
4690559.0,KEENEY,Maddison,91751,Australia
4690606.0,OFNER,Katrin,90490,Austria
4690619.0,MURAKAMI,Mai,94494,Japan
4690669.0,LEARMONTH,Jessica,92070,Great Britain
4690670.0,CÎRLAN,Daniela,91838,Romania
4690672.0,SCHMITT,Matias,92926,Argentina
4690700.0,GOLODNA,Olha,91581,Ukraine
4690795.0,MIGNON,Clément,89925,France
4690811.0,LANOE,Talisa,93377,Kenya
4690823.0,MOHAMAD LATIF,Nur Shazrin,91806,Malaysia
4690837.0,ÖBERG,Hanna,91473,Sweden
4690840.0,MAILLIARD,Maria,91989,Chile
4690867.0,DO CARMO,Allan,100243,Brazil
4690870.0,PASICHNYK,Viktor,96351,Ukraine
4690981.0,DALTON,Jacob,92027,United States
4690998.0,HAN,Seungwoo,92351,Republic of Korea
4691067.0,ŠVECOVS,Pavels,94439,Latvia
4691105.0,NEDZA-KUBINIEC,Andrzej,94444,Poland
4691149.0,BESCOND,Anaïs,95788,France
4691153.0,VÁZQUEZ,Wesley,92292,Puerto Rico
4691163.0,BRENES,Nery,94607,Costa Rica
4691200.0,LI,Shuhuan,92896,China
4691216.0,CZERNIAK,Konrad,94476,Poland
4691339.0,FLÜGEL,Julian,94474,Germany
4691366.0,READ,Erik,95279,Canada
4691408.0,FRENZEL,Eric,92931,Germany
4691409.0,GRONMAN,Tuomas,92563,Finland
4691430.0,BARANOWSKA,Katarzyna,94476,Poland
4691447.0,FERLITO,Carlotta,94443,ITA
4691513.0,MEAD,Hassan,91849,United States
4691523.0,SCHEIBNER,Conrad,91606,Germany
4691530.0,QUESNE,Julien,93402,France
4691582.0,ADEKOYA,Kemi,95288,Bahrain
4691608.0,NIKISHA,Denis,92578,Kazakhstan
4691750.0,JURBERT,Marine,96905,France
4691781.0,SCANLAN,Laetisha,96380,Australia
4691836.0,NAUNG,Ye Tun,98233,Myanmar
4691840.0,KIM,Deokhyeon,96937,Republic of Korea
4691849.0,PERSSON,Erik,91826,Sweden
4691883.0,FAN,Kexin,94496,China
4691920.0,DANILOCHKIN,Yuri,95259,Belarus
4691939.0,CHAPUIS,Jean Frédéric,92112,France
4691962.0,MÁRTON,Anita,91810,Hungary
4691964.0,GILLAROVÁ,Irena,91602,Czech Republic
4691979.0,VELICU,Dorin,93762,Romania
4691989.0,BARU,Morea,94096,Papua New Guinea
4692071.0,MANTIA,Joey,94702,United States
4692147.0,PATTERSON,Richard,92250,New Zealand
4692161.0,OLIVEIRA,Bernardo,94061,BRA
4692162.0,GUBECKA,Chelsea,103841,Australia
4692261.0,SCHEDER,Sophie,92884,GER
4692324.0,DE FILIPPIS,Mauro,91868,Italy
4692327.0,SÁNCHEZ,Marc,91571,Spain
4692345.0,TOMIZAWA,Makoto,91632,Japan
4692425.0,KONONENKO,Valeriia,95038,Ukraine
4692428.0,MAHEU,Florence,94072,Canada
4692444.0,LIPIARSKA-PALKA,Karina,91067,POL
4692445.0,PARK,Sang-Hoon,91408,Republic of Korea
4692451.0,CHEN,Xinyi,91428,China
4692473.0,TSYMBAL,Bogdan,90491,Ukraine
4692494.0,CHEBOTAR,Vladislav,195792,ROC
4692496.0,TSURKIN,Yauhen,92082,Belarus
4692502.0,GÓMEZ,Jonathan,92003,Colombia
4692520.0,SUPPINI,Marco,91868,Italy
4692526.0,COMARELLA,Anna,92055,Italy
4692549.0,BALOGA,Matej,92348,Slovakia
4692583.0,VAN AANHOLT,Just,92954,Aruba
4692607.0,BAKER,Georgia,92742,Australia
4692632.0,DA SILVA,Daniel,96363,Brazil
4692642.0,VASEY,Sarah,95254,Great Britain
4692690.0,PARSONS,Dominic,96920,Great Britain
4692713.0,ZUBCIC,Filip,94646,Croatia
4692776.0,BALDAUF,Dominik,96382,Austria
4692791.0,GALLHUBER,Katharina,92026,Austria
4692805.0,KÄRP,Algo,92125,Estonia
4692822.0,KAJTAZ,Amina,93155,Bosnia & Herzegovina
4692847.0,GRILLO,Santiago,97596,Colombia
4692853.0,CRAFT,Morgan,95182,United States
4692856.0,CHOONG,Joseph,92045,Great Britain
4692921.0,TASIADIS,Sideris,91626,Germany
4692973.0,GONÇALVES,Pedro,92891,Brazil
4692993.0,PROSTOROV,Mykola,94612,Ukraine
4692994.0,PLYESNOY,Anton,92345,Georgia
4693078.0,RAM,Kheta,91760,India
4693094.0,POULSEN,René,91060,Denmark
4693114.0,ELKASEVIC,Sandra,91770,Croatia
4693128.0,LEE,Seung Hoon,97997,Republic of Korea
4693151.0,KUBICÍK,Jan,92004,Czech Republic
4693175.0,YOSEPH,Edouard,94878,Haiti
4693179.0,SNYMAN,Wayne,91331,South Africa
4693203.0,JENSON,Jessika,92538,United States
4693252.0,WIERER,Dorothea,92341,Italy
4693288.0,ALEJANDRO,Eric,92292,Puerto Rico
4693319.0,SHEMBEREV,Maksym,93376,Azerbaijan
4693320.0,DEAN,Roderick Genki,91841,Japan
4693340.0,ASSAD,Man,93291,Syria
4693364.0,JIN,Boyang,94075,China
4693387.0,SATO,Ayano,93591,Japan
4693607.0,DUNCAN,David,91843,Canada
4693693.0,TAYAMA,Hirokatsu,91775,Japan
4693703.0,HAMMER,Sarah,89887,United States
4693757.0,GARDINER,Steven,96929,Bahamas
4693773.0,ZARIF,Jorge,89924,Brazil
4693790.0,TINSLEY,Michael,91849,United States
4693795.0,PICHARDO,Pedro,91452,Portugal
4693795.0,PICHARDO,Pedro,89943,Cuba
4693820.0,BOLT,Usain,95237,Jamaica
4693846.0,MCINTOSH,Jennifer,95224,Great Britain
4693847.0,LIPTÁK,Jirí,91460,Czech Republic
4693850.0,WOJDAK,Wojciech,94476,Poland
4693899.0,RENGERUK,Lilian Kasait,95235,Kenya
4693960.0,WLODARCZYK,Anita,96888,Poland
4694012.0,SECK,Combé,93103,Senegal
4694032.0,COSTA,Susana,91452,Portugal
4694083.0,VOLKO,Ján,91884,Slovakia
4694087.0,OKWELOGU,Nwanneka,97539,Nigeria
4694145.0,FORBES,Damar,95237,Jamaica
4694157.0,GRASSI,Santiago,96924,Argentina
4694159.0,UGEN,Lorraine,92761,Great Britain
4694208.0,SEYFARTH,Juliane,93128,Germany
4694261.0,SHABASOV,Andrey,92343,Russia
4694297.0,BEDNAREK,Sylwester,96888,Poland
4694342.0,CHEPTEGEI,Rebecca,91575,Uganda
4694375.0,MINIBAEV,Viktor,92245,Russia
4694375.0,MINIBAEV,Viktor,195348,ROC
4694431.0,ESTÉVEZ,Maeva,94503,Andorra
4694459.0,CAO,Yifei,92331,China
4694479.0,ROP,Albert,95288,Bahrain
4694512.0,KOMULAINEN,Noora,92869,Finland
4694665.0,KAPLINA,Iuliia,195803,ROC
4694767.0,SOTERO,Alice,96379,Italy
4694777.0,ANDERSON,Timothy,94613,Australia
4694790.0,VOLLMER,Dana,95184,United States
4694831.0,SMITH,Jordy,96854,South Africa
4694866.0,ZHANG,Yiwei,96573,China
4694920.0,BENNA,Anthony,92112,France
4694933.0,PUERTA,Fabián,90471,Colombia
4694991.0,KOMISSAROV,Sergey,91523,Russia
4694991.0,KOMISSAROV,Sergey,194738,ROC
4695008.0,SUBSCHINSKI,Nora,92352,Germany
4695082.0,ELOFSSON,Felix,91754,Sweden
4695136.0,BÜHLER,Matthias,94474,Germany
4695186.0,COX,Matthew,95230,Australia
4695225.0,SABRI,Nur Dhabitah,90516,Malaysia
4695251.0,MONTANER,Concepción,95223,Spain
4695263.0,FUJIMITSU,Kenji,91841,Japan
4695375.0,LIGHTFOOT,Amanda,92032,Great Britain
4695380.0,BUDAG,Rosane,90500,Brazil
4695435.0,NOVAKOVIC,Milica,94524,Serbia
4695443.0,SCOTCH,Leungo,92017,Botswana
4695445.0,BRZOZOWSKI,Artur,96888,Poland
4695571.0,MATVEEV,Nicholas,96895,Canada
4695676.0,BROCARD,Elisa,92055,Italy
4695756.0,CONNOR,James,91751,Australia
4695789.0,DEURLOO,Bart,96969,Netherlands
4695790.0,TANG,Jialin,90487,China
4695823.0,MROZINSKI,Julia,92362,Germany
4695825.0,POELS,Wout,99397,Netherlands
4695891.0,MCGREGOR,Courtney,91974,New Zealand
4695936.0,DOLIDOVICH,Sergei,90501,Belarus
4695939.0,GORYCKA,Paula,90477,Poland
4695946.0,MEIJER,Michaela,91373,Sweden
4695953.0,BROWN,Will,95182,United States
4695963.0,GRZESZCZUK,Lukasz,96888,Poland
4696025.0,JASKOWIEC,Sylwia,91629,Poland
4696029.0,CORDON-RAGOT,Audrey,105584,France
4696102.0,DIEGO,Rodrigo,95164,Mexico
4696126.0,BINEDELL,Martin,94594,South Africa
4696129.0,HERRERA,Mayra,91589,Guatemala
4696164.0,GUERRA,Leyde,92612,Peru
4696179.0,VAN DAM,Anne,93179,Netherlands
4696238.0,SANTOS,Luguelín,91442,Dominican Republic
4696247.0,BUTRYM,Vitaliy,91581,Ukraine
4696283.0,BARTNIK,Tomasz,90517,Poland
4696294.0,FRERICHS,Courtney,91849,United States
4696303.0,BÖTTICHER,Stefan,90116,Germany
4696335.0,DENI,,92101,Indonesia
4696474.0,YONAMINE,Eri,99399,Japan
4696497.0,NAGASAKO,Yoshitaku,98031,Japan
4696508.0,ZHUK,Vitali,91502,Belarus
4696521.0,DRUMMOND,Gerald,94607,Costa Rica
4696536.0,VALENTE,Miguel,95178,Brazil
4696539.0,GRIGAR,Jakub,92299,Slovakia
4696546.0,RAMSAUER,Katharina,90490,Austria
4696561.0,TOBE,Naoto,91841,Japan
4696580.0,MARTIN,Tony,98857,Germany
4696581.0,MITCHELL,Kathryn,96375,Australia
4696591.0,LLAMES,Jorge,91458,Spain
4696621.0,ZÁVADOVÁ,Barbora,96908,Czech Republic
4696720.0,MAZUR,Nicola,95246,Poland
4696766.0,VINCENT-LAPOINTE,Laurence,96895,Canada
4696808.0,HEGI,Oliver,94608,Switzerland
4696844.0,WETZLAR,Peter,91988,Zimbabwe
4696862.0,RACINSKAS,Ronaldas,94448,Lithuania
4696918.0,POSTMA,Pieter-Jan,91584,Netherlands
4696920.0,KÜLM,Susan,92297,Estonia
4696936.0,ABAD,Nestor,96950,Spain
4697062.0,OGRODNÍKOVÁ,Nikola,91602,Czech Republic
4697071.0,BOUR,Félix,91520,France
4697103.0,NAVRESTAD,Tore,94142,Norway
4697126.0,KEBAPÇI,Erdinç,92561,Türkiye
4697173.0,PULLEN,Clive,95237,Jamaica
4697186.0,HANSEN,Andrea,92100,New Zealand
4697190.0,NEVEU,Boris,91449,France
4697198.0,CHUMAK,Dmytro,92893,Ukraine
4697392.0,FALLA,Maiken Caspersen,94487,Norway
4697395.0,KIRUI,Purity,95235,Kenya
4697434.0,TSUMBA,Tatenda,92313,Zimbabwe
4697488.0,BRAVO,Alberth,91508,Venezuela
4697508.0,VELLA,Adam,96380,Australia
4697542.0,PURNAMA,Hendra,91839,Indonesia
4697550.0,BOUGARD,Erica,91849,United States
4697554.0,TORLOPOVA,Margarita,92235,Kazakhstan
4697578.0,OJALA,Aleksi,92122,Finland
4697650.0,FLORES,Daniel,92778,Venezuela
4697670.0,WILSON,Madison,91357,Australia
4697687.0,MEIER,Christoph,92809,Liechtenstein
4697707.0,PALLITSCH,Raphael,92900,Austria
4697712.0,BOULY,Kevin,92377,France
4697753.0,RUKKE,Henrik Fagerli,101293,Norway
4697812.0,CASTIGLIONI,Arianna,91971,Italy
4697856.0,TKACHENKO,Ekaterina,201575,ROC
4697856.0,TKACHENKO,Ekaterina,170771,Olympic Athlete from Russia
4697876.0,WORTH,Taylor,92749,AUS
4697908.0,LEYHE,Stephan,93128,Germany
4698000.0,PLIHON,Pierre,92105,FRA
4698051.0,REVISHVILI,Irakli,96253,Georgia
4698075.0,CHERNOUSOV,Artem,194614,ROC
4698109.0,SARRAPIO,Patricia,95223,Spain
4698112.0,IROZURU,Abigail,92761,Great Britain
4698132.0,CHUSOVITINA,Oksana,92258,Uzbekistan
4698144.0,PUTS,Jesse,95179,Netherlands
4698148.0,RÖNNGREN,Mattias,92322,Sweden
4698221.0,GÓMEZ,Janeth,91792,Mexico
4698310.0,DANIEL,Debra,92164,Micronesia
4698373.0,ANOUSONE,Xaysa,95291,Laos
4698375.0,FRASER,Marcus,92777,Australia
4698426.0,OUHADI,Aziz,91445,Morocco
4698519.0,HUBER,Daniel,94661,Austria
4698572.0,HILL,Danielle,92224,Ireland
4698634.0,DOGUE,Patrick,91511,Germany
4698636.0,VAICIUKEVICIUTE,Živile,94493,Lithuania
4698638.0,EVANS,Neah,89899,Great Britain
4698650.0,KRASILOV,Mikhail,91386,Kazakhstan
4698656.0,AMPONSAH,Janet,95193,Ghana
4698762.0,OSAKO,Suguru,91841,Japan
4698811.0,ZHU,Menghui,91428,China
4698826.0,SCHWARZ,Viktoria,92757,Austria
4698939.0,NARRACOTT,Jaclyn,100009,Australia
4699002.0,KNIJNENBURG,Rudolf,98232,Bolivia
4699022.0,GUARAGNA RIGONAT,Francisco,95243,Argentina
4699071.0,LARKIN,Mitch,91357,Australia
4699098.0,ARIKAN,Polat Kemboi,97543,Türkiye
4699111.0,KOPECKY,Lotte,89895,Belgium
4699111.0,KOPECKY,Lotte,98863,Belgium
4699144.0,RHODE,Kimberly,95182,United States
4699197.0,DAUSER,Lukas,92884,GER
4699283.0,LIU,Yang,91858,China
4699317.0,YANG,Junxuan,91428,China
4699366.0,SGHAÏER,Mohamed,96919,Tunisia
4699485.0,KOLECZEK,Karolina,96888,Poland
4699582.0,ZHANG,Deshun,89910,China
4699585.0,CHEBET,Winny,95235,Kenya
4699634.0,CHEN,Kuei-Ru,95199,Chinese Taipei
4699637.0,KNIBB,Taylor,95777,United States
4699637.0,KNIBB,Taylor,95637,United States
4699692.0,POGGI,Giorgio,91740,Italy
4699726.0,DO NASCIMENTO,Daniel,96363,Brazil
4699729.0,SANDHU,Manavjit Singh,94600,India
4699754.0,CHIARABINI,Andrea,94640,Italy
4699775.0,BERNEK,Péter,94021,Hungary
4699830.0,MINGMOON,Witoon,91046,Thailand
4699921.0,KIMMANN,Niek,93603,Netherlands
4700111.0,BELAC,Ana,93184,Slovenia
4700143.0,GORDON,Jehue,91503,Trinidad & Tobago
4700267.0,KINDERIS,Justinas,92598,Lithuania
4700290.0,RAUHE,Ronald,91606,Germany
4700295.0,LITVINOV,David,91374,Israel
4700303.0,KING,Dominic,92761,Great Britain
4700397.0,AERENTS,Jasper,91432,Belgium
4700404.0,N'DIAYE,Amadou,92379,Senegal
4700446.0,KATOATAU,Ruben,95781,Kiribati
4700473.0,DURUNDA,Marina,93531,Azerbaijan
4700480.0,AL-BARAZI,Azad,92967,Syria
4700497.0,ZANETTI,Arthur,91777,Brazil
4700514.0,SZYMANSKI,Jan,94308,Poland
4700519.0,GRANADA,Julieta,92834,Paraguay
4700565.0,SEO,Jee Won,96836,Republic of Korea
4700615.0,WEBER,Michelle,107900,South Africa
4700692.0,MAEDA,Mahina,93498,Japan
4700706.0,WILSON,Ajee',91849,United States
4700748.0,MCCLENAGHAN,Rhys,100760,Ireland
4700766.0,DAHMANI,Kenza,95764,Algeria
4700786.0,SORRILLO,Rondel,91503,Trinidad & Tobago
4700796.0,SEITZ,Aline,91036,Switzerland
4700881.0,INGEMARSDOTTER,Ida,94446,Sweden
4700908.0,WANG,Aichen,91462,China
4700979.0,SCHOBER,Sarah,98185,Austria
4700993.0,TAIWO,Jeremy,91849,United States
4700998.0,HAWLEY,Erica,92867,Bermuda
4701007.0,WU,Yuhang,91428,China
4701042.0,BETTICHE,Amina,95764,Algeria
4701044.0,HAYDEN,Brent,91621,Canada
4701093.0,KOMATZ,Katharina,91415,Austria
4701127.0,MAGUIRE,Leona,91451,Ireland
4701160.0,JASINSKI,Daniel,94474,Germany
4701206.0,PYSMENSKA,Anna,92109,Ukraine
4701288.0,GROTTS,Howard,94014,United States
4701289.0,LEE,Woo Seok,91328,Republic of Korea
4701323.0,HANCHAROVA,Hanna,91990,Belarus
4701347.0,ROONEY,Martyn,92761,Great Britain
4701364.0,DRAZDAUSKAITE,Rasa,94493,Lithuania
4701375.0,BURGESS,Adam,90492,Great Britain
4701448.0,RAZOR,Bianca,91838,Romania
4701516.0,FONSECA,Andrey,90482,Costa Rica
4701540.0,ROMERO,Natalia,95223,Spain
4701587.0,BHULLAR,Gaganjeet,95830,India
4701602.0,MANYONGA,Luvo,91331,South Africa
4701620.0,ZANG MILAMA,Ruddy,92147,Gabon
4701641.0,DJOUHAN,Lolassonn,91520,France
4701673.0,DE VALDÉS,María,100250,Spain
4701679.0,VUONG,Thi Huyen,91424,Vietnam
4701692.0,LIASHENKO,Valentyna,92286,Georgia
4701742.0,YAMAMOTO,Ryota,95212,Japan
4701747.0,AYOUNI,Abdessalem,96919,Tunisia
4701777.0,WOLLMANN,Cecilia,94042,Bermuda
4701872.0,SCHRETZMAIR,Sanaa,94474,Germany
4701877.0,VASCONCELOS,Joana,92121,Portugal
4701906.0,ZAICHIKOV,Alexandr,95165,Kazakhstan
4701932.0,HSIEH,Hsi-En,95199,Chinese Taipei
4701940.0,LI,Yuehong,92331,China
4701975.0,CORRAL,Daniel,92220,Mexico
4701990.0,DE BUYST,Jasper,89895,Belgium
4701992.0,HOOGLAND,Jeffrey,89885,Netherlands
4702013.0,WANG,Jianan,89910,China
4702068.0,YURKOV,Yuriy,92879,Kazakhstan
4702079.0,GISIN,Marc,94036,Switzerland
4702103.0,PATERSON,Lydia,95182,United States
4702122.0,TONIATO,Andrea,91971,Italy
4702220.0,ROSSI,Jessica,91868,Italy
4702234.0,RAJPUT,Sanjeev,94600,India
4702236.0,SIEBER,Basil,97545,Switzerland
4702245.0,MORRISON,Josie,97784,Canada
4702260.0,COSTA,João,90512,Portugal
4702302.0,ESPOSITO,Max,91563,Australia
4702361.0,BARON,Alizée,92112,France
4702370.0,WIJAYA,Hanif,91839,Indonesia
4702456.0,WEGER,Svenja,92378,Germany
4702475.0,ROSANELLI,Jeffrey,98002,Italy
4702498.0,VINCENT,Bradley,92970,Mauritius
4702505.0,KANG,Geeeun,92351,Republic of Korea
4702535.0,PAGUNSAN,Juvic,98183,Philippines
4702573.0,CHUMBA,Eunice,95288,Bahrain
4702587.0,TRITSCHER,Bernhard,96382,Austria
4702607.0,GOEPPER,Nicholas,94642,United States
4702617.0,SKJØLD,Maren,91509,Norway
4702624.0,DÍAZ,Andy,91594,Italy
4702624.0,DÍAZ,Andy,89943,Cuba
4702626.0,DANIELS,Haley,94072,Canada
4702642.0,KERN,Julia,91559,United States
4702675.0,KIPROP,Jackson,91575,Uganda
4702678.0,O'CONNOR,Seamus,91875,Ireland
4702699.0,KARAP,Nezir,92048,Türkiye
4702708.0,HINRIKSDÓTTIR,Aníta,96911,Iceland
4702749.0,REUS,Julian,94474,Germany
4702761.0,LI,Lingwei,89910,China
4702792.0,EILERS,Joachim,90116,Germany
4702815.0,BARTOLETTA,Tianna,91849,United States
4702836.0,GAVIRIA,Mayra,91368,Colombia
4702905.0,NAZDROVA,Alena,92298,Belarus
4702945.0,JAUBERT,Anouck,94965,France
4702955.0,ARSOVIC,Andrea,98339,Serbia
4703000.0,WHITEHEAD,Emily,92756,Australia
4703097.0,PICON,Charline,91359,France
4703150.0,COLONIA,Nestor,96938,Philippines
4703172.0,CIGANDA,Carlota,91495,Spain
4703237.0,SERGEEVA,Nadezhda,201627,ROC
4703245.0,NUIS,Kjeld,93590,Netherlands
4703266.0,MENGA,Aleixo-Platini,94474,Germany
4703282.0,RAMÍREZ,Carlos,97795,Colombia
4703284.0,PETROV,Matvey,93663,Albania
4703303.0,CRESPO,Édgar,93380,Panama
4703338.0,MALOVICHKO,Iryna,94461,Ukraine
4703409.0,GYURTA,Dániel,94021,Hungary
4703441.0,TENTOGLOU,Miltiadis,97537,Greece
4703548.0,HANSE,Arthur,97591,POR
4703559.0,SOMMARIVA,Lorenzo,91794,Italy
4703597.0,CHASIKOS,Andreas,94085,Cyprus
4703602.0,TEMNIKOVA,Maria,194639,ROC
4703661.0,RHOADS,William,94066,United States
4703679.0,GULELAURI,Lasha,92286,Georgia
4703693.0,GIEZENDANNER,Blaise,92765,France
4703707.0,ASSEFA,Tigist,94034,Ethiopia
4703772.0,KHADARIN,Vladislav,170911,Olympic Athlete from Russia
4703772.0,KHADARIN,Vladislav,200954,ROC
4703793.0,LÓPEZ,Kevin,95223,Spain
4703818.0,YAMASAKI,Erika,89937,Australia
4703857.0,OLÁH,Barbara,91810,Hungary
4703870.0,SANTOS,Alexis,91070,Portugal
4703902.0,UJAH,Chijindu,92761,Great Britain
4703911.0,LUDWIG,Johannes,91469,Germany
4703938.0,MAYO,Carlos,95223,Spain
4703988.0,BEAMISH,Geordie,95176,New Zealand
4704006.0,NIIYA,Hitomi,91841,Japan
4704035.0,STODDART,Ashley,94466,Australia
4704118.0,FOWLER,Rickie,94484,United States
4704303.0,TUTT,Brianne,97784,Canada
4704326.0,CASETTA,Belén,94602,Argentina
4704366.0,ULBING,Daniela,91417,Austria
4704431.0,MUSTAFIN,Vladislav,93366,Uzbekistan
4704446.0,HELLNER,Marcus,94446,Sweden
4704450.0,SARNA,Angelika,96888,Poland
4704478.0,OLLIVIERRE,Corey,93160,Grenada
4704482.0,JAY,Renaud,95262,France
4704496.0,KUSHNIR,Anton,94023,Belarus
4704506.0,IM,Chae-Bin,91408,Republic of Korea
4704602.0,GRAF,David,94143,Switzerland
4704681.0,ROYLE,Aaron,91994,Australia
4704719.0,NEUMANN,Robin,95179,Netherlands
4704720.0,GARCÍA,Yordani,89943,Cuba
4704775.0,VARGAS,Daniel,93121,Mexico
4704779.0,NORDHAUG,Lars Petter,95919,Norway
4704796.0,NAVA,Horacio,93121,Mexico
4704802.0,DIDZBALIS,Aurimas,97576,Lithuania
4704870.0,FIRISUA,Sharon,92293,Solomon Islands
4704887.0,PALKIN,Stanislav,94306,Kazakhstan
4704901.0,LOPES,Cisiane,96363,Brazil
4704912.0,GASKELL,Elena,91843,Canada
4704989.0,PETIT,Emmanuel,90493,France
4704996.0,FALASCA,Lucia,95243,Argentina
4705014.0,HANSEN,Michael,91539,Denmark
4705026.0,JOSEPH,Fabiano,94593,Tanzania
4705032.0,VAN DEN KEYBUS,Luka,91355,Belgium
4705090.0,MENUET,Emilie,91520,France
4705106.0,SUHAREVS,Ritvars,91450,Latvia
4705123.0,VINDICS-TÓTH,Lili Anna,91810,Hungary
4705271.0,VARGA,Richard,95851,Slovakia
4705341.0,VOSTÉ,Mathias,94697,Belgium
4705361.0,MOHAMED TAIBI,Nur Suryani,92319,Malaysia
4705366.0,NG,Amanda,92053,Singapore
4705427.0,BÁRTA,Jan,95729,Czech Republic
4705434.0,TARNOVSKYI,Oleg,92922,Moldova
4705535.0,TUGADE-WATSON,Regine,97581,Guam
4705537.0,GRIFFITH,Georgia,96375,Australia
4705544.0,DOS SANTOS,Juliana Paula,96363,Brazil
4705548.0,HAWKINS,Callum,92761,Great Britain
4705553.0,MATTSSON,Niklas,94662,Sweden
4705574.0,FEDRONIC,Justine,91520,France
4705683.0,WATABE,Yoshito,95212,Japan
4705696.0,KOECH,Isiah Kiplangat,95235,Kenya
4705715.0,ABUKHOUSA,Mohammed,97546,Palestine
4705718.0,SULTAN,Faye,93890,Independent Olympic Athlete
4705723.0,TALLENT,Jared,96375,Australia
4705748.0,BABAR,Lalita,91760,India
4705793.0,ŠAVELSKIS,Marius,94493,Lithuania
4705806.0,IMANIRAGUHA,Eloi,93157,Rwanda
4705817.0,BIRZULE,Ketija,91447,Latvia
4705889.0,GURUNG,Sirish,98163,Nepal
4705890.0,LOWRY,Shane,91451,Ireland
4706087.0,TASEVA,Katrin,94030,Bulgaria
4706106.0,WELLS,Jackson,99966,New Zealand
4706164.0,DAHLIA,Kelsi,95184,United States
4706251.0,PETROVA,Tetiana,91353,Ukraine
4706293.0,SCHERBARTH,Tobias,94474,Germany
4706370.0,BIAN,Ka,89910,China
4706404.0,PETERS,Luisa,96317,Cook Islands
4706408.0,MEY MELIS,Karin,97543,Türkiye
4706463.0,FRANÇA,Felipe,95178,Brazil
4706481.0,BELOCIAN,Wilhem,91520,France
4706482.0,KOUMI,Sadam Suliman,91327,Sudan
4706489.0,MELANTEV,Victor,195792,ROC
4706508.0,FÖTTINGER,Michael,96382,Austria
4706514.0,WAMMES,Jeffrey,96969,Netherlands
4706523.0,LUIJTEN,Anne,91854,Netherlands
4706535.0,VILLEGAS,Camilo,92992,Colombia
4706553.0,TERVO,Krista,92122,Finland
4706568.0,VDOVINA,Daria,91639,Russia
4706642.0,MATTHEWS,Julian,95176,New Zealand
4706731.0,SMYSHLYAEV,Alexandr,170773,Olympic Athlete from Russia
4706732.0,ŠUMOVÁ,Barbora,91460,Czech Republic
4706781.0,DUSANOVA,Nadiya,91434,Uzbekistan
4706816.0,KIDA,Yumi,104352,Japan
4706914.0,KOLAŠINAC,Asmir,101446,Serbia
4706941.0,BERGER-SABBATEL,Marielle,92112,France
4707040.0,ARIZA,Oscar,91553,Venezuela
4707047.0,TACCONE,Luciano,91518,Argentina
4707075.0,SØRENSEN,Chris,95914,Denmark
4707125.0,PETUKHOVA,Ekaterina,92245,Russia
4707128.0,DIENER,Christian,92362,Germany
4707135.0,MARIN,Luca,91971,Italy
4707136.0,EMMANUEL-AHYE,Crystal,91425,Canada
4707137.0,MACEDO,Michel,91608,Brazil
4707241.0,HENRIKSEN,Eivind,94497,Norway
4707250.0,SINGH,Jagdish,94912,India
4707289.0,BARRONDO,Erick,91589,Guatemala
4707291.0,TONTERI,Roope,91852,Finland
4707336.0,WINGER,Kara,91849,United States
4707345.0,ERASMUS,Douglas,94594,South Africa
4707436.0,ROSOLSKI,Rafal,91364,Poland
4707488.0,BAPTISTE,Kelly-Ann,91503,Trinidad & Tobago
4707499.0,OTTEN,Joris,91991,Netherlands
4707512.0,LIU,Hong,89910,China
4707536.0,LI,Lu,95175,China
4707564.0,CASTRO,César,94635,Brazil
4707575.0,BERTONE,Catherine,91594,Italy
4707582.0,MIKKOLA,Monika,94488,Finland
4707585.0,KHODJAEV,Sukhrob,91434,Uzbekistan
4707609.0,HAMDY ABDELKADER,Mohamed,92077,Egypt
4707651.0,BECKLES,Kierre,90510,Barbados
4707683.0,KOCIAN,Madison,92027,United States
4707701.0,FUGLSANG,Jakob,95914,Denmark
4707823.0,WHITTEN,Tara,105592,Canada
4707936.0,KRASNOSHLYK,Anna,92109,Ukraine
4707955.0,SHI,Yuhao,89910,China
4707988.0,SANDBECH,Ståle,91372,Norway
4708005.0,SHARPE,Cassie,91843,Canada
4708017.0,HENCKELS,Jeff,93030,Luxembourg
4708025.0,GRAABAK,Jørgen,94456,Norway
4708028.0,SCARDONI,Lucia,92055,Italy
4708040.0,MALDONADO,Erwin,99641,Venezuela
4708128.0,JUNG,Ju-Mi,91620,Republic of Korea
4708164.0,GAXIOLA,Daniela,94431,Mexico
4708213.0,PHILIP,Asha,92761,Great Britain
4708214.0,FILIORIANU,Ana Luiza,92882,Romania
4708245.0,KAY,Reyon,94302,New Zealand
4708378.0,VIDES,Jorge,96363,Brazil
4708390.0,CHAPMAN-DAVIES,Rohan,91375,Australia
4708444.0,MACEK,Boštjan,96348,Slovenia
4708480.0,YORKE,Andrew,91732,Canada
4708504.0,HUBERT,Etienne,92104,France
4708532.0,VAN DIJK,Ellen,99397,Netherlands
4708539.0,TIEN,Chia Chen,95183,Chinese Taipei
4708564.0,GERASHCHENKO,Iryna,91581,Ukraine
4708573.0,LANGLAND,Hailey,92538,United States
4708627.0,GROSU,Eduard Michael,95638,Romania
4708644.0,SAHOLINIRINA,Eliane,92291,Madagascar
4708712.0,PÉREZ,Yaimé,89943,Cuba
4708768.0,ARROYO,Antonio,91571,Spain
4708799.0,QUADARELLA,Simona,91971,Italy
4708818.0,CHRISTIANSEN,Henrik,89949,Norway
4708818.0,CHRISTIANSEN,Henrik,231111,Norway
4708834.0,SMITH,Penny,96380,Australia
4708853.0,MAMMEDOV,Mergen,95292,Turkmenistan
4708931.0,KU,Bonchan,91328,Republic of Korea
4708938.0,CHENG,Fangming,90487,China
4708953.0,SZILÁGYI,Réka,91810,Hungary
4708960.0,SASSI,Khaoula,97313,Tunisia
4708970.0,SVINDAL,Aksel Lund,91509,Norway
4708988.0,ASHWOOD,Jessica,91357,Australia
4709002.0,NUUTINEN,Sanna,92869,Finland
4709032.0,VELICHKO,Yevgeniy,96968,Kazakhstan
4709052.0,WONGCHAROEN,Navaphat,96247,Thailand
4709078.0,KUF,Jan,91312,Czech Republic
4709108.0,LO,Sonia,91592,"Hong Kong, China"
4709166.0,ISENE,Ola Stunes,94497,Norway
4709174.0,DENG,Wei,92887,China
4709236.0,NEMATI,Zahra,96305,Iran
4709249.0,RODRÍGUEZ,Carolina,92376,Spain
4709251.0,LINDSTRÖM,Fredrik,91473,Sweden
4709256.0,STAEHLI,Julie-Anne,91425,Canada
4709264.0,ROTARU-KOTTMANN,Alina,91838,Romania
4709288.0,ROBERTSON,Ricky,91849,United States
4709341.0,BA MATRAF,Nooran,93159,Yemen
4709367.0,TSYKHOTSKA,Ruslana,91581,Ukraine
4709410.0,LUPU,Nataliia,91581,Ukraine
4709462.0,SATO,Ayano,92033,Japan
4709526.0,RAJKOWSKI,Patryk,91481,Poland
4709539.0,ŠÍMA,Michal,92348,Slovakia
4709573.0,LIFA,Brave,92816,Malawi
4709770.0,KATERINKA CZAKOVÁ,Mária,91884,Slovakia
4709811.0,NAKAMURA,Katsumi,95181,Japan
4709827.0,DIREZ,Clara,92765,France
4709843.0,BOURAADA,Larbi,95764,Algeria
4709865.0,BRESADOLA,Davide,90509,Italy
4709866.0,VU,Lilia,94484,United States
4709868.0,NIKOLAOU,Konstantia,94085,Cyprus
4709873.0,IZAGIRRE,Gorka,95650,Spain
4709903.0,GRICE,Thomas,96380,Australia
4709916.0,MEIER,Alina,92781,Switzerland
4709968.0,PRINCE,Danielle,92370,Australia
4709988.0,BEER,Jolyn,91640,Germany
4710020.0,DE LUCA,Riccardo,96379,Italy
4710067.0,ZHANG,Xiaonan,92896,China
4710133.0,SMITH,Kierra,91621,Canada
4710136.0,AVERINA,Arina,196277,ROC
4710140.0,MAGAZEEV,Pavel,91624,Moldova
4710189.0,NOVÁK,Michal,91603,Czech Republic
4710209.0,PEIER,Killian,92919,Switzerland
4710222.0,GARCÍA,Sergio,91495,Spain
4710224.0,KANTER,Gerd,92083,Estonia
4710251.0,SLABANJA,Manca,91525,Slovenia
4710283.0,KLOSINSKI,Sebastian,94308,Poland
4710321.0,POURSEYEDI,Mir Samad,99390,Iran
4710378.0,FILIPOVIC,Nenad,101446,Serbia
4710389.0,XU,Xiaolong,89910,China
4710411.0,PEDERSEN,Rikke Møller,91774,Denmark
4710503.0,KATNIKOVA,Ekaterina,201555,ROC
4710549.0,SHLEIKHER,Nikita,92245,Russia
4710549.0,SHLEIKHER,Nikita,195348,ROC
4710566.0,DE ARRIBA,Álvaro,95223,Spain
4710586.0,O'CONNOR,Siobhan-Marie,95254,Great Britain
4710590.0,NGUYEN,Marcel,92884,GER
4710592.0,LODADIO,Marco,94443,ITA
4710595.0,BECKERT,Patrick,97780,Germany
4710630.0,GARDNER,English,91849,United States
4710684.0,KJELDSEN,Søren,92568,Denmark
4710686.0,VANHILLE,Louise,95194,France
4710723.0,GERARD,Red,92538,United States
4710749.0,COLLINS,Kim,97542,St. Kitts & Nevis
4710760.0,ISIDRO,Pedro,91452,Portugal
4710808.0,KOBAYASHI,Yuka,94015,Japan
4710813.0,KOROSTYLOV,Pavlo,94461,Ukraine
4710816.0,THOMAS,Benjamin,96340,France
4710824.0,JACOBELLIS,Lindsey,92538,United States
4710853.0,CZERWONKA,Natalia,94308,Poland
4710932.0,MICHALIK,Aleksandra,91845,Poland
4710981.0,BEKELE,Alemu,95288,Bahrain
4711004.0,INCERTI,Anna,91594,Italy
4711058.0,LINKIEWICZ,Joanna,96888,Poland
4711062.0,SCHWAB,Corinna,94474,Germany
4711109.0,MARTIROSYAN,Sargis,92870,Austria
4711128.0,CLAUZEL,Perrine,91409,France
4711138.0,MARTINA,Churandy,91854,Netherlands
4711193.0,MCLOUGHLIN,Jack,91357,Australia
4711199.0,HANSSON,Louise,91826,Sweden
4711202.0,KELEMEN,Pavel,92729,Czech Republic
4711214.0,HOTFRID,Anastasiia,92345,Georgia
4711215.0,MELVILLE,Miranda,91849,United States
4711249.0,VLACH,Martin,91312,Czech Republic
4711355.0,FARQUHAR,Stuart,95176,New Zealand
4711367.0,IRAWAN,Eko Yuli,92101,Indonesia
4711385.0,SCHULTE,Benjamin,95312,Guam
4711400.0,TOURÉ,Oumar,93158,Mali
4711421.0,FERNÁNDEZ,Antonio,97541,Spain
4711458.0,JAMELOT,Lea,92104,France
4711554.0,GUO,Wenjun,92331,China
4711585.0,DRISBIOTI,Antigoni,97537,Greece
4711598.0,ROBINSON,Joshua,96375,Australia
4711599.0,NILSSON,Stefan,92074,Sweden
4711604.0,STEFANOWICZ,Monika,96888,Poland
4711622.0,STEPHENS,Jagger,95312,Guam
4711660.0,ABRAHAM,Tadesse,95229,Switzerland
4711682.0,GANIRA,Belly-Cresus,92168,Burundi
4711719.0,ABDEL HAY SAAD,Ragab,91470,Egypt
4711758.0,DEMSCHAR,Dominic,92318,Australia
4711777.0,RUDYK,Mateusz,91481,Poland
4711814.0,YEE,Alex,92070,Great Britain
4711819.0,LOSCHIAVO,Brandon,91613,United States
4711839.0,KESZLER,Andrea,91820,Hungary
4711883.0,DOI,Manami,91632,Japan
4711899.0,SHARAKOVA,Tatsiana,90475,Belarus
4711923.0,LEHACI,Ana,92757,Austria
4711943.0,HASSAN,Mostafa Amr,92545,Egypt
4711953.0,MESSING,Keegan,94623,Canada
4712041.0,TEO,Shun Xie,91543,Singapore
4712057.0,KORZH,Tatsiana,91502,Belarus
4712087.0,DAVTYAN,Artur,99220,Armenia
4712132.0,BLOCH,Shani,98868,Israel
4712142.0,HUDEC,Jan,96381,Czech Republic
4712159.0,SAMOHIN,Daniel,91758,Israel
4712169.0,GASPAR,José Luis,89943,Cuba
4712282.0,BÖGL,Lucas,96925,Germany
4712307.0,GERDZHIKOV,Dimitar,91541,Bulgaria
4712333.0,VEGA,Tamara,97551,Mexico
4712352.0,ANDREW,Michael,95184,United States
4712374.0,VARGAS,Fidel Antonio,92231,Cuba
4712382.0,SINCLAIR,Kenia,95237,Jamaica
4712409.0,ISAKSEN,Isabella,91348,United States
4712470.0,ROEST,Patrick,93590,Netherlands
4712532.0,SVENSSON,Felix,95229,Switzerland
4712618.0,DÜRR,Lena,92764,Germany
4712628.0,TRIYATNO,,92101,Indonesia
4712655.0,MAJDÁN,Dušan,91884,Slovakia
4712722.0,CHEKWEL,Juliet,91575,Uganda
4712747.0,BENARD,Chris,91849,United States
4712785.0,CAVET,Benjamin,92112,France
4712809.0,WANG,Xueer,91428,China
4712810.0,BULL,Alyssa,91723,Australia
4712842.0,GWIZDON,Magdalena,94444,Poland
4712962.0,CROUSER,Samuel,91849,United States
4712999.0,BIDANI,Walid,92110,Algeria
4713041.0,NANA DJIMOU,Antoinette,91520,France
4713061.0,VAN POL,Vera,96969,Netherlands
4713083.0,USTINOVA,Daria K,194639,ROC
4713083.0,USTINOVA,Daria K,92343,Russia
4713142.0,VALENTINO,Manon,97797,France
4713146.0,HUSTON,Patrick,91625,Great Britain
4713157.0,NEVES,Vânia,99627,Portugal
4713162.0,SILANTEVA,Anastasiia,170771,Olympic Athlete from Russia
4713188.0,GARCÍA,Marina,91571,Spain
4713213.0,ZVEJNIEKS,Kristaps,91489,Latvia
4713241.0,WENGER,Livio,101297,Switzerland
4713245.0,SUN,Yang,91428,China
4713249.0,WILLIS,Andrew,95254,Great Britain
4713282.0,SENODUNCU,Sahin,97543,Türkiye
4713314.0,GASPARIN,Selina,96387,Switzerland
4713338.0,LADNER,Marco,90490,Austria
4713348.0,OM,Yun Chol,91532,DPR Korea
4713423.0,STANFORD,Non,92070,Great Britain
4713425.0,BROWN,Joanna,91732,Canada
4713452.0,BOUQANTAR,Soufiyan,91445,Morocco
4713484.0,WEIRATHER,Tina,95794,Liechtenstein
4713518.0,MCLAUGHLIN-LEVRONE,Sydney,91849,United States
4713537.0,BARROW,Sarah,89933,Great Britain
4713592.0,CRACIUN,Nicolae,94606,Italy
4713651.0,GIL,Federico,91973,Argentina
4713681.0,LEHMAN,Emery,94702,United States
4713702.0,CARADEUX,Anais,92112,France
4713703.0,LALONDE,Geneviève,91425,Canada
4713754.0,KEFLEZIGHI,Meb,91849,United States
4713770.0,JÄNKÄ,Erika,92563,Finland
4713803.0,THOMPSON,Chris,92761,Great Britain
4713846.0,LAMPIC,Anamarija,91525,Slovenia
4713863.0,MASKELL,Michael,92050,Barbados
4713893.0,ZUBLASING,Petra,91868,Italy
4713915.0,UBETO,Miguel,95909,Venezuela
4714015.0,NAKANO,Rana,89927,Japan
4714056.0,PALŠYTE,Airine,94493,Lithuania
4714059.0,LAKE,Morgan,92761,Great Britain
4714089.0,CARUSO,Damiano,95033,Italy
4714103.0,VAN ROUWENDAAL,Sharon,95179,Netherlands
4714103.0,VAN ROUWENDAAL,Sharon,100240,Netherlands
4714208.0,IGARASHI,Chihiro,95181,Japan
4714248.0,BROWN,Phil,95279,Canada
4714323.0,D’ALMEIDA,Marcus,94061,BRA
4714330.0,PIEDRA,Bayron,91997,Ecuador
4714351.0,TEOCCHI,Chiara,91031,Italy
4714437.0,LOBACEVSKE,Diana,94493,Lithuania
4714499.0,HAGUL,Daniah,96245,Libya
4714565.0,OROZCO,Alejandra,95164,Mexico
4714567.0,HIRVONEN,Eero,91883,Finland
4714593.0,SANDOVAL,Álvaro,97551,Mexico
4714649.0,MAAS,Cheryl,95244,Netherlands
4714670.0,CELIC,Vuk,94520,Serbia
4714690.0,ASHLEY,Whitney,91849,United States
4714714.0,HASSAN,Ibrahim,92227,Djibouti
4714717.0,CROVETTO,Francisca,92086,Chile
4714743.0,ZOGHLAMI,Ala,91594,Italy
4714794.0,SILDARU,Kelly,96569,Estonia
4714861.0,SULTAN,Farhan,96256,Bahrain
4714880.0,BRAULT,Sarah-Anne,91732,Canada
4714891.0,TIYOURI,Maor,94450,Israel
4714922.0,PILLER,Gerina,94484,United States
4714956.0,PÉREZ,Marta,95223,Spain
4714973.0,FIVA,Alex,96896,Switzerland
4714976.0,KLAMER,Rachel,92259,Netherlands
4714984.0,BURMAN,Jens,94446,Sweden
4715016.0,DARZNIEKS,Arturs,92325,Latvia
4715051.0,DA SILVA,Tatiane,96363,Brazil
4715092.0,HOLZDEPPE,Raphael,94474,Germany
4715147.0,COOLSAET,Reid,91425,Canada
4715152.0,LAOUN,Maxime,91610,Canada
4715215.0,MEDINA,Gabriel,99976,Brazil
4715457.0,MILLOUSI,Vasiliki,89912,Greece
4715491.0,BAAUW,Judy,93603,Netherlands
4715512.0,ENZEMA,Benjamín,95290,Equatorial Guinea
4715524.0,DE BARROS,Bruno,96363,Brazil
4715603.0,MAUBET BJORNSEN,Sadie,91559,United States
4715607.0,NICOLL,Mercedes,94050,Canada
4715617.0,SIERRA,Arlenis,95643,Cuba
4715643.0,PERIBONIO,Tomás,95277,Ecuador
4715667.0,ROBINSON,Emma,94047,New Zealand
4715725.0,PEPENE,Paul,92567,Romania
4715807.0,STEWART,Campbell,94432,New Zealand
4715824.0,PROCHOROW,Alexej,94499,Germany
4715825.0,KORA,Salomé,95229,Switzerland
4715909.0,ALATRASH,Miri,92971,Palestine
4715921.0,LEE,Se-Ha,96937,Republic of Korea
4715962.0,LEDECKÁ,Ester,96381,Czech Republic
4715962.0,LEDECKÁ,Ester,92004,Czech Republic
4715967.0,DEGN,Malene,92739,Denmark
4715987.0,HU,Binyuan,92331,China
4716036.0,ROHAN,Lukas,97526,Czech Republic
4716106.0,PIECHOWIAK,Patrycja,92277,Poland
4716161.0,KIVISTIK,Kaur,92083,Estonia
4716168.0,CHUCHUGANOV,Yordan,94055,Bulgaria
4716170.0,RUSSO,Giada,91615,Italy
4716187.0,JEAN,Mulern,95269,Haiti
4716196.0,PETRENKO,Iryna,90491,Ukraine
4716214.0,SASÍNEK MÄKI,Kristiina,91602,Czech Republic
4716240.0,ARICAN,Ferhat,93662,Türkiye
4716271.0,MCDONALD,Rusheen,95237,Jamaica
4716306.0,NOTZ,Florian,96925,Germany
4716315.0,MAHRAN,Momen,99187,Egypt
4716320.0,LIFU,Mary,93298,Solomon Islands
4716407.0,RASTIC,Damir,98340,Serbia
4716454.0,KOCHETKOV,Pavel,105589,Russia
4716492.0,DORANGE,Eugénie,92104,France
4716527.0,BROWNLEE,Jonathan,92070,Great Britain
4716557.0,LI,Jiaman,94636,CHN
4716572.0,BAILEY,Daniel,97587,Antigua and Barbuda
4716585.0,JUNGFLEISCH,Marie-Laurence,94474,Germany
4716620.0,MITCHELL,Morgan,96375,Australia
4716621.0,YURIVILCA,Paolo,92612,Peru
4716669.0,CLAUDE,Florent,91413,Belgium
4716680.0,BRANDAU,Elisabeth,91399,Germany
4716694.0,AMMANN,Simon,92919,Switzerland
4716714.0,PACHECO,Rommel,95164,Mexico
4716720.0,KAMAR,Ahmed,92077,Egypt
4716731.0,BRÅTEN,Øystein,92062,Norway
4716742.0,FAARUP,Christoffer,91976,Denmark
4716770.0,TURMANIDZE,Irakli,92345,Georgia
4716795.0,ANGSUTHASAWIT,Jai,93054,Thailand
4716807.0,YEATON,Jessica,95225,Australia
4716837.0,LI,Xin,94904,China
4716847.0,ZHANG,Xinyu,91428,China
4716893.0,ZHOU,Yu,91535,China
4716921.0,ARNAUDOV,Tsanko,91452,Portugal
4716938.0,NEISE,Hannah,97549,Germany
4717024.0,SIMBINE,Akani,91331,South Africa
4717087.0,MCGEE,Cory,91849,United States
4717099.0,INNOCENTI,Marco,91868,Italy
4717125.0,BOWE,Brittany,94702,United States
4717147.0,BARAHONA,Noelle,94070,Chile
4717166.0,MAHAMAT,Bachir,91833,Chad
4717231.0,MUKOGAWA,Sakurako,95174,Japan
4717244.0,IAKOVIDIS,Theodoros,96893,Greece
4717254.0,TSUBOTA,Yuki,91843,Canada
4717391.0,DAHLSTRÖM,Emma,91754,Sweden
4717480.0,REID,Aileen,91339,Ireland
4717493.0,GODOY,Anna,94092,Spain
4717562.0,MYSLYVCHUK,Volodymyr,91602,Czech Republic
4717564.0,ECKER,Lisa,91857,Austria
4717574.0,SELEMELA THIPE,Tsholofelo,91331,South Africa
4717591.0,MALONE,Chantel,92289,British Virgin Islands
4717602.0,CAKŠS,Gatis,89947,Latvia
4717672.0,BLOKHUIJSEN,Jan,93590,Netherlands
4717791.0,YU,Kevin,92993,Chinese Taipei
4717801.0,VERBURG,David,91849,United States
4717823.0,PACHECO,Cristhian,92612,Peru
4717873.0,OKADA,Naoya,91618,Japan
4717914.0,NEKRASOVA,Marina,97158,Azerbaijan
4717955.0,GARCÍA,José Amado,91589,Guatemala
4717970.0,POWER,Nadia,96910,Ireland
4717978.0,DUBREUIL,Laurent,97784,Canada
4718025.0,PINEDA,Yolimar,91508,Venezuela
4718054.0,FOWLER,Andrew,95309,Guyana
4718073.0,CUESTA,Gustavo,91442,Dominican Republic
4718145.0,KÖNIG,Leopold,95729,Czech Republic
4718153.0,WALLACE,Bernadette,91723,Australia
4718169.0,MEYER,Cynthia,92541,Canada
4718286.0,BENTZ,Joseph,95184,United States
4718291.0,HROMCOVA,Petra,92115,Slovakia
4718365.0,KOSTADINOVA,Antoaneta,91609,Bulgaria
4718389.0,MOMCILOVIC VELICKOVIC,Bobana,98339,Serbia
4718408.0,BERNDT,Ondrej,96381,Czech Republic
4718479.0,JODAR,Celia,93651,Morocco
4718541.0,SINGH,Gurmeet,91760,India
4718585.0,BOEKELMAN,Melissa,91854,Netherlands
4718624.0,SHEN,Duo,91428,China
4718706.0,HAYES,Carolyn,91339,Ireland
4718732.0,DANHO,Thibaut,96244,Côte d'Ivoire
4718745.0,ZANOTTI,Fabrizio,92834,Paraguay
4718765.0,LEMMA,Sisay,94034,Ethiopia
4718799.0,GALSTYAN,Katya,93485,Armenia
4718818.0,BELLE,Tia-Adana,90510,Barbados
4718836.0,PUNIA,Sapna,91760,India
4718865.0,KALIUZHNA,Viktoriia,91581,Ukraine
4718872.0,BRENNAUER,Lisa,98857,Germany
4718909.0,DERELI,Emel,97543,Türkiye
4718940.0,FLORÈS,Jérémy,93735,France
4719017.0,DJANGABAEV,Rustam,91572,Uzbekistan
4719022.0,LAM,Kequyen,95904,Portugal
4719137.0,NEYLAN,Rachel,95039,Australia
4719202.0,VALL,Jessica,91571,Spain
4719276.0,LIMA,José Filipe,93394,Portugal
4719348.0,KAMENSKIY,Sergey,91639,Russia
4719348.0,KAMENSKIY,Sergey,194614,ROC
4719352.0,TUKA,Amel,94033,Bosnia & Herzegovina
4719368.0,AL BALOOSHI,Ayesha,94879,United Arab Emirates
4719405.0,SNOWDEN,Katie,92761,Great Britain
4719418.0,UYAMA,Megu,89927,Japan
4719481.0,DAHLQVIST,Maja,94446,Sweden
4719575.0,BAUMANN,Ashton,91621,Canada
4719582.0,KOZELSKÁ FENCLOVÁ,Veronika,91475,Czech Republic
4719609.0,JORGENSEN,Gwen,95777,United States
4719659.0,KRÜGER,Simen Hegstad,94487,Norway
4719703.0,OSMAN,Farida,92010,Egypt
4719748.0,NICHOLAS,Bryden,93825,Cook Islands
4719753.0,ANCER,Abraham,92914,Mexico
4719792.0,KÜHN,Johannes,91837,Germany
4719835.0,MAIER,Elisabeth,93122,Canada
4719852.0,STUDER,Max,92098,Switzerland
4719875.0,MURDOCH,Ross,95254,Great Britain
4719876.0,MEYER,Matthew,94594,South Africa
4719893.0,HUSSONG,Christin,94474,Germany
4719936.0,HAASER,Ricarda,92026,Austria
4720000.0,VISSER,Esmee,93590,Netherlands
4720001.0,THIAM,Nafissatou,91068,Belgium
4720158.0,BROOKS,Christopher,92027,United States
4720300.0,KIM,Jonghyun,92351,Republic of Korea
4720359.0,NABIL,Oussama,91445,Morocco
4720390.0,HÄRSTEDT,Axel,91373,Sweden
4720420.0,KENNETT,Dylan,94432,New Zealand
4720439.0,BURKE,Mario,90510,Barbados
4720501.0,ADO,Pauline,93735,France
4720516.0,KPOSSI,Rebecca,92968,Togo
4720618.0,RUMPLER,Gernot,91443,Austria
4720657.0,ENNAOUI,Sofia,96888,Poland
4720699.0,BIGOT,Quentin,91520,France
4720724.0,NICHOLAS,Ella,93825,Cook Islands
4720737.0,LISOWSKA,Aleksandra,96888,Poland
4720774.0,WINDINGSTAD,Rasmus,91509,Norway
4720795.0,INGEBRIGTSEN,Henrik,94497,Norway
4720849.0,LOMBARD,Peter,94426,Guam
4720915.0,SALAZAR,Yareli,98874,Mexico
4720929.0,BORKOWSKI,Mateusz,96888,Poland
4721069.0,DOUSCHAN,Hanno,91417,Austria
4721096.0,CRAWFORD,Holly,95230,Australia
4721112.0,NILSSON,Stina,94446,Sweden
4721173.0,MICHTA-COFFEY,Maria,91849,United States
4721240.0,KLUGE,Roger,90116,Germany
4721248.0,COOPER,Anton,89896,New Zealand
4721273.0,POUTSMA,Selma,94048,Netherlands
4721292.0,LAHTI,Sarah,91373,Sweden
4721363.0,MALANI,Meli,98162,Fiji
4721417.0,KASYANOV,Oleksiy,91581,Ukraine
4721456.0,MARCISZ,Ewelina,91629,Poland
4721471.0,NÁPOLES,Cristian,89943,Cuba
4721483.0,ŠPOTÁKOVÁ,Barbora,91602,Czech Republic
4721507.0,LEWIS,Andrew,97598,Trinidad & Tobago
4721577.0,USHAKOV,Dmitrii,195349,ROC
4721577.0,USHAKOV,Dmitrii,91433,Russia
4721605.0,BUZZI,Emanuele,96391,Italy
4721613.0,SUTHERLAND,Gavin,93441,Zimbabwe
4721635.0,BELLILLE,Janeil,91503,Trinidad & Tobago
4721640.0,MA,Zhenxia,89910,China
4721650.0,SOTO,Catriel Andrés,89890,Argentina
4721718.0,RADZIVIL,Svetlana,91434,Uzbekistan
4721740.0,BUSTOS,David,95223,Spain
4721742.0,ZAVALA,Alejandra,91418,Mexico
4721743.0,KLOTZ,Siegmar,92135,Italy
4721767.0,BRADSHAW,Holly,92761,Great Britain
4721880.0,DOUGLAS,Gabrielle,92027,United States
4721912.0,MRABET,Mohamed Ali,97313,Tunisia
4721936.0,MCILROY,Rory,91451,Ireland
4722075.0,TULO,Manueli,92335,Fiji
4722132.0,BENOOT,Tiesj,98863,Belgium
4722133.0,BOTERO,Jhonnatan,90470,Colombia
4722259.0,RIEDER,Emanuel,94452,Italy
4722275.0,GU,Ao,96573,China
4722282.0,SCHULTING,Suzanne,94048,Netherlands
4722374.0,FUNNEMARK,Endre,91332,Norway
4722401.0,XU,Shuangshuang,89910,China
4722413.0,WU,Shaotong,96573,China
4722414.0,TAITINGFONG,Raina,99185,Guam
4722421.0,SANDOVAL,Ahtziri,92220,Mexico
4722439.0,MARINIC,Matija,91633,Croatia
4722490.0,SWITKOWSKI,Jan,94476,Poland
4722502.0,KLOSTER,Line,94497,Norway
4722508.0,KRÝZL,Kryštof,96381,Czech Republic
4722602.0,TCHAKOUNTE,Dora,92377,France
4722609.0,HEIKKINEN,Matti,94041,Finland
4722635.0,GUSIN,Tatiana,97537,Greece
4722644.0,ZHANG,Yuhan,91428,China
4722664.0,CIENFUEGOS,Javier,95223,Spain
4722704.0,DE SÁ,Mateus,96363,Brazil
4722711.0,ECKHARDT-NOACK,Neele,94474,Germany
4722746.0,ZHANG,Jun,89910,China
4722802.0,ZILLEKENS,Christian,91511,Germany
4722829.0,GHAZAL,Majd Eddin,91972,Syria
4722873.0,DANEK,Lukáš,91350,Czech Republic
4722971.0,ALVAREZ,Luis,95784,Mexico
4723015.0,ATTAR,Sarah,96931,Saudi Arabia
4723102.0,SAJINA,Aishath,92817,Maldives
4723109.0,BELOTTI,Marco,91971,Italy
4723118.0,DE CARVALHO,Tatiele Roberta,96363,Brazil
4723123.0,WOLFRAM,Martin,92352,Germany
4723174.0,ROMANI,Darlan,96363,Brazil
4723179.0,COULTAS,Rowan,94437,Great Britain
4723206.0,TAKÁCS,Kincsö,95242,Hungary
4723214.0,MANSOR,Hafifi,92226,Malaysia
4723225.0,BATTEN,Haley,94014,United States
4723295.0,ROGER,Brice,92765,France
4723350.0,WELDU,Nazret,97583,Eritrea
4723432.0,MATSUNAGA,Daisuke,91841,Japan
4723444.0,XIE,Zhenye,89910,China
4723502.0,SAKALA,Filip,89942,Czech Republic
4723604.0,SATO,Yukiya,91829,Japan
4723651.0,KATOATAU,David,95781,Kiribati
4723654.0,ISMAIL,Afa,92151,Maldives
4723702.0,AZEVEDO,João,90512,Portugal
4723710.0,DESPLANCHES,Jérémy,91334,Switzerland
4723820.0,TANG,Chia-Hung,92300,Chinese Taipei
4723860.0,ST LOUIS,Fabienne,94093,Mauritius
4723889.0,GASSER,Mischa,96896,Switzerland
4723897.0,SCHILD,Morgan,94642,United States
4723902.0,TOURKI,Liam,96922,France
4723910.0,SCHMID,Katharina,93128,Germany
4723953.0,TE FLAN,Talita,96244,Côte d'Ivoire
4724050.0,SIMON,Thiago,95178,Brazil
4724122.0,MATUSEVICIUS,Edis,94493,Lithuania
4724130.0,AMORES CARUA,Jhonatan Javier,91997,Ecuador
4724136.0,HENNEQUIN,Benjamin,92377,France
4724142.0,MALTSEVA,Ekaterina,201529,ROC
4724147.0,SEO,Jung Hwa,96836,Republic of Korea
4724291.0,AHMED,Mohammed,91425,Canada
4724356.0,PÉREZ,Mercedes,91454,Colombia
4724397.0,AERNI,Luca,94036,Switzerland
4724460.0,LUO,Yadong,89910,China
4724528.0,IOANNOU,Kyriakos,96373,Cyprus
4724638.0,PASSON,Felicity,96261,Seychelles
4724668.0,HENNIG,Katharina,96925,Germany
4724672.0,JERUTO,Norah,91386,Kazakhstan
4724699.0,VASILYAN,Monika,96255,Armenia
4724735.0,UWIRAGIYE,Ambroise,91831,Rwanda
4724765.0,CAPEWELL,Sophie,89899,Great Britain
4724766.0,GASHAW,Tigist,95288,Bahrain
4724814.0,BRAIDOT,Luca,91031,Italy
4724840.0,DUDAŠ,Mihail,101446,Serbia
4724914.0,KARLAGACHEV,Dmitriy,200954,ROC
4724947.0,RYAN,Caitlin,96365,New Zealand
4724983.0,CHIANG,Nien Hsin,91850,Chinese Taipei
4725010.0,VAKALIS,Donna,92256,Canada
4725109.0,GIRKE,Nikola,95215,Canada
4725131.0,KEJELCHA,Yomif,94034,Ethiopia
4725149.0,MACDONALD,Jamie,91610,Canada
4725156.0,PÉREZ,Jimena,91571,Spain
4725165.0,CAO,Zhongrong,92896,China
4725181.0,TELUSHKINA,Mariya,91386,Kazakhstan
4725247.0,SILVA,Andrés,89913,Uruguay
4725360.0,HARTING,Zach,95184,United States
4725464.0,BARILLÀ,Antonino,91868,Italy
4725493.0,KALENTIEVA,Irina,91479,Russia
4725502.0,GARFOOT,Katrin,95039,Australia
4725507.0,JANECEK,Pavel,96908,Czech Republic
4725561.0,KRASUCKI,Franciela,96363,Brazil
4725575.0,VARGAS,Ricardo,91598,Mexico
4725667.0,CHIERIGHINI,Marcelo,95178,Brazil
4725735.0,ŠIMIC,Ana,91770,Croatia
4725738.0,BRAN,Mario Alfonso,91589,Guatemala
4725744.0,FONTANIVE,Petra,95229,Switzerland
4725764.0,RUTZ-BÜCHEL,Selina,95229,Switzerland
4725778.0,BABAYAN,Hrachik,91741,Armenia
4725862.0,THOMAS-DODD,Danniel,95237,Jamaica
4725882.0,SHUBINA,Ekaterina,92349,Uzbekistan
4725889.0,SEMENOV,Serhiy,90491,Ukraine
4725916.0,BERNARD,Maria,91425,Canada
4725952.0,DA GRAÇA,Celma Bonfim,97590,Sao Tome & Principe
4725970.0,MANA,Noura,93161,Morocco
4726006.0,LEOTLELA,Gift,91331,South Africa
4726022.0,ŠAFRÁNKOVÁ,Katerina,91602,Czech Republic
4726071.0,GEORGE,Phylicia,91425,Canada
4726093.0,SEBESTYÉN,Dalma,94021,Hungary
4726160.0,COCHRAN-SIEGLE,Ryan,91818,United States
4726173.0,OLMO,Angelica,91514,Italy
4726361.0,AMADOR,Andrey,102344,Costa Rica
4726380.0,BLAHA,Constantin,91071,Austria
4726389.0,HAN,Dasom,92675,Republic of Korea
4726402.0,SMEEKENS,Jan,93590,Netherlands
4726443.0,LI,Guangyuan,91428,China
4726476.0,WANG,Zheng,89910,China
4726498.0,GULIYEV,Ramil,97543,Türkiye
4726581.0,KRAMER,Andreas,91373,Sweden
4726590.0,GALLAGHER,Erin,94594,South Africa
4726599.0,CARVALHO,José,97135,Portugal
4726616.0,XU,Lijia,91462,China
4726648.0,POOLEY,Emma,102358,Great Britain
4726657.0,PAES,Lutimar,96363,Brazil
4726658.0,BARATA,Samuel,91452,Portugal
4726762.0,ROBERTS,Gil,91849,United States
4726771.0,KULIKOV,Alexandr,93521,Kazakhstan
4726787.0,WELTE,Miriam,90116,Germany
4726797.0,MELNYK,Tetiana,91581,Ukraine
4726860.0,CAERTS,Basten,91432,Belgium
4726862.0,DE BOER,Thom,95179,Netherlands
4726890.0,VALDEZ,Jayson,91051,Philippines
4726913.0,ANDJUŠIC MAKSIMOVIC,Ivana,98339,Serbia
4726915.0,ERICKSON,Chris,96375,Australia
4726926.0,MAZUR,Vladyslav,91581,Ukraine
4726946.0,HEGARTY,Kirsty,95224,Great Britain
4727017.0,DYGACZ,Agnieszka,96888,Poland
4727061.0,TIPPLE,Chloe,92049,New Zealand
4727105.0,NEL,Wenda,91331,South Africa
4727124.0,GUERRERO,Sébastien,90493,France
4727247.0,XU,Hongzhi,94496,China
4727248.0,TALOS,Andreea,91838,Romania
4727250.0,FLETCHER,Julian,92878,Bermuda
4727255.0,SUNG,Ching-Yang,97787,Chinese Taipei
4727272.0,MØLLER,Anna Emilie,89902,Denmark
4727394.0,BONDAR,Aleksandr,195348,ROC
4727451.0,BOUTER,Micaela,91345,South Africa
4727456.0,KAMINSKI,Mateusz,91364,Poland
4727484.0,VONDROVÁ,Lada,91602,Czech Republic
4727539.0,STRØM,Anna Odine,92606,Norway
4727571.0,CHENG,Colin,92053,Singapore
4727581.0,NEBEN,Amber,95637,United States
4727599.0,PINKELNIG,Eva,94661,Austria
4727636.0,BOWSKILL,Brenda,95215,Canada
4727731.0,MOLLESTAD,Maria,91332,Norway
4727806.0,PAUL,Ayonika,94600,India
4727912.0,DAVID,Yanis,91520,France
4727965.0,WILLIAN,Luke,91994,Australia
4727986.0,KERR,Deborah,91527,Great Britain
4728008.0,ASUMNU,Gloria,97539,Nigeria
4728016.0,BURGER,Guillaume,92104,France
4728064.0,BUCHHEIM,Ralf,91640,Germany
4728110.0,SEMENOV,Michail,90501,Belarus
4728119.0,CHRISTEN,Nina,94504,Switzerland
4728153.0,KOLEGA,Elias,94646,Croatia
4728178.0,AZEMIA,Ned,96903,Seychelles
4728198.0,EGODAWELA,Tehani,91983,Sri Lanka
4728205.0,NOVOZHYLOVA,Iryna,91581,Ukraine
4728229.0,MEROÚSIS,Hristóforos,97537,Greece
4728264.0,MAGNINI,Filippo,91971,Italy
4728283.0,SALAMANCA,Julio,92128,El Salvador
4728339.0,IVRY,Amit,92897,Israel
4728361.0,NAKAMURA,Shogo,91841,Japan
4728365.0,CHOI,Bo-Gun,92760,Republic of Korea
4728384.0,RUSSELL,Michelle,96895,Canada
4728415.0,DOLL,Benedikt,91837,Germany
4728525.0,REDONDO,Laura,95223,Spain
4728530.0,CASTRÉN,Matilda,92869,Finland
4728555.0,QIEYANG,Shijie,89910,China
4728635.0,BIWOTT,Stanley,95235,Kenya
4728661.0,NEPRYAEVA,Natalia,170910,Olympic Athlete from Russia
4728661.0,NEPRYAEVA,Natalia,201552,ROC
4728714.0,KACZOR,Tomasz,91364,Poland
4728728.0,FALAT,Matej,92115,Slovakia
4728806.0,TYURINA,Anastasiya,96249,Tajikistan
4728857.0,PERWIRA,Aflah Fadlan,93156,Indonesia
4728861.0,KHILKO,Ekaterina,92570,Uzbekistan
4728863.0,VAICULE,Gunta,89947,Latvia
4728881.0,AGHAMIRZAEIJENAGHRAD,Ali,96639,Iran
4728884.0,SCOTT,Sharolyn,94607,Costa Rica
4728921.0,CURTONI,Elena,96391,Italy
4728963.0,PILA,Andres,95866,COL
4728964.0,LAUNAY,Antoine,97135,Portugal
4728967.0,CHRIST,Kali,97784,Canada
4729009.0,LÓPEZ,Gabriela,92914,Mexico
4729018.0,DOWNIE,Elissa,94067,Great Britain
4729023.0,MUELLAUER,Lukas,90490,Austria
4729025.0,KWEMOI,Ronald,95235,Kenya
4729028.0,KNIPPING,Arjan,95179,Netherlands
4729054.0,BONEVACIA,Liemarvin,91854,Netherlands
4729110.0,JELINKOVA,Adriana,92317,Netherlands
4729143.0,LAPIERRE,Fabrice,96375,Australia
4729149.0,SARGENT,Ida,91559,United States
4729201.0,PETROUNIAS,Eleftherios,89912,Greece
4729247.0,GOVINDEN,Rodney,91507,Seychelles
4729265.0,WHITE,Shaun,92538,United States
4729311.0,KORISTEK,Ján,92029,Slovakia
4729330.0,NASCIMENTO,Carlos,91452,Portugal
4729355.0,HULKKO,Ida,92601,Finland
4729429.0,MOHAMMAD,Karim,95299,Pakistan
4729472.0,MÄÄTTÄ,Jarkko,96943,Finland
4729516.0,OLASZ,Anna,103835,Hungary
4729527.0,ZUK,Kamila,94444,Poland
4729543.0,KILDE,Aleksander Aamodt,91509,Norway
4729559.0,DYVIK,Anna,94446,Sweden
4729628.0,ORTIZ,Carlos,92914,Mexico
4729639.0,BUI,Kim,92884,GER
4729646.0,VIATKINA,Natallia,91502,Belarus
4729649.0,YAN,Xingyuan,90487,China
4729650.0,DEL PONTE,Ajla,95229,Switzerland
4729760.0,HOULIHAN,Shelby,91849,United States
4729805.0,UEHARA,Miyuki,91841,Japan
4729825.0,KOSI,Klemen,96892,Slovenia
4729835.0,DESALU,Eseosa,91594,Italy
4729906.0,BATKI,Noemi,94640,Italy
4729961.0,LI,Yajun,92887,China
4730017.0,MARQUET,Mathieu,92970,Mauritius
4730099.0,RYAN,Sean,102117,United States
4730116.0,BOBOCEA,Claudia,91838,Romania
4730169.0,BARRUGUÉS,Esther,92597,Andorra
4730184.0,NGUYEN,Thi Huyen,93137,Vietnam
4730187.0,SHYMECHKO,Ihor,92893,Ukraine
4730285.0,UDE,Filip,91642,Croatia
4730297.0,CASTROVIEJO,Jonathan,95650,Spain
4730387.0,HENSHAW,Russell,91375,Australia
4730436.0,MCCOLL,Sean,101474,Canada
4730455.0,KRUIJSWIJK,Steven,99397,Netherlands
4730470.0,HORODYSKYI,Bohdan-Ivan,91581,Ukraine
4730561.0,FANTONI,Giacomo,93601,Italy
4730650.0,SAVKIN,Alexander,93133,Uzbekistan
4730651.0,VITO,Louie,91794,Italy
4730821.0,KUCEROVA,Nikol,92120,Czech Republic
4730882.0,BIRIZ,Onur Cavit,91044,Türkiye
4730921.0,DEMELASH,Yigrem,94034,Ethiopia
4730946.0,GOLAS,Michal,95640,Poland
4731059.0,LEMOS,Sandra,91368,Colombia
4731076.0,LEWIS,Emily,91527,Great Britain
4731198.0,CHEAH,Geoffrey,94465,"Hong Kong, China"
4731225.0,MUIR,Carline,91425,Canada
4731242.0,ARENAS,Lorena,91368,Colombia
4731308.0,CLAXTON,Grace,92292,Puerto Rico
4731328.0,HAGINO,Kosuke,95181,Japan
4731337.0,BETTERIDGE,Lois,94072,Canada
4731347.0,RADU,Marius,91977,Romania
4731368.0,JANKA,Carlo,94036,Switzerland
4731443.0,TIMOSHININA,Yulia,195348,ROC
4731443.0,TIMOSHININA,Yulia,92245,Russia
4731445.0,VALDÉS,María,91476,Chile
4731465.0,EGAN,Clare,94039,United States
4731504.0,MOLNÁR,Flóra,94021,Hungary
4731560.0,BARBER,Alana,95176,New Zealand
4731563.0,GUZIK,Grzegorz,94444,Poland
4731614.0,TOTKA,Sandor,95242,Hungary
4731659.0,BJERG,Tobias,91774,Denmark
4731703.0,FRASER,Brett,93374,Cayman Islands
4731717.0,HANSON,Elliot,96894,Great Britain
4731734.0,REID,Leon,96910,Ireland
4731782.0,MASLÁK,Pavel,91602,Czech Republic
4731783.0,BRYUKHANKOV,Alexander,92771,Russia
4731808.0,WELLINGS,Eloise,96375,Australia
4731829.0,GÓMEZ,Frandiel,95322,Dominican Republic
4731835.0,HAYBÖCK,Michael,94661,Austria
4731837.0,DUFTER,Roxanne,97780,Germany
4731925.0,ELVIN,Gracie,95039,Australia
4731945.0,ROJAS,Brenda,97547,Argentina
4731955.0,CASTELBLANCO,Jorge,94472,Panama
4731988.0,JUNG,Dong-Hyun,91731,Republic of Korea
4731998.0,NEUENSCHWANDER,Maja,95229,Switzerland
4732021.0,IVERSEN,Emil,94487,Norway
4732070.0,O'BRIEN,Kate,91483,Canada
4732151.0,CARLI,Diletta,91971,Italy
4732162.0,LABROUSSE,Lea,96905,France
4732249.0,MUPOPO,Kabange,96376,Zambia
4732291.0,RIMSAITE,Donata,91377,Russia
4732302.0,PAGE,Bryony,91329,Great Britain
4732304.0,SÁNCHEZ-ESCRIBANO,Irene,95223,Spain
4732328.0,PETERS,Eric,97563,CAN
4732368.0,VANDEWEYER,Stef,91490,Belgium
4732413.0,KOVÁCÓCY,Marián,96946,Slovakia
4732430.0,MILLER,Nick,92761,Great Britain
4732494.0,MARTÍNEZ,Leonel,91419,Venezuela
4732530.0,GOYARD,Thomas,91359,France
4732537.0,CAINERO,Chiara,91868,Italy
4732562.0,PERTERER,Lisa,96385,Austria
4732640.0,GUTIÉRREZ,Mireia,95227,Andorra
4732646.0,GANZ,Caterina,92055,Italy
4732676.0,KABA,Sekou,91425,Canada
4732800.0,MARQUES,Yane,91505,Brazil
4732854.0,BAJWA,Angad Vir Singh,94600,India
4732857.0,MOCHALOV,Aleksey,92349,Uzbekistan
4732866.0,ULLVANG,Lars,91848,Norway
4732895.0,FRIIS-SALLING,Laila,95256,Denmark
4732899.0,PLETIKOSIC,Stevan,98339,Serbia
4732941.0,MICHALSKI,Piotr,94308,Poland
4732961.0,MOLLEMA,Bauke,99397,Netherlands
4732982.0,ITO,Daiki,91829,Japan
4733051.0,KRIKUNOV,Artyom,94306,Kazakhstan
4733057.0,ILVES,Kristjan,91550,Estonia
4733113.0,HARRIGAN-SCOTT,Tahesia,92289,British Virgin Islands
4733115.0,ILES,Mitchell,96380,Australia
4733140.0,HORISHIMA,Ikuma,92019,Japan
4733175.0,PINTO,Jeserik,92607,Venezuela
4733228.0,TALIHÄRM,Johanna,92297,Estonia
4733256.0,NIELSEN,Laviai,92761,Great Britain
4733283.0,MARIANO,Arthur,91777,Brazil
4733347.0,FRANCIS,Danusia,99223,Jamaica
4733350.0,KIM,Seo-Yeong,92558,Republic of Korea
4733417.0,MANDIA,Claudia,91529,ITA
4733437.0,UEDA,Ai,91775,Japan
4733581.0,DENSHAM,Erin,91994,Australia
4733629.0,BYUKUSENGE,Nathan,99988,Rwanda
4733796.0,KIEFFER,Maximilian,92136,Germany
4733799.0,HARTMANN,Alex,96375,Australia
4733842.0,MUREZ,Andrea,92897,Israel
4733845.0,CAMPBELL,Cate,91357,Australia
4733849.0,PRAUGHT LEER,Aisha,95237,Jamaica
4733867.0,GLØERSEN HAGA,Ragnhild,94487,Norway
4733895.0,JOUVE,Richard,95262,France
4733954.0,RIENDEAU,Vincent,94084,Canada
4734023.0,KOBLOV,Dmitriy,91386,Kazakhstan
4734027.0,VIKTORA,Adam,96261,Seychelles
4734072.0,WANG,Zhouyu,92887,China
4734082.0,DVORÁK,Miroslav,91350,Czech Republic
4734165.0,LØVNES,Ingeborg,94497,Norway
4734213.0,KUMARI,Rajeshwari,94600,India
4734257.0,ORTEGA,Víctor,92901,Colombia
4734303.0,BUSCHKUEHL,Brooke,96375,Australia
4734410.0,FERRARI,Vanessa,94443,ITA
4734415.0,ALEXOÚLI,Háido,97537,Greece
4734416.0,YARIGO,Noélie,97580,Benin
4734422.0,AMIALIUSIK,Alena,102343,Belarus
4734426.0,SAFO-ANTWI,Sean,95193,Ghana
4734436.0,AL MANWARI,Bashair Obaid,96945,Qatar
4734448.0,HSU,Shu-Ching,91850,Chinese Taipei
4734498.0,SENA,Érica,96363,Brazil
4734581.0,ELHAGE,Philip,92655,Aruba
4734645.0,SUJEW,Diana,94474,Germany
4734673.0,URRUTIA,Yosiris,91368,Colombia
4734681.0,HEREDIA,Aleix,91577,Spain
4734691.0,ANDRIENKO,Aleksandr,201575,ROC
4734747.0,THOMAS,Donald,96929,Bahamas
4734762.0,GANONG,Travis,91818,United States
4734763.0,VYNOHRADOV,Yevhen,91581,Ukraine
4734798.0,CHODOUNSKY,David,91818,United States
4734802.0,GIOVANNINI,Andrea,98002,Italy
4734937.0,NOZAWA,Keisuke,91841,Japan
4735027.0,EL GUESSE,Abdelati,91445,Morocco
4735032.0,LEITNER,Felix,91415,Austria
4735094.0,FRASER-PRYCE,Shelly-Ann,95237,Jamaica
4735109.0,FRANZ,Max,92026,Austria
4735182.0,SMALL,Greta,92318,Australia
4735277.0,WEIDEMANN,Isabelle,97784,Canada
4735306.0,HARRISON,Kendra,91849,United States
4735381.0,SPIEß,Jürgen,94499,Germany
4735388.0,SCHOUTEN,Irene,93590,Netherlands
4735460.0,ZELGER,Stefan,92055,Italy
4735461.0,KERRY,Brendan,91492,Australia
4735491.0,LEVY,Maximilian,90116,Germany
4735491.0,LEVY,Maximilian,98857,Germany
4735540.0,HANSEN,Natasha,94432,New Zealand
4735561.0,JUNKRAJANG,Nathanan,96247,Thailand
4735566.0,MADDEN,Paige,95184,United States
4735569.0,TAYLOR,Laurie,92591,Great Britain
4735669.0,SCANZIO,Deborah,96896,Switzerland
4735753.0,CHAUHAN,Maheshwari,94600,India
4735765.0,WATABE,Akito,95212,Japan
4735768.0,NDIAYE,Awa Ly,92170,Senegal
4735784.0,CHERVOTKIN,Alexey,170910,Olympic Athlete from Russia
4735784.0,CHERVOTKIN,Alexey,201552,ROC
4735820.0,ALLÈGRE,Nils,92765,France
4735826.0,FINLEY,Mason,91849,United States
4735828.0,HAYES,Quanera,91849,United States
4735893.0,TUFA,Tigist,94034,Ethiopia
4735900.0,RIDZIK,Sergey,201529,ROC
4735900.0,RIDZIK,Sergey,170773,Olympic Athlete from Russia
4735921.0,BEAUCHEMIN-NADEAU,Marie-Eve,91062,Canada
4736039.0,DI LIDDO,Elena,91971,Italy
4736088.0,JONES,Harriet,95254,Great Britain
4736095.0,SHKHUMOVA,Olena,91557,Ukraine
4736099.0,GUEST,Charlotte,92591,Great Britain
4736130.0,GASIENICA DANIEL,Maryna,91500,Poland
4736143.0,KAUKENAS,Tomas,93120,Lithuania
4736248.0,MERKUSHYNA,Anastasiya,90491,Ukraine
4736258.0,KOŠIR,Žan,94024,Slovenia
4736285.0,ALKARAMOVA,Fatima,93376,Azerbaijan
4736288.0,CONEO,Muriel,91368,Colombia
4736313.0,BEYRAMI BAHER,Samaneh,93320,Iran
4736338.0,KIPROTICH,Stephen,91575,Uganda
4736417.0,TEUNISSEN,Lena,91991,Netherlands
4736465.0,THOMPSON,Brenessa,91975,Guyana
4736468.0,CHEN,Shih-Chieh,91850,Chinese Taipei
4736514.0,TERAMOTO,Asuka,94494,Japan
4736638.0,TRŠAN,Rok,91444,Slovenia
4736699.0,VILARRUBLA,Núria,92107,Spain
4736731.0,BIRKINHEAD,Damien,96375,Australia
4736790.0,JAMANKA,Mariama,91867,Germany
4736828.0,ŽAMPA,Adam,92115,Slovakia
4736834.0,LOCKETT,Deanna,92123,Australia
4736914.0,LIU,Hao,91535,China
4736930.0,HESSELBJERG,Ole,89902,Denmark
4736934.0,CHÁVEZ,Kevin,91751,Australia
4736973.0,COMEAU,Anne-Marie,92054,Canada
4737104.0,LIMBERG,Alex,94555,South Africa
4737159.0,FLEM HØST,Line,91332,Norway
4737162.0,SHITARA,Yuta,91841,Japan
4737197.0,SAMAAI,Ruswahl,91331,South Africa
4737338.0,ARZANDEH,Mohammad,93136,Iran
4737356.0,RAZÝMOVÁ,Katerina,91603,Czech Republic
4737371.0,SUBBOTINA,Ekaterina,194614,ROC
4737470.0,DE LUCA,Marco,91594,Italy
4737558.0,REN,Mengqian,89910,China
4737559.0,LOOMIS,Benjamin,92303,United States
4737632.0,HÄHLEN,Joana,94036,Switzerland
4737645.0,ETIENNE,Axelle,97797,France
4737659.0,KANAKINA,Yulia,201600,ROC
4737669.0,BRAUN,Pieter,91854,Netherlands
4737713.0,REINEKE,Erika,96400,United States
4737738.0,MILJENIC,Nikola,89922,Croatia
4737750.0,HAMBÜCHEN,Fabian,92884,GER
4737774.0,HENTTALA,Lotta,99388,Finland
4737787.0,RICE,Jerry,96920,Great Britain
4737810.0,MISLAWCHUK,Tyler,91732,Canada
4737832.0,SCHÄFER,Carolin,94474,Germany
4737845.0,BUBE,Andreas,89902,Denmark
4737954.0,KIM,Taeyun,97997,Republic of Korea
4737976.0,TARASEVICH,Grigoriy,92343,Russia
4737976.0,TARASEVICH,Grigoriy,194639,ROC
4738004.0,RIZZA,Manfredi,94606,Italy
4738005.0,LE CORRE,Pierre,91855,France
4738082.0,GLASNOVIC,Josip,92770,Croatia
4738113.0,KIRILLOV,Boris,93376,Azerbaijan
4738161.0,VEITÍA,Lisneidy,89943,Cuba
4738266.0,INNERHOFER,Christof,96391,Italy
4738327.0,KARAYEL,Bekir,97543,Türkiye
4738365.0,LAMOTE,Rénelle,91520,France
4738436.0,KATAYAMA,Shingo,91637,Japan
4738448.0,CIKAMATANA,Eileen,89937,Australia
4738499.0,CHEVRIER,Luc,93365,Saint Lucia
4738538.0,PINEDA,Diana,92901,Colombia
4738622.0,SAGAN,Peter,96331,Slovakia
4738678.0,KICHASOVA-SKORYK,Mariia,95191,Ukraine
4738693.0,MANCHÓN,Blanca,91496,Spain
4738709.0,BELAUD,Valentin,90507,France
4738745.0,SCOTT,Jordan,95237,Jamaica
4738809.0,MISCHLER,Baptiste,91520,France
4738845.0,CHANG,Xinyue,92661,China
4738859.0,KAZÁR,Matej,92348,Slovakia
4738922.0,OTRYAD,Gundegmaa,94501,Mongolia
4738933.0,ZLOTKOWSKA,Luiza,94308,Poland
4738982.0,DOYLE,Fiona,92224,Ireland
4739007.0,TILGA,Karel,92083,Estonia
4739025.0,DUMAIS,Laurent,91843,Canada
4739046.0,RISTEVSKI,Antonio,91519,North Macedonia
4739063.0,CARAVELLI,Marzia,91594,Italy
4739065.0,HAMED,Ahmed,92065,Egypt
4739153.0,PALMA,Ever,93121,Mexico
4739223.0,JIRKA,Jan,91602,Czech Republic
4739232.0,GHILENKO,Alla,91624,Moldova
4739357.0,LITTLE,Mackenzie,96375,Australia
4739360.0,SIDOROVA,Anzhelika,192506,ROC
4739406.0,PRIES,Nadja,93600,Germany
4739446.0,CORNING,Chris,92538,United States
4739449.0,RYPL,Miroslav,91603,Czech Republic
4739488.0,PROUD,Benjamin,95254,Great Britain
4739532.0,MCKEON,David,91357,Australia
4739550.0,INSAM,Evelyn,90509,Italy
4739587.0,AMOS,Nijel,92017,Botswana
4739612.0,CAMARA,Seco,92611,Guinea-Bissau
4739629.0,ZALEWSKI,Karol,96888,Poland
4739635.0,ANDINO,Kolohe,93497,United States
4739653.0,KIKI,Didier,97580,Benin
4739682.0,GROHOVÁ,Karolína,91603,Czech Republic
4739690.0,NONAKA,Miho,98030,Japan
4739709.0,SOUZA FILHO,Isaac,94635,Brazil
4739749.0,JOSE ARATHOON PACAS,Enrique,92958,El Salvador
4739875.0,GRENIER,Valérie,95279,Canada
4739893.0,MÄKÄRÄINEN,Kaisa,92563,Finland
4739901.0,MARDARE,Andrian,91393,Moldova
4739902.0,GÓMEZ,Joaquín,94602,Argentina
4739942.0,JASICZEK,Michal,91500,Poland
4739995.0,DHIEB,Yosra,92085,Tunisia
4740035.0,BAJI,Balázs,91810,Hungary
4740050.0,MAZURONAK,Volha,91502,Belarus
4740080.0,KUSTERER,Sabine,94499,Germany
4740119.0,KOZMA,Dominik,94021,Hungary
4740150.0,ARROYO,Andrés,92292,Puerto Rico
4740179.0,MCKEON,Emma,91357,Australia
4740239.0,KIM,Eunhye,92351,Republic of Korea
4740267.0,CROVETTO,Kevin,93534,Monaco
4740271.0,LIN,Pei-Wun,94601,Chinese Taipei
4740297.0,EGWERO,Ogho-Oghene,97539,Nigeria
4740309.0,YOKUBOV,Doston,91572,Uzbekistan
4740334.0,PINTURAULT,Alexis,92765,France
4740349.0,ROSSIT,Desirèe,91594,Italy
4740416.0,ALANIS,Karina,96367,Mexico
4740430.0,ABDUL HADI,Farah Ann,91336,Malaysia
4740482.0,KLIMOV,Alexei,91639,Russia
4740512.0,MCCOLGAN,Eilish,92761,Great Britain
4740565.0,LAZKANO,Miren,92107,Spain
4740600.0,GALA,Mumin,92227,Djibouti
4740689.0,MAPLE,Wiley,91818,United States
4740727.0,ADAMS,Paul,96380,Australia
4740806.0,CHESHIRE,Rowan,91583,Great Britain
4740890.0,CAICEDO,Maribel Vanessa,91997,Ecuador
4740995.0,ROTHBAUER,Christopher,96377,Austria
4741055.0,CICINELLI,Matteo,96379,Italy
4741057.0,YOU,Hao,91858,China
4741066.0,TOBALINA,Carlos,95223,Spain
4741095.0,CHEN,Chieh,95199,Chinese Taipei
4741099.0,AKIYAMA,Teruyoshi,91618,Japan
4741143.0,SANDER,Andreas,92764,Germany
4741194.0,ALSAADI,Yaaqoub,95317,United Arab Emirates
4741233.0,HEROLA,Ilkka,91883,Finland
4741309.0,LIMBACHER,Andrea,90490,Austria
4741323.0,ZABELINSKAYA,Olga,105589,Russia
4741323.0,ZABELINSKAYA,Olga,95647,Uzbekistan
4741335.0,FOKEEV,Vitaly,91639,Russia
4741470.0,FERRAND-PREVOT,Pauline,105584,France
4741470.0,FERRAND-PREVOT,Pauline,91409,France
4741486.0,MARTOS,Sebastián,95223,Spain
4741524.0,TUXEN,Anne,95226,Norway
4741533.0,AUGUSTO,Jéssica,91452,Portugal
4741601.0,PICKREM,Sydney,91621,Canada
4741669.0,LASSILA,Lydia,91375,Australia
4741834.0,OH,Su,92777,Australia
4741949.0,ALMANZA,Rose Mary,89943,Cuba
4741965.0,ROBINSON,Brett,96375,Australia
4741966.0,MUFFELS,Rob,101044,Germany
4741969.0,CHARLES,Alyson,91610,Canada
4741974.0,MORGAN,Billy,94437,Great Britain
4742024.0,BRITS,Stefan,91331,South Africa
4742078.0,MIGLIOZZI,Guido,91739,Italy
4742113.0,ÁVILA,Julimar,92812,Honduras
4742127.0,STROHOVA,Nataliya,91581,Ukraine
4742185.0,PEREZ,Bryan,93737,El Salvador
4742206.0,JULMIS,Jeffrey,95269,Haiti
4742218.0,HERDER,Philipp,92884,GER
4742231.0,FRANCIS,Miguel,97587,Antigua and Barbuda
4742239.0,MCTAGGART,Cameron,92250,New Zealand
4742269.0,HARTLEY,Bridgitte,92754,South Africa
4742326.0,PERILLI,Arianna,91499,San Marino
4742347.0,RIJPMA-DE JONG,Antoinette,93590,Netherlands
4742361.0,DE WITTE,Lisanne,91854,Netherlands
4742429.0,JÁNY,Patrik,96946,Slovakia
4742433.0,ATSU,Jonathan,89925,France
4742469.0,MASSE,Kylie,91621,Canada
4742482.0,KRASNYKH,Aleksandr,92343,Russia
4742495.0,JOHAUG,Therese,94487,Norway
4742504.0,PLACE,François,92112,France
4742561.0,PARAKHONKA,Vitali,91502,Belarus
4742577.0,BALDAUFF,Laurence,94592,Austria
4742582.0,THOMAS,Alys,95254,Great Britain
4742630.0,GODWIN,Georgia,92756,Australia
4742633.0,KNOP,Petr,91603,Czech Republic
4742660.0,BELYAVSKIY,David,194642,ROC
4742660.0,BELYAVSKIY,David,96404,Russia
4742706.0,DANSOKO,Mohamed Lamine,97579,Guinea
4742728.0,HAUSER,Matthew,91994,Australia
4742772.0,JOUMA,Baean,92967,Syria
4742774.0,SEYMOUR,Pedrya,96929,Bahamas
4742780.0,FAJDEK,Pawel,96888,Poland
4742820.0,KOUDINOV,Mikhail,91974,New Zealand
4742868.0,RINNEKANGAS,Rene,91852,Finland
4742888.0,DICKSON,Adam,95230,Australia
4742903.0,BUDCHARERN,Siri Arun,92980,Laos
4742930.0,BRUGGER,Janosch,96925,Germany
4742981.0,PONOR,Catalina,89958,Romania
4743021.0,TADE,Marco,96896,Switzerland
4743080.0,ZABYSTRAN,Jan,96381,Czech Republic
4743101.0,JONES-FERRETTE,LaVerne,92145,Virgin Islands
4743105.0,SEYDOU LANCINA,Alassane,92172,Niger
4743117.0,YULO,Carlos Edriel,100764,Philippines
4743128.0,BUHAI,Ashleigh,95785,South Africa
4743144.0,SOLEVÅG,Sebastian Foss,91509,Norway
4743172.0,DMITRIEV,Denis,92737,Russia
4743172.0,DMITRIEV,Denis,195791,ROC
4743181.0,PFEIFFER,Hendrik,94474,Germany
4743204.0,STENBERG,Anita Yvonne,94430,Norway
4743230.0,GOLLSHEWSKY,Taryn,96375,Australia
4743234.0,BROWNE,Cendrine,92054,Canada
4743277.0,TALAT,Hamada,92077,Egypt
4743313.0,BARUZZI FARRIOL,Francesca,92339,Argentina
4743323.0,BESSAN,Jules,92802,Benin
4743337.0,DA ROCHA,Duane,91571,Spain
4743421.0,CRITTENDEN,Freddie,91849,United States
4743442.0,SWENN-LARSSON,Anna,92322,Sweden
4743501.0,THOMPSON,Nick,96894,Great Britain
4743548.0,VEIT,Sabina,91832,Slovenia
4743582.0,LI,Shixin,91751,Australia
4743606.0,CARRILLO,Yeseida,91368,Colombia
4743641.0,SEALY,Katy,92284,Belize
4743661.0,LEE,Daemyung,92351,Republic of Korea
4743687.0,CRAINE,Kailani,91492,Australia
4743724.0,BARTHET,Anne-Sophie,92765,France
4743775.0,PODMORE,Olivia,94432,New Zealand
4743832.0,KEARNEY,Hagen,92538,United States
4743837.0,LESCINSKAITE,Gabriele,93120,Lithuania
4743874.0,YAHIN,Ernest,164518,Olympic Athlete from Russia
4743883.0,ZENG,Laura,94645,United States
4744012.0,CAI,Zelin,89910,China
4744034.0,FERNSTÄDT,Anna,97549,Germany
4744034.0,FERNSTÄDT,Anna,91791,Czech Republic
4744056.0,AGUILAR,Felipe,92999,Chile
4744105.0,TOADER,Andrei,91838,Romania
4744139.0,COSNEFROY,Benoît,105584,France
4744140.0,VAISMAN,Diana,94450,Israel
4744148.0,KREIENBÜHL,Christian,95229,Switzerland
4744159.0,MICHEL,Anaïs,92377,France
4744160.0,DE GEUS,Lilian,91584,Netherlands
4744165.0,LATYPOV,Eduard,201554,ROC
4744175.0,ASHBY,Bradlee,94047,New Zealand
4744196.0,YUAN,Carl,93182,China
4744209.0,MESCHIK,Ina,91417,Austria
4744211.0,CARL,Victoria,96925,Germany
4744212.0,TIBATEMWA,Joshua,92171,Uganda
4744216.0,SKYERS,Roberto,89943,Cuba
4744306.0,BIRD,Steve,91723,Australia
4744333.0,HOFMANN,Olivia,91443,Austria
4744356.0,MENG,Suping,92887,China
4744436.0,BUBENÍK,Matúš,91884,Slovakia
4744446.0,TROEST,Stina,89902,Denmark
4744507.0,WLOSZCZOWSKA,Maja,90477,Poland
4744583.0,RICHARDSSON,Camilla,92122,Finland
4744604.0,BARIN,Lou,92112,France
4744655.0,ARBEZ,Tess,91607,Ireland
4744704.0,DOBLER,Jonas,96925,Germany
4744775.0,FEDECHKO,Andriy,91439,Ukraine
4744787.0,MASTROMARINO,Mariano,94602,Argentina
4744816.0,MOHAMED,Ahmed,92077,Egypt
4744853.0,CROENEN,Louis,91432,Belgium
4744927.0,ARKAJI,Nada,92981,Qatar
4744953.0,MILLER-UIBO,Shaunae,96929,Bahamas
4745009.0,BROWN,Mackenzie,92041,United States
4745012.0,WELLINGER,Andreas,93128,Germany
4745014.0,CANUEL,Karol-Ann,105592,Canada
4745019.0,IMPRASERTSUK,Isarapa,91361,Thailand
4745065.0,FAHLIN,Emilia,102357,Sweden
4745221.0,RODNEY,Meleni,92608,Grenada
4745232.0,OTTERSPEER,Hein,93590,Netherlands
4745258.0,POPOV,Sophia,92136,Germany
4745319.0,GRANDOVEC,Daneja,91832,Slovenia
4745359.0,PARK,Jiwoo,97997,Republic of Korea
4745379.0,KIPCHIRCHIR,Shadrack,91849,United States
4745385.0,BOGACKA,Sylwia,90517,Poland
4745411.0,TARNOWSKI,Pawel,91468,Poland
4745439.0,NAVARDAUSKAS,Ramunas,98864,Lithuania
4745469.0,STANNARD,Ian,102358,Great Britain
4745490.0,LI,Ling,89910,China
4745496.0,OKORO,Chinwe,97539,Nigeria
4745508.0,JASINSKA,Malgorzata,95640,Poland
4745536.0,OKUNEVA,Oksana,91581,Ukraine
4745559.0,NIBALI,Vincenzo,95033,Italy
4745574.0,BRINEGAR,Michael,95184,United States
4745575.0,HAWKRIGG,Jennifer,94050,Canada
4745594.0,ALKAABI,Khaled,91049,United Arab Emirates
4745604.0,HYPÓLITO,Daniele,91777,Brazil
4745613.0,CHAPELLE,Ninon,91520,France
4745768.0,HALFVARSSON,Calle,94446,Sweden
4745787.0,IFANTIDOU,Sofia,97537,Greece
4745817.0,HEIDLER,Betty,94474,Germany
4745826.0,REZAEI,Nabi,96639,Iran
4745851.0,MAYR,Andrea,92900,Austria
4745853.0,BERRY,Joos,96896,Switzerland
4745868.0,SHIVANI,,94669,India
4745950.0,KOULAKOV,Denis,91639,Russia
4746011.0,MEHELBA,Abdel Aziz,92077,Egypt
4746012.0,CHERNETSKY,Sergey,105589,Russia
4746080.0,FELICETTI,Mirko,91794,Italy
4746092.0,PREISNER,Ben,91425,Canada
4746096.0,VARLIK,Özgür,92561,Türkiye
4746141.0,KIM,Yeji,92351,Republic of Korea
4746157.0,GEBRHIWET,Hagos,94034,Ethiopia
4746177.0,GOUTT,Yohan Gonçalves,94353,Timor-Leste
4746195.0,CHOI,Misun,91328,Republic of Korea
4746268.0,RILEY,Jake,91849,United States
4746274.0,RODNEY,Brendon,91425,Canada
4746477.0,LÓPEZ,Yaniuvis,89943,Cuba
4746478.0,VAN GENDT,Twan,93603,Netherlands
4746479.0,GONZÁLEZ,Hugo,91571,Spain
4746491.0,KOCH,Marco,92362,Germany
4746513.0,SPELMEYER-PREUß,Ruth Sophia,94474,Germany
4746586.0,ASSANI ISSOUF,Jeanine,91520,France
4746633.0,OOSTHUIZEN,Anél,91331,South Africa
4746674.0,VERRASZTÓ,Dávid,94021,Hungary
4746691.0,COYLE,Natalya,95880,Ireland
4746699.0,MASLENNIKOV,Vladimir,91639,Russia
4746699.0,MASLENNIKOV,Vladimir,194614,ROC
4746755.0,FAIßT,Manuel,92931,Germany
4746929.0,PARTANEN,Veli-Matti,92122,Finland
4747062.0,KIKUCHI,Ayaka,93591,Japan
4747136.0,AZUERO,Doménica,98013,Ecuador
4747148.0,ALKANA,Antonio,91331,South Africa
4747178.0,KOTOVSKA,Olga,91581,Ukraine
4747181.0,PRESCOTT,Irene,98164,Tonga
4747195.0,SUNAMA,Keita,95181,Japan
4747229.0,AMATA,Doreen,97539,Nigeria
4747320.0,VAN ZYL,L.J.,91331,South Africa
4747325.0,STEVENS,Evelyn,95637,United States
4747418.0,KASYANOVA,Hanna,91581,Ukraine
4747504.0,SALVISBERG,Andrea,92098,Switzerland
4747566.0,ECKERT,Paul,94060,Germany
4747592.0,TAYLOR,Charisma,96929,Bahamas
4747650.0,GRAF,Lisa,92362,Germany
4747692.0,KREHL,Sofie,96925,Germany
4747719.0,TELLECHEA,Gonzalo,91518,Argentina
4747727.0,SICIARZ,Klaudia,96888,Poland
4747738.0,ROLOFF,Annika,94474,Germany
4747750.0,BANYS,Linas,93120,Lithuania
4747854.0,BOSSE,Pierre-Ambroise,91520,France
4747874.0,SVENDSEN,Emil Hegle,91421,Norway
4747881.0,MANTZ,Conner,91849,United States
4747887.0,KALLUR,Susanna,91373,Sweden
4747894.0,ZERNIKEL,Oleg,94474,Germany
4747949.0,FELIX,Kurt,92608,Grenada
4747968.0,BARBU,Alexandru,94052,Romania
4747969.0,JASIUNAITE,Liveta,94493,Lithuania
4748027.0,SIPAIA,Iuniarra,91440,Samoa
4748041.0,BOKESA,Aauri,95223,Spain
4748138.0,TAMBERI,Gianmarco,91594,Italy
4748148.0,DARQUEA,Daniela,92833,Ecuador
4748158.0,MINTALOVA,Eliska,92299,Slovakia
4748167.0,NIKITINA,Diana,89929,Latvia
4748171.0,VUCENOVIC,Marija,101446,Serbia
4748184.0,PÉREZ,María Isabel,95223,Spain
4748188.0,REYHERD,Dmitry,92236,Kazakhstan
4748200.0,AOKI,Masumi,91841,Japan
4748217.0,LUNEV,Ruslan,91836,Azerbaijan
4748221.0,NADOLSKA,Karolina,96888,Poland
4748225.0,SARSEMBAEV,Dmitriy,170911,Olympic Athlete from Russia
4748249.0,ESTEVE,Ireneu,96829,Andorra
4748259.0,SIGURGEIRSSON,Ásgeir,95775,Iceland
4748310.0,DZHIMA,Yuliia,90491,Ukraine
4748336.0,SÁNCHEZ,José Luis,91418,Mexico
4748371.0,WARD,Jared,91849,United States
4748448.0,LELEIVYTE,Rasa,98864,Lithuania
4748469.0,FLETCHER,Bryan,92303,United States
4748502.0,BERKING-WILLIAMS,Rudolf,97129,Samoa
4748523.0,BEAUDRY,Sarah,92064,Canada
4748654.0,BOHNACKER,Daniel,94060,Germany
4748667.0,DA SILVA,Adilson,98177,Brazil
4748721.0,MIKHAILOV,Vitaly,98000,Belarus
4748764.0,INFELD,Emily,91849,United States
4748773.0,CAPORASO,Teodorico,91594,Italy
4748796.0,BOUCHARD,Dominique,91621,Canada
4748801.0,OETLING,Elena,91846,Mexico
4748836.0,CHAN,Ming Tai,93135,"Hong Kong, China"
4748895.0,MCCARGO,Keaton,94642,United States
4748951.0,SOKHRYAKOVA,Elena,201553,ROC
4748966.0,MASLOVA,Nastassia,91502,Belarus
4748973.0,LESHCHANKA,Iryna,91776,Belarus
4749008.0,SHU,Jianming,95175,China
4749062.0,GAUCHÉ,Laura,92765,France
4749064.0,FIODOROW,Joanna,96888,Poland
4749173.0,VEKEMANS,Anisha,98863,Belgium
4749211.0,RENNER,Robert,91832,Slovenia
4749224.0,ROE,Martin,94497,Norway
4749225.0,LOUGHRAN,Eric,94642,United States
4749251.0,OLARU,Dan,89914,MDA
4749380.0,HERRMANN-WICK,Denise,91837,Germany
4749385.0,GASSNER,Alexander,97549,Germany
4749446.0,GOLD,Arielle,92538,United States
4749556.0,DEBEVER,McKenna,95748,Peru
4749566.0,GÁLIKOVÁ,Mária,91884,Slovakia
4749580.0,MAYER,Kevin,91520,France
4749594.0,MIGUCHI,Tomoya,92323,Japan
4749718.0,WATSON,Callum,95225,Australia
4749753.0,BOSA,David,98002,Italy
4749757.0,YOUNG,Alison,96894,Great Britain
4749783.0,SPESIVTSEV,Maxim,195792,ROC
4749803.0,VELEZ-ZUZULOVÁ,Veronika,92115,Slovakia
4749832.0,HAN,Tianyu,94496,China
4749834.0,MINENKO,Hanna,94450,Israel
4749838.0,CARAMIGNOLI,Martina,91971,Italy
4749878.0,DE JONGE,Mark,96895,Canada
4749885.0,KUZNETSOV,Ivan,170771,Olympic Athlete from Russia
4749885.0,KUZNETSOV,Ivan,201575,ROC
4749963.0,TSENOV,Mitko,91802,Bulgaria
4749976.0,KWASNA,Magdalena,91468,Poland
4749977.0,WILIMOVSKY,Jordan,95184,United States
4749977.0,WILIMOVSKY,Jordan,102117,United States
4750117.0,HARALA,Lotta,92122,Finland
4750142.0,EMILIANOV,Ivan,91393,Moldova
4750188.0,PARATOVA,Iulia,92893,Ukraine
4750196.0,NOWICKI,Wojciech,96888,Poland
4750296.0,MERLE,Audrey,91855,France
4750312.0,DAHL,Ferdinand,92062,Norway
4750328.0,ILJINS,Dagnis,92354,Latvia
4750331.0,WILHELM,Toni,92378,Germany
4750372.0,BELO,Francisco,91452,Portugal
4750373.0,AGUILAR,Alessandra,95223,Spain
4750374.0,EISENBICHLER,Markus,93128,Germany
4750375.0,BRYHN,Ole Kristian,91321,Norway
4750415.0,SPAC,Alexandr,92539,Moldova
4750471.0,LAI,Kuan-Chieh,99181,Chinese Taipei
4750476.0,KORNFIELD,Tyler,91559,United States
4750484.0,HRAŠNOVÁ,Martina,91884,Slovakia
4750527.0,WROBEL,David,94474,Germany
4750567.0,KIM,Ha-Nul,91042,Republic of Korea
4750597.0,SHARMA,Shubhankar,95830,India
4750619.0,LERU,Randy,96956,Cuba
4750625.0,ANYUSHINA,Elena,92571,Russia
4750682.0,VAN BELLINGHEN,Anna,91992,Belgium
4750765.0,SOBOLEV,Andrey,200954,ROC
4750765.0,SOBOLEV,Andrey,170911,Olympic Athlete from Russia
4750767.0,LIEPA,Lasma,97308,Türkiye
4750856.0,PERCY,Nicholas,92761,Great Britain
4750933.0,PALACIOS,Eliecith,91368,Colombia
4750935.0,MAES,Sam,92540,Belgium
4750959.0,HONKANEN,Riikka,92111,Finland
4750983.0,QIN,Esther,91751,Australia
4751004.0,STRANEO,Valeria,91594,Italy
4751089.0,ONISHI,Misaki,91841,Japan
4751106.0,KIM,Su-Hyeon,91812,Republic of Korea
4751127.0,KATO,Joji,93591,Japan
4751171.0,KALISZ,Chase,95184,United States
4751234.0,DURBRIDGE,Luke,95039,Australia
4751250.0,VAN RUIJVEN,Lara,94048,Netherlands
4751278.0,PETERSONE,Vineta,94317,Latvia
4751310.0,LAFONT,Marie-Zelia,91449,France
4751411.0,BONIN,Charlotte,91514,Italy
4751453.0,BEIERL,Katrin,90518,Austria
4751465.0,DOMÍNGUEZ,Josué,96252,Dominican Republic
4751509.0,HERMIDA,José Antonio,92735,Spain
4751521.0,RAMSHAW,Tom,95215,Canada
4751528.0,AVTANEEV,Nikita,170911,Olympic Athlete from Russia
4751531.0,SMETS,Fanny,91068,Belgium
4751545.0,ROLLAND,Kevin,92112,France
4751651.0,PETERSSON,Wictor,91373,Sweden
4751665.0,ZOGRAFSKI,Vladimir,93118,Bulgaria
4751694.0,JAMILI,Hind,93651,Morocco
4751695.0,ALEMU,Habitam,94034,Ethiopia
4751902.0,YÁÑEZ,Enzo,91472,Chile
4751938.0,MÄTAS,Risto,92083,Estonia
4751970.0,LINDEMANN,Laura,91498,Germany
4751981.0,POTTS,Alec,92749,AUS
4751983.0,DUFOUR,Sylvain,96922,France
4751995.0,ARDINA,Dottie,98183,Philippines
4752018.0,CHÁVEZ,Arantxa,95164,Mexico
4752161.0,WYPYCH,Filip,94476,Poland
4752217.0,OKOYE,Lawrence,92761,Great Britain
4752243.0,LI,Xiang,91428,China
4752269.0,MILEY,Hannah,95254,Great Britain
4752274.0,CLELAND,Alan,98580,Mexico
4752344.0,CLOHISEY,Mick,96910,Ireland
4752393.0,CAMARA,Alyn,94474,Germany
4752400.0,CHKHEIDZE,Irakli,92345,Georgia
4752448.0,AHSINGER,Nicole,94473,United States
4752459.0,JUNIOR,Josh,90495,New Zealand
4752535.0,GASTALDELLO,Béryl,89925,France
4752596.0,VAN DER GRAAFF,Laurien,92781,Switzerland
4752611.0,ABUSHARIB,Saeed,94094,Qatar
4752627.0,ZENNARO,Silvia,91740,Italy
4752647.0,MERLANO,Brigitte,91368,Colombia
4752657.0,PÉREZ,Ana,96950,Spain
4752689.0,ISHII,Tomoya,95174,Japan
4752699.0,GUSEV,Oleg,195792,ROC
4752705.0,DOUVALIDIS,Konstantinos,97537,Greece
4752707.0,MAZURCHUK,Dmytro,96351,Ukraine
4752767.0,ANDRIANTSITOHAINA,Eric Herman,96897,Madagascar
4752835.0,KRUEGER,John-Henry,94506,United States
4752835.0,KRUEGER,John-Henry,91820,Hungary
4752863.0,DIBABA,Birhane,94034,Ethiopia
4752905.0,TERLYUKEVICH,Anna,91502,Belarus
4752910.0,ŠIMENC,Miha,91525,Slovenia
4752912.0,DOS SANTOS,Marily,96363,Brazil
4752916.0,KRÖGER,Mieke,98857,Germany
4752921.0,MOSQUERA,Luis,91454,Colombia
4752936.0,SILVA,Talles Frederico,96363,Brazil
4753005.0,AI,Yanhan,91428,China
4753031.0,ZANKO,Vsevolod,92343,Russia
4753123.0,KOECH,John,95288,Bahrain
4753173.0,KHORAVA,Bachana,92286,Georgia
4753224.0,OZAKI,Kosuke,94485,Japan
4753234.0,ABRIL,Erika,91368,Colombia
4753236.0,THEMEN,Jurgen,94498,Suriname
4753273.0,BEY,Augustin,91520,France
4753295.0,BIRAN,Itamar,92589,Israel
4753312.0,CHAN,Patrick,94623,Canada
4753317.0,DE PAULA,Daynara,95178,Brazil
4753322.0,LÖW,Andreas,91640,Germany
4753375.0,KULLMANN,Leonie,92362,Germany
4753455.0,KOLOTHUM THODI,Irfan,91760,India
4753472.0,OJEDA,José Leyver,93121,Mexico
4753518.0,MOSKVINA,Nataliia,94612,Ukraine
4753519.0,POLLOCK,Paul,96910,Ireland
4753524.0,LEMESHKO,Liubomyr,89938,Ukraine
4753551.0,KIM,Kum-Ok,90513,DPR Korea
4753575.0,SCOTT,Danielle,91375,Australia
4753580.0,DOS SANTOS,Vítor Hugo,96363,Brazil
4753613.0,DETTI,Gabriele,91971,Italy
4753632.0,SILKINA,Volha,93116,Belarus
4753640.0,FERGUSON,Keith,96380,Australia
4753758.0,BENNAMA,Billal,15333,France
4753759.0,MAKER,Guor,101940,South Sudan
4753773.0,PONSILUOMA,Martin,91473,Sweden
4753880.0,MCPHERSON,Inika,91849,United States
4753888.0,SAUNDERS,Raven,91849,United States
4753911.0,BENNETT,Bryce,91818,United States
4753980.0,KOFFI,Wilfried,91544,Côte d'Ivoire
4754070.0,KARKER,Rachael,91843,Canada
4754094.0,CULSON,Javier,92292,Puerto Rico
4754135.0,ENOMOTO,Haruka,95252,Japan
4754183.0,KHEDMATI,Najmeh,93115,Iran
4754506.0,PEDERSEN,Isabelle,94497,Norway
4754512.0,INDRÁCKOVÁ,Karolína,89942,Czech Republic
4754538.0,LEE,Kareena,103841,Australia
4754551.0,KORIR,Leonard,91849,United States
4754552.0,CORBERA,María,91881,Spain
4754608.0,COMPAORÉ,Benjamin,91520,France
4754610.0,KHAIDAROV,Timur,92235,Kazakhstan
4754611.0,GIUPPONI,Matteo,91594,Italy
4754648.0,SAIDY NDURE,Jaysuma,94497,Norway
4754665.0,IKEDA,Yuta,91637,Japan
4754673.0,ULLOA,Gerardo,90479,Mexico
4754679.0,ARSETH,Heather,92970,Mauritius
4754801.0,MYINT,Swe Li Myint,95289,Myanmar
4754802.0,GÓMEZ,Laura,105286,Colombia
4754830.0,PTÁCNÍKOVÁ,Jirina,91602,Czech Republic
4754856.0,KWIATKOWSKI,Michal,95640,Poland
4754943.0,PAUL,Nicholas,92733,Trinidad & Tobago
4754948.0,GILL,Jacko,95176,New Zealand
4754966.0,DAVIS,Shani,94702,United States
4754972.0,TRACEY,Tyquendo,95237,Jamaica
4754992.0,FRITZ,Martin,91995,Austria
4755029.0,CHAWRASIA,S.S.P.,95830,India
4755059.0,COLETTI,Alexandra,97593,Monaco
4755065.0,HERRERA,José Carlos,93121,Mexico
4755114.0,CADOGAN,Levi,90510,Barbados
4755137.0,VOLOTKA,Denis,96968,Kazakhstan
4755138.0,JAMES,Rebecca,89899,Great Britain
4755139.0,LICEF,Miha,91525,Slovenia
4755158.0,AALTO,Antti,96943,Finland
4755163.0,WARNER,Damian,91425,Canada
4755191.0,KOLOMIYETS,Alina,94063,Kazakhstan
4755238.0,BOYLE,Lauren,94047,New Zealand
4755262.0,RABIE,Mari,91871,South Africa
4755397.0,MOKOŠOVÁ,Barbora,93134,Slovakia
4755471.0,QU,Chunyu,94496,China
4755479.0,GOBERVILLE,Céline,90493,France
4755489.0,TCHIKNAVORIAN,Terence,92112,France
4755555.0,PEDERSEN,Alberte Kjær,96935,Denmark
4755567.0,HUANG,Jieyi,91535,China
4755569.0,RODRIGUES,João,91414,Portugal
4755587.0,LIGETY,Ted,91818,United States
4755623.0,WESENBERG,Kendall,92904,United States
4755644.0,WRIGHT,Alex,96910,Ireland
4755659.0,KARALIOVA,Hanna,90501,Belarus
4755665.0,MAJEWSKI,Tomasz,96888,Poland
4755679.0,LIFANOV,Alexander,196276,ROC
4755708.0,CHETCUTI,Andrew,93378,Malta
4755733.0,STANCO,Silvana,91868,Italy
4755754.0,PÉREZ,Dianelys,91045,Cuba
4755830.0,GDULA,Lukáš,91602,Czech Republic
4755877.0,PARRIS,Brandon,92604,St. Vincent & the Grenadines
4755930.0,GEMILI,Adam,92761,Great Britain
4755956.0,MIHALINEC ZIDAR,Maja,91832,Slovenia
4755995.0,ABRAMCHUK,Alena,91502,Belarus
4756002.0,DERRON,Julie,92098,Switzerland
4756056.0,HWANG,Seongeun,92351,Republic of Korea
4756086.0,THORNBURY,Rhys,92874,New Zealand
4756097.0,IVANOV,Ivan,91386,Kazakhstan
4756110.0,FOSTI,Roman,92083,Estonia
4756217.0,LAFFONT,Perrine,92112,France
4756276.0,LAMBRECHS,Tracey,92250,New Zealand
4756331.0,ALOTHMANI,Ala,94054,Tunisia
4756380.0,SEDDON,Zak,92761,Great Britain
4756420.0,PELLEGRIN,Elise,92792,Malta
4756434.0,DE ALIPRANDINI,Luca,96391,Italy
4756437.0,LEE,Eunseo,92351,Republic of Korea
4756461.0,HASEGAWA,Daigo,91841,Japan
4756467.0,WATANABE,Kazunari,94015,Japan
4756499.0,ROCHA,Salomé,91452,Portugal
4756529.0,TAKASHIMA,Yuka,91841,Japan
4756577.0,HØGH-CHRISTENSEN,Jonas,91539,Denmark
4756645.0,REZNICHENKO,Darya,91434,Uzbekistan
4756653.0,HASHEMI,Ali,91738,Iran
4756669.0,MOSQUERA,Edwin,91454,Colombia
4756693.0,DUFOUR-LAPOINTE,Chloé,91843,Canada
4756717.0,WEARN,Matthew,94466,Australia
4756759.0,MUTRU,Leevi,91883,Finland
4756777.0,HENRICH,Taylor,92257,Canada
4756800.0,TSIRKUN,Mikita,94080,Belarus
4756815.0,ARIAS,Kellys,91368,Colombia
4756841.0,GOLUBEVA,Elizaveta,201553,ROC
4756898.0,BOIVIN,Guillaume,105592,Canada
4756926.0,NENER,Kenji,91775,Japan
4757044.0,MURTO,Wilma,92122,Finland
4757063.0,VOGT,Carina,93128,Germany
4757070.0,CHENAI,Kynan,94600,India
4757078.0,NAGAMINE,Saori,92310,JPN
4757085.0,IVANOVA,Tatyana,201555,ROC
4757103.0,TADESE,Zersenay,97583,Eritrea
4757128.0,CHEFER SPINOLA,Vanessa,96363,Brazil
4757150.0,SAINBAYAR,Jambaljamts,102352,Mongolia
4757158.0,HAKOLA,Ristomatti,94041,Finland
4757174.0,SARNOBAT,Rahi,94600,India
4757245.0,SELVA,Stefano,91499,San Marino
4757248.0,D'HOORE,Jolien,89895,Belgium
4757258.0,VADLEJCH,Jakub,91602,Czech Republic
4757298.0,DIERDORFF,Mick,92538,United States
4757390.0,ALARZA,Fernando,94092,Spain
4757413.0,YANG,Amy,91969,Republic of Korea
4757499.0,MUSLU,Ercan,97543,Türkiye
4757500.0,SEYAUM,Dawit,94034,Ethiopia
4757525.0,AYRAPETYAN,Denis,201556,ROC
4757527.0,LOVETT,Eddie,92145,Virgin Islands
4757538.0,HETHAT,Yassine,95764,Algeria
4757564.0,GUIDO,Guilherme,95178,Brazil
4757579.0,HERING-PRADLER,Sabrina,91606,Germany
4757615.0,LEMUS,Luis Enrique,98874,Mexico
4757682.0,MCKEE,Anton,92248,Iceland
4757714.0,CERDEIRA,Tales,95178,Brazil
4757718.0,RAFFIN,Melvin,91520,France
4757764.0,WANG,Yu,89910,China
4757783.0,SIRMAIS,Zigismunds,89947,Latvia
4757845.0,RIVERA,Edgar,93121,Mexico
4757895.0,TONDAIMAN,Prithviraj,94600,India
4757916.0,YUN,Sungbin,91628,Republic of Korea
4757927.0,KIMANI,Lucia,94033,Bosnia & Herzegovina
4757931.0,QUILES BROTONS,Jose,12428,Spain
4757999.0,GOLIKOVA,Angelina,201553,ROC
4757999.0,GOLIKOVA,Angelina,166947,Olympic Athlete from Russia
4758012.0,RODGER,Sebastian,92761,Great Britain
4758030.0,GAZOZ,Mete,91448,TUR
4758062.0,MIZINOV,Vasiliy,192506,ROC
4758068.0,HOLLAUS,Lukas,96385,Austria
4758141.0,GENZO,Francesca,94606,Italy
4758159.0,BORMOLINI,Thomas,92341,Italy
4758167.0,MAKA,Anna,94444,Poland
4758194.0,WIESTNER,Serafin,96387,Switzerland
4758204.0,RUUD,Birk,92062,Norway
4758309.0,AKTER,Shirin,92614,Bangladesh
4758321.0,BELCHOS,Jordan,97784,Canada
4758330.0,WILLIAMS,Ben,92761,Great Britain
4758343.0,FLURY,Jasmine,94036,Switzerland
4758386.0,VÖGELI,Martin,95189,Liechtenstein
4758388.0,ROGERS,Raevyn,91849,United States
4758453.0,AL HIZAM,Hussain,96931,Saudi Arabia
4758455.0,FUKSA,Petr,94611,Czech Republic
4758476.0,KORAKAKI,Anna,96966,Greece
4758477.0,STEF,Claudia,91838,Romania
4758519.0,BURGO,Samuele,94606,Italy
4758531.0,HENDERSON,Jeff,91849,United States
4758542.0,PHELAN,Brittany,91843,Canada
4758566.0,ZELKO,Zan Luka,89931,Slovenia
4758664.0,ABE,Takatoshi,91841,Japan
4758678.0,ŠIŠKEVICIUS,Evaldas,98864,Lithuania
4758781.0,MUÑOZ,Lidón,91571,Spain
4758793.0,MUGNIER,Adeline,92765,France
4758894.0,MONNIER,Jérémy,90493,France
4758896.0,DAKIN,Sam,94432,New Zealand
4758903.0,ABROSIMOVA,Anastasia,92771,Russia
4758951.0,HICKS,Antwon,97539,Nigeria
4758959.0,GALVAN,Matteo,91594,Italy
4758968.0,JEON,Yeongeun,96937,Republic of Korea
4759024.0,KORZENIOWSKI,Pawel,94476,Poland
4759035.0,ATLI,Mert,97543,Türkiye
4759037.0,JAISHA,Orchatteri,91760,India
4759103.0,SHAKIROVA,Albina,91639,Russia
4759108.0,BOTLOGETSWE,Christine,92017,Botswana
4759146.0,GONG,Jinjie,91404,China
4759152.0,SCHWEIZER,Lisa Marie,94499,Germany
4759229.0,COORAY,Anuradha,94442,Sri Lanka
4759239.0,UCHIMURA,Kohei,94494,Japan
4759279.0,DORJI,Lam,92052,Bhutan
4759308.0,SOUZA,Éder,96363,Brazil
4759317.0,SALSABILLA,Riau Ega Agata,91839,Indonesia
4759331.0,GARRETT,Zach,92041,United States
4759363.0,KARASZ,Anna,95242,Hungary
4759369.0,CIESLAR,Adam,92755,Poland
4759431.0,HANYU,Yuzuru,89921,Japan
4759462.0,LÚTHERSDÓTTIR,Hrafnhildur,92248,Iceland
4759516.0,JUSTUS,Julian,91640,Germany
4759518.0,MAYER,Matthias,92026,Austria
4759609.0,PERMATAHANI,Azzahira,93156,Indonesia
4759629.0,FONTANA,Arianna,92553,Italy
4759679.0,PATTERSON,Caitlin,91559,United States
4759719.0,CHAN,Hei Man,91592,"Hong Kong, China"
4759738.0,ALYOUHA,Yaqoub,92288,Kuwait
4759778.0,MUSTONEN,Sara,102357,Sweden
4759822.0,GÓMEZ,Sofía,89890,Argentina
4759829.0,LETNICOV,Vladimir,91393,Moldova
4759851.0,HAYDAR,Sultan,97543,Türkiye
4759860.0,CARD,Kelsey,91849,United States
4759877.0,VAN DER POEL,Mathieu,96328,Netherlands
4759877.0,VAN DER POEL,Mathieu,99397,Netherlands
4759945.0,KOZOROG,Alja,94020,Slovenia
4759959.0,VERDINO,Claudia,92163,Monaco
4759986.0,MITCHELL,Stefano,93162,Antigua and Barbuda
4759997.0,SILVA,Welisson,91512,Brazil
4760031.0,GARCÍA,Estela,95223,Spain
4760044.0,MARTÍNEZ,Carmen,97584,Paraguay
4760138.0,RUNGGALDIER,Lukas,92543,Italy
4760211.0,MYAGMAR,Delgerkhuu,96254,Mongolia
4760231.0,LEE,Lizzie,96910,Ireland
4760284.0,STEINGRUBER,Giulia,94608,Switzerland
4760341.0,MONESE,Phetetso,96860,Lesotho
4760395.0,DE HAÎTRE,Vincent,97784,Canada
4760396.0,VERCHENOVA,Maria,93403,Russia
4760427.0,VEIGA,Evelise,91452,Portugal
4760477.0,MATJIUR,Radomyos,96247,Thailand
4760491.0,THOMPSON,Curtis,91849,United States
4760502.0,EDER,Josefin,91640,Germany
4760514.0,NGARLEM,Kristel,91062,Canada
4760521.0,VANEK,Margit,92559,Hungary
4760552.0,MITCHELL-BLAKE,Nethaneel,92761,Great Britain
4760586.0,SCHMITT,Allison,95184,United States
4760591.0,GLAZUNOW,Wiktor,91364,Poland
4760624.0,ROJAS DA SILVA,Bruno,96955,Bolivia
4760630.0,GU,Xuesong,94636,CHN
4760632.0,AFOA,Evelina,96251,Samoa
4760642.0,ENGLISH,Amber,95182,United States
4760719.0,LONGOVÁ,Alexandra,94861,Slovakia
4760750.0,TORIBIONG,Marina,97309,Palau
4760754.0,MORI,Eita,91618,Japan
4760807.0,NAZAROV,Dilshod,91873,Tajikistan
4760825.0,VAIVAI,Apolonia,92335,Fiji
4760858.0,YUNUSMETOV,Rashid,92879,Kazakhstan
4760868.0,JOHNSON,Jinson,91760,India
4760870.0,MAGEEAN,Ciara,96910,Ireland
4760872.0,RINGWALD,Sandra,96925,Germany
4760881.0,SCHNELL,Delaney,91613,United States
4760886.0,LOPES GOMES,Lidiane,95170,Cape Verde
4760911.0,MUNKHJANTSAN,Ankhtsetseg,91745,Mongolia
4760956.0,VAN HOUTS,Rudi,96328,Netherlands
4760964.0,CEDENIO,Machel,91503,Trinidad & Tobago
4760973.0,SABBATINI,Rory,92190,Slovakia
4761007.0,PANIOT,Yaroslav,96384,Ukraine
4761052.0,GRIMAL,Clémence,96922,France
4761062.0,CHAABI,Houda,95887,Algeria
4761087.0,AÏT SALEM,Souad,95764,Algeria
4761106.0,COGGINS,Oscar,98204,"Hong Kong, China"
4761115.0,LIU,Shaoang,91820,Hungary
4761157.0,TSUCHIYA,Ryosuke,93591,Japan
4761207.0,KWEMOI,Rodgers,95235,Kenya
4761208.0,RODRÍGUEZ,Melissa,91598,Mexico
4761257.0,ANGELIS,Apostolos,92280,Greece
4761281.0,EATON,Ashton,91849,United States
4761323.0,CARVALHO,Florian,91520,France
4761356.0,LAVILLENIE,Renaud,91520,France
4761405.0,VICTOR,Lindon,92608,Grenada
4761485.0,HOSSZÚ,Katinka,94021,Hungary
4761555.0,WEIGHTMAN,Laura,92761,Great Britain
4761574.0,ANDRINGA,Casey,94642,United States
4761618.0,VAN BUSKIRK,Kate,91425,Canada
4761638.0,KHAMIS,Ali Khamis,95288,Bahrain
4761689.0,DAVIDSON SPILKOVÁ,Klára,98178,Czech Republic
4761766.0,STRAMATURARU,Raluca,89948,Romania
4761832.0,WOOD,Abbie,95254,Great Britain
4761883.0,MOOLMAN PASIO,Ashleigh,95044,South Africa
4761904.0,ODAKURA,Makoto,91775,Japan
4761915.0,OYAMA,Shiho,91637,Japan
4761943.0,FU,Yuanhui,91428,China
4761952.0,NJEIM,Chirine,92610,Lebanon
4761980.0,VAKOC,Petr,95729,Czech Republic
4761988.0,THOMPSON-HERAH,Elaine,95237,Jamaica
4762003.0,LYNCH,Finn,94017,Ireland
4762035.0,GEIS,Oliver,91640,Germany
4762037.0,HAHNER,Lisa,94474,Germany
4762043.0,AMPOMAH,John,95193,Ghana
4762053.0,VOLIKAKIS,Christos,92745,Greece
4762072.0,BAUMANN,Romed,92764,Germany
4762074.0,ROUSSEL,Elizabeth,91590,New Zealand
4762075.0,TÜZÜN,Oguzhan,92561,Türkiye
4762084.0,DUTRA,Augusto,96363,Brazil
4762127.0,TYACK,Ryan,92749,AUS
4762150.0,BØKKO,Hege,101293,Norway
4762175.0,HSU,Wei-Ling,92993,Chinese Taipei
4762199.0,LIU,Jiayu,96573,China
4762227.0,KÉSELY,Ajna,94021,Hungary
4762248.0,HAYNES,Akeem,91425,Canada
4762262.0,KURÍKOVÁ,Petra,92911,Czech Republic
4762268.0,HERRADA,Jesús,95650,Spain
4762285.0,PIGNICZKI,Fanni,92127,Hungary
4762315.0,STOYANOVA,Desislava,91541,Bulgaria
4762321.0,GMATI,Ines,95305,Tunisia
4762342.0,PENNIE,Fiona,90492,Great Britain
4762390.0,DREV,Ana,96892,Slovenia
4762423.0,HRUBÁ,Michaela,91602,Czech Republic
4762492.0,TOMALA,Dawid,96888,Poland
4762535.0,BENGTSSON,Angelica,91373,Sweden
4762536.0,KRAPIVINA,Anastasia,108279,Russia
4762571.0,STEPANOVA,Kira,195792,ROC
4762598.0,YALIOTNAU,Raman,91776,Belarus
4762613.0,ABDULKADIR,Dalila,95288,Bahrain
4762639.0,DANIELS,Teahna,91849,United States
4762659.0,TOÝÇYÝEW,Hojamuhammet,94053,Turkmenistan
4762759.0,BEN HNIA,Karem,92085,Tunisia
4762762.0,KWAK,Junghye,92351,Republic of Korea
4762807.0,RØISLAND,Mons,91372,Norway
4762810.0,HUERTA,Manuel,94859,Puerto Rico
4762827.0,HOANG,Xuan Vinh,96952,Vietnam
4762842.0,HIRAI,Yasunari,104352,Japan
4762886.0,DEL CARMEN,Stanly,91442,Dominican Republic
4762888.0,KONIECZEK,Alicja,96888,Poland
4762928.0,PLATZER,Birgit,91074,Austria
4762959.0,TWICHELL,Ashley,102117,United States
4762964.0,JANUSKEVICIUTE,Ieva,95270,Lithuania
4762975.0,WILLIAMS,Christania,95237,Jamaica
4762980.0,NEZIRI,Nooralotta,92122,Finland
4762991.0,DOLGOPYAT,Artem,91814,Israel
4763036.0,TELTULL,Rodman,92141,Palau
4763065.0,KRASTANOV,Dimitar,93117,Bulgaria
4763066.0,TIRODE,Stéphanie,90493,France
4763082.0,ROMANIW,Anthony,91425,Canada
4763097.0,MEGLI,Filippo,91971,Italy
4763125.0,APSHKRUM,Brooke,91517,Canada
4763130.0,OWUSU-AGYAPONG,Flings,95193,Ghana
4763142.0,GOUZOU,Pierre,96905,France
4763173.0,TERPSTRA,Anne,96328,Netherlands
4763185.0,TSEGAYE,Tirfi,94034,Ethiopia
4763241.0,DEIGNAN,Elizabeth,102358,Great Britain
4763256.0,JOHN,Franziska,91606,Germany
4763262.0,GLEIRSCHER,Nico,91074,Austria
4763267.0,LORENZO,Eduardo,92108,Dominican Republic
4763278.0,KATAYAMA,Raibu,91769,Japan
4763283.0,NAWOWUNA,Alice Aprot,95235,Kenya
4763297.0,SWIETY-ERSETIC,Justyna,96888,Poland
4763304.0,PROKOPCHUK,Yulia,92109,Ukraine
4763354.0,MILLER,Cody,95184,United States
4763375.0,THOMAS,Noemie,91621,Canada
4763394.0,CAKMAKLI,Sabrina,94060,Germany
4763487.0,KANGERT,Tanel,95734,Estonia
4763490.0,TEFERI,Maru,94450,Israel
4763500.0,MARINOV,Martin,91723,Australia
4763584.0,WATSON,Aimee,95225,Australia
4763611.0,SELEVKO,Aleksandr,96372,Estonia
4763634.0,SPIES,Jean,92746,South Africa
4763664.0,ONITSUKA,Miyabi,91769,Japan
4763681.0,WENTH,Jennifer,92900,Austria
4763696.0,WILSON,Julian,93502,Australia
4763711.0,SCHUSTER,Brandon,96251,Samoa
4763734.0,KAUR,Manpreet,91760,India
4763736.0,WATANABE,Keita,91764,Japan
4763764.0,UTRIAINEN,Sanni,92122,Finland
4763775.0,RUMBUTIS,David,92572,Sweden
4763801.0,CAVIEZEL,Dario,92367,Switzerland
4763873.0,WORRACK,Trixi,98857,Germany
4763907.0,GARDAŠEVIC,Milica,101446,Serbia
4763927.0,YARNOLD,Lizzy,96920,Great Britain
4763943.0,KELATI FREZGHI,Weini,91849,United States
4763952.0,KUNZANG,Lenchu,93700,Bhutan
4764033.0,FIGUEROA,José,95779,Cuba
4764047.0,WILLIAMS,Shermaine,95237,Jamaica
4764118.0,KRIZSÁN,Xénia,91810,Hungary
4764119.0,KISRI,Rachid,91445,Morocco
4764123.0,PASTOR,Iván,91496,Spain
4764265.0,DMITRIYENKO,Mariya,92879,Kazakhstan
4764287.0,DLAMINI,Simanga,98165,Eswatini
4764332.0,CARLI,Sarah,96375,Australia
4764533.0,GULINI,Faye,92538,United States
4764545.0,FINI,Sebastian,92739,Denmark
4764556.0,MERMILLOD BLONDIN,Thomas,92765,France
4764571.0,ELSAYED KASSEM,Reem,103844,Egypt
4764641.0,MÖLGG,Manfred,96391,Italy
4764643.0,PAREDES,Silvia,91997,Ecuador
4764661.0,SHANA,Ruman,93442,Bangladesh
4764672.0,JIEWCHALOEMMIT,Sutiya,91361,Thailand
4764678.0,BEDDOES,Alex,97589,Cook Islands
4764712.0,BISCHOFBERGER,Marc,96896,Switzerland
4764713.0,GANAPATHI,Krishnan,91760,India
4764721.0,KYNARD,Erik,91849,United States
4764778.0,BARBAR,Anthony,93369,Lebanon
4764799.0,WERATSCHNIG,Nadine,91568,Austria
4764806.0,HARRINGTON,Pádraig,91451,Ireland
4764824.0,BUHL-HANSEN,Laerke,91539,Denmark
4764831.0,ANDERSON,Jamie,92538,United States
4764849.0,HADDI,Soufiane,99387,Morocco
4764879.0,WARNER-JUDD,Jessica,92761,Great Britain
4764880.0,OLSHANETSKYI,Igor,91374,Israel
4764925.0,MYSZKA,Piotr,91468,Poland
4765025.0,REID,Tayler,92100,New Zealand
4765047.0,OLAMIGOKE,Olumide,97539,Nigeria
4765069.0,GRIFFIN,Kimani,94702,United States
4765132.0,FÄHNDRICH,Nadine,92781,Switzerland
4765140.0,KAMIYA,Erina,93591,Japan
4765154.0,KYBURZ,Matthias,95229,Switzerland
4765170.0,BALMY,Coralie,89925,France
4765184.0,BOURHIS,Jean,97324,Senegal
4765223.0,JOHANSSON,Vidar,91373,Sweden
4765234.0,WESTLAKE,Shannon,92541,Canada
4765326.0,LIMA,Felipe,95178,Brazil
4765336.0,SOARES,Nubia,96363,Brazil
4765338.0,LAPIERRE,Jules,95262,France
4765408.0,WIMMER,Carina,91640,Germany
4765441.0,O'NEILL,Taylah,91375,Australia
4765466.0,PARK,Chilsung,96937,Republic of Korea
4765470.0,ZOKIROVA,Nilufar,92349,Uzbekistan
4765538.0,KUSALE,Swapnil,94600,India
4765546.0,SAMPAO,Alexander Lerionka,95235,Kenya
4765556.0,BESHR,Anas,92545,Egypt
4765561.0,FLORENCE,David,90492,Great Britain
4765580.0,KARL,Benjamin,91417,Austria
4765585.0,CEJKA,Alex,92136,Germany
4765604.0,KASPER,Nolan,91818,United States
4765628.0,KIPYEGON,Faith,95235,Kenya
4765672.0,LANGLOIS,Andreanne,96895,Canada
4765675.0,WANG,Han,89939,China
4765705.0,AHBE,Kelsie,91425,Canada
4765727.0,DÍAZ,José Ignacio,95223,Spain
4765790.0,RYZIH,Lisa,94474,Germany
4765791.0,ELBAKKALI,Soufiane,91445,Morocco
4765844.0,CHRISTOU,Apostolos,94631,Greece
4765877.0,LECHNER,Eva,91031,Italy
4765918.0,CRAFT,Shanice,94474,Germany
4765946.0,BLAŽEVSKI,Marko,92342,North Macedonia
4766035.0,LIGTLEE,Elis,89885,Netherlands
4766042.0,CONTRERAS,Isabel Maria,91881,Spain
4766084.0,HÄCKI-GROß,Lena,96387,Switzerland
4766109.0,CANELÓN,Hersony,92743,Venezuela
4766122.0,PIASECKI,Jess,92761,Great Britain
4766144.0,BUCKINGHAM,Charlie,96400,United States
4766189.0,LOSEV,Ivan,91581,Ukraine
4766195.0,KOCHESOK,Susana,195349,ROC
4766220.0,COSTA,Guilherme,100243,Brazil
4766220.0,COSTA,Guilherme,95178,Brazil
4766243.0,RAZARENOVA,Alexandra,92771,Russia
4766243.0,RAZARENOVA,Alexandra,194739,ROC
4766276.0,CROUS,Jarred,94594,South Africa
4766432.0,ANDERSSON,Ebba,94446,Sweden
4766447.0,YOON,Jin-Hee,91812,Republic of Korea
4766468.0,FILDEBRANDT,Christoph,92362,Germany
4766508.0,MAKOVICH,Semen,92343,Russia
4766516.0,WILLIAMS,Chrishuna,91849,United States
4766575.0,CHUPA,Pavel,170773,Olympic Athlete from Russia
4766692.0,ONYSHKO,Isabela,92018,Canada
4766702.0,CHAN,Tiffany,96278,"Hong Kong, China"
4766735.0,VAN GERNER,Céline,96969,Netherlands
4766770.0,RAROUSKAYA,Anastasiya,91502,Belarus
4766789.0,CHEETHAM,Joshua,97572,Great Britain
4766828.0,NJOBVU,Rhoda,96376,Zambia
4766884.0,RODRIGUEZ,Juan Ignacio,97541,Spain
4766956.0,ANDERSSON,Lisa,91754,Sweden
4766961.0,DERUN,Kateryna,91581,Ukraine
4766994.0,CORREA,Alonso,96853,Peru
4767011.0,CARRARO,Daniela,90500,Brazil
4767094.0,RAPŠYS,Danas,90494,Lithuania
4767307.0,EDER,Mari,92563,Finland
4767401.0,VAN NUNEN,Bart,91854,Netherlands
4767453.0,CAO,Yue,91428,China
4767463.0,VAN DEN BERG,Sjef,91787,Netherlands
4767513.0,KONNAI,Mitsunori,91588,Japan
4767522.0,MANUEL,Simone,95184,United States
4767538.0,KYRIAKOPOULOU,Nikoleta,97537,Greece
4767563.0,POVH,Olesya,91581,Ukraine
4767577.0,MAO,Yi,91858,China
4767592.0,EISATH,Florian,96391,Italy
4767630.0,CELSKI,John,94506,United States
4767720.0,BARARI,Mohammadreza,91738,Iran
4767733.0,HARRIS,Giordan,96248,Marshall Islands
4767790.0,GAUDIO,Natália,96939,Brazil
4767806.0,MIZZAU,Alice,91971,Italy
4767833.0,O'CONNELL,Jessica,91425,Canada
4767852.0,ENGEL HANSEN,Henriette,91060,Denmark
4767951.0,EL ABBASSI,El Hassan,95288,Bahrain
4767995.0,DURSUN,Hamza,92674,Türkiye
4768016.0,BEITIA,Ruth,95223,Spain
4768043.0,KISHI,Daiki,89927,Japan
4768055.0,ADEDE,James,95745,Kenya
4768069.0,MYAT,Thint,95315,Myanmar
4768080.0,LUO,Xiaoling,91404,China
4768112.0,KURLE,Cameron,95254,Great Britain
4768123.0,WESTCOTT,Scott,96375,Australia
4768136.0,TOLA,Erjon,92787,Albania
4768209.0,REICHELT,Hannes,92026,Austria
4768222.0,KURBANOV,Ruslan,91434,Uzbekistan
4768244.0,PALACIOS,Joana,96942,Argentina
4768245.0,SAMUELS,Sonia,92761,Great Britain
4768257.0,JOHANSSON,Jennie,91826,Sweden
4768264.0,ORREGO,Ariana,100766,Peru
4768268.0,DOMINGOS,Wagner,96363,Brazil
4768285.0,MOSER,Benjamin,96382,Austria
4768305.0,WU,Shao-Hsuan,93106,Chinese Taipei
4768331.0,TACHIZAKI,Fuyuko,94485,Japan
4768382.0,COOPER,Abbey,91849,United States
4768391.0,AL-ATHBA,Rashid Saleh,94094,Qatar
4768394.0,DODD,Kyle,94555,South Africa
4768408.0,ZACHOSZCZ,Joanna,104356,Poland
4768417.0,SABBIONI,Simone,91971,Italy
4768433.0,SHURYGA,Angelina,96968,Kazakhstan
4768444.0,RIZZO,Matteo,91615,Italy
4768446.0,OOSTERWEGEL,Emma,91854,Netherlands
4768537.0,MOIOLI,Michela,91794,Italy
4768584.0,CZYKIER,Damian,96888,Poland
4768600.0,KANETO,Rie,95181,Japan
4768650.0,AUSTMAN,Larkyn,94623,Canada
4768679.0,RUMBENIEKS,Arnis,89947,Latvia
4768722.0,LUKANTSOV,Evgeny,92571,Russia
4768722.0,LUKANTSOV,Evgeny,195792,ROC
4768734.0,TAN,Kelly,96283,Malaysia
4768762.0,WALSH,Tom,95176,New Zealand
4768764.0,CLAIR,Sandie,96340,France
4768793.0,JANKER,Michael,91640,Germany
4768865.0,BAI,Faquan,91623,China
4768893.0,ABDELMAKSOUD,Salma,92065,Egypt
4768974.0,AMB,Kim,91373,Sweden
4768994.0,MARTÍNEZ,Michael,98560,Philippines
4769009.0,MCBRIDE,Brandon,91425,Canada
4769072.0,JAGER,Evan,91849,United States
4769084.0,METHOT,Sophiane,94656,Canada
4769086.0,POLITT,Nils,98857,Germany
4769124.0,JAMMEH,Adama,92353,Gambia
4769157.0,ORMEROD,Katie,94437,Great Britain
4769208.0,TEWELDE,Tsegai,92761,Great Britain
4769240.0,LANDERTINGER,Dominik,91415,Austria
4769252.0,KIM,Hyunki,92337,Republic of Korea
4769307.0,GOEGEBUER,Tom,91992,Belgium
4769308.0,RAYNAUD,Alexis,90493,France
4769315.0,TODOROVA,Milena,91541,Bulgaria
4769388.0,GOMIS,Sandra,91520,France
4769447.0,TOMINGAS,Tuuli,92297,Estonia
4769461.0,ŽBOGAR,Vasilij,89931,Slovenia
4769468.0,FUKUDA,Yuka,97564,Japan
4769536.0,BOASSON HAGEN,Edvald,95919,Norway
4769549.0,MAGNUSSON,Anna,91473,Sweden
4769578.0,CUNHA,Ana Marcela,100243,Brazil
4769629.0,PIDRUCHNYI,Dmytro,90491,Ukraine
4769836.0,MEDINA,Ayamey Damiana,92916,Cuba
4769855.0,ELFUTINA,Stefania,91523,Russia
4769867.0,SAGIV,Ran,93418,Israel
4769894.0,FOUGBERG,Charlotta,91373,Sweden
4769898.0,WILD,Simone,94036,Switzerland
4769915.0,GASCH,Loïc,95229,Switzerland
4769950.0,MACHACUAY,Raúl,92612,Peru
4769966.0,GORBATSEVICH,Aleksandr,201555,ROC
4769983.0,RAI,Jitu,94600,India
4769985.0,HALL,Linden,96375,Australia
4770009.0,THOMPSON,Richard,91503,Trinidad & Tobago
4770045.0,KOCH,Sophie,91606,Germany
4770095.0,ITO,Yuki,91829,Japan
4770101.0,KIM,Alang,92039,Republic of Korea
4770106.0,OPENYSHEVA,Arina,92343,Russia
4770111.0,OUASS,Samira,93455,Morocco
4770145.0,NWABA,Barbara,91849,United States
4770146.0,HENAO,Sergio,95735,Colombia
4770214.0,WOODS,Kimberley,90492,Great Britain
4770280.0,TAN,Jiaxin,91858,China
4770349.0,KOVÁCS,Zsófia,92559,Hungary
4770353.0,MORENO,Alexa,92220,Mexico
4770360.0,SUN,Qinghai,94904,China
4770409.0,SHAW,Bryony,96894,Great Britain
4770448.0,EICHFELD,Casey,92873,United States
4770449.0,KRISTOFFERSEN,Henrik,91509,Norway
4770486.0,SALVADORI,Giandomenico,92055,Italy
4770531.0,CASSINELLI,Andrea,92553,Italy
4770594.0,TARGAN,Abdalla,91327,Sudan
4770641.0,CRNOGORAC,Jovana,94522,Serbia
4770651.0,BROWN,Chris,96929,Bahamas
4770756.0,TENNELL,Bradie,91516,United States
4770781.0,TOUATI,Mohamed,96919,Tunisia
4770784.0,FERREIRA,Jaqueline,91512,Brazil
4770833.0,PHINNEY,Taylor,95637,United States
4770846.0,MOUSSA,Roukaya,92172,Niger
4770870.0,RAY,Shamoli,93442,Bangladesh
4770882.0,AL-ADAWI,Issa,92976,Oman
4770907.0,MAKSEL,Krzysztof,91481,Poland
4770924.0,SALURI,Karl Robert,92083,Estonia
4771053.0,OSYPENKO-RADOMSKA,Inna,100742,Azerbaijan
4771066.0,WAMBUI,Margaret,95235,Kenya
4771076.0,ROBATSCHER,Sandra,94452,Italy
4771081.0,BAZARZHAPOV,Galsan,194612,ROC
4771082.0,TOMITA,Sena,91769,Japan
4771092.0,HICKS,Malcolm,95176,New Zealand
4771254.0,BEDGGOOD,Domonic,91751,Australia
4771263.0,KUMARI,Deepika,92057,India
4771288.0,JUNGK,Axel,97549,Germany
4771340.0,DOYLE,Eilidh,92761,Great Britain
4771431.0,HAM,Eun-Ji,91812,Republic of Korea
4771435.0,KUUSELA,Toni,92122,Finland
4771439.0,RITTER,Martina,98862,Austria
4771462.0,XU,Mengtao,91066,China
4771515.0,ELSAEID,Osama,92077,Egypt
4771569.0,FENG,Shanshan,93182,China
4771573.0,MAJHI,Laxmirani,92057,India
4771579.0,CUESTAS,Nicolás,89913,Uruguay
4771629.0,BUROV,Ilya,201529,ROC
4771629.0,BUROV,Ilya,170773,Olympic Athlete from Russia
4771720.0,KISHIMOTO,Niina,91775,Japan
4771749.0,MIRADOLI,Romane,92765,France
4771750.0,VAN LAER,Wannes,95204,Belgium
4771779.0,RUUSKANEN,Antti,92122,Finland
4771787.0,RIDER,Seth,95777,United States
4771798.0,ERŽEN,Anja,91444,Slovenia
4771959.0,ŠULEK,Miroslav,92029,Slovakia
4771963.0,MUNDELL,Marc,91331,South Africa
4772085.0,HARIDY,Shaimaa,91470,Egypt
4772217.0,LIU,Jing,98001,China
4772244.0,FILLON MAILLET,Quentin,95788,France
4772285.0,TIKHONOVA,Yulia,90501,Belarus
4772291.0,MICHEL,Claire,92774,Belgium
4772314.0,PIETERS,Thomas,98184,Belgium
4772334.0,BONDARENKO,Bohdan,91581,Ukraine
4772371.0,STADLOBER,Luis,96382,Austria
4772381.0,CLOUVEL,Elodie,90507,France
4772414.0,SINGH,Shreyasi,94600,India
4772417.0,YE,Shiwen,91428,China
4772529.0,PULGAR,Ángel,92743,Venezuela
4772545.0,MIYAZAWA,Hiroyuki,91882,Japan
4772566.0,RICHARDS,O'Dayne,95237,Jamaica
4772581.0,DA'VALL GRICE,Charlie,92761,Great Britain
4772740.0,STRÄHL,Martina,95229,Switzerland
4772812.0,MARCONI,Maria,94640,Italy
4772873.0,MANGAN,Patricia,91818,United States
4772932.0,CORONADO,Stefany,96955,Bolivia
4772957.0,MAZDZER,Chris,92051,United States
4772978.0,O'BRIEN,Spencer,94050,Canada
4772986.0,GEHRING,Lana,94506,United States
4772995.0,DE LUCCA,João,95178,Brazil
4773017.0,INCE,Ariana,91849,United States
4773098.0,SYARIFUDIN,Toni,103551,Indonesia
4773136.0,CEBRIÁN,Alicia,91496,Spain
4773193.0,VANELLI,Federico,108272,Italy
4773239.0,MAHONEY,Travis,91357,Australia
4773247.0,SANZ,Mateo,94457,Switzerland
4773250.0,KAMINSKAYA,Victoria,91070,Portugal
4773325.0,BARTEKOVÁ,Danka,96946,Slovakia
4773328.0,VAN GELDER,Yuri,96969,Netherlands
4773391.0,LINGMERTH,David,94090,Sweden
4773410.0,POLÁŠEK,Viktor,89942,Czech Republic
4773466.0,TIMOFEEV,Evgeniy,92565,Kyrgyzstan
4773491.0,KIYA DARBANDSARI,Mohammad,95804,Iran
4773509.0,URÁN,Rigoberto,95735,Colombia
4773591.0,TIPPLER,Tamara,92026,Austria
4773594.0,TABUENA,Miguel,98183,Philippines
4773653.0,LEHAIR,Jeanne,92126,Luxembourg
4773694.0,PETTERSSON,Simon,91373,Sweden
4773700.0,SIENICHKIN,Andrii,91376,Ukraine
4773741.0,JEAN,Olivier,97784,Canada
4773772.0,PULLES,Mariel Merlii,92125,Estonia
4773828.0,KASAI,Noriaki,91829,Japan
4773924.0,CHANLOUNG,Mark,96563,Thailand
4773931.0,MALTAIS,Valérie,97784,Canada
4773931.0,MALTAIS,Valérie,91610,Canada
4773986.0,KELDERMAN,Wilco,99397,Netherlands
4774015.0,WORLEY,Tessa,92765,France
4774035.0,PANCOCHOVÁ,Šárka,92004,Czech Republic
4774057.0,BULL,Tyson,92756,Australia
4774087.0,ZHAVELI,Lum,98493,Kosovo
4774190.0,USTERUD,Felix,92062,Norway
4774207.0,BRANDT,Dorothea,92362,Germany
4774248.0,NAGEEYE,Abdi,91854,Netherlands
4774249.0,AL-AMRI,Tariq Ahmed,96931,Saudi Arabia
4774258.0,KATO,Yurie,91775,Japan
4774340.0,CHASE,Chanice,91425,Canada
4774384.0,VIERA,Hernan,94040,Peru
4774460.0,SMITH,Haley,96342,Canada
4774494.0,DOTTI,Tommaso,92553,Italy
4774543.0,AUFFRET,Benjamin,91493,France
4774561.0,DIMITROV,Rumen,91802,Bulgaria
4774563.0,DAUNAY,Christelle,91520,France
4774618.0,KO,Eun-Jung,91620,Republic of Korea
4774678.0,GÚSTAFSDÓTTIR,Eygló,92248,Iceland
4774698.0,HACKETT,Semoy,91503,Trinidad & Tobago
4774746.0,LA ROSA,Stefano,91594,Italy
4774760.0,CARTER,Dylan,92279,Trinidad & Tobago
4774761.0,WILKES,Caine,92092,United States
4774799.0,ODIONG,Edidiong Ofinome,95288,Bahrain
4774813.0,OTCENÁŠ,Martin,92348,Slovakia
4774849.0,WASICK,Kasia,94476,Poland
4774910.0,HÖPFL,Johannes,95203,Germany
4774943.0,MARTINS,Henrique,95178,Brazil
4774974.0,HOVLAND,Viktor,98186,Norway
4775031.0,KETCHANKE,Gaelle,92377,France
4775065.0,ROHRWECK,Johannes,90490,Austria
4775132.0,LUVSANLUNDEG,Otgonbayar,95287,Mongolia
4775155.0,CRAY,Eric,95257,Philippines
4775226.0,SOBOLEVA,Natalya,170911,Olympic Athlete from Russia
4775226.0,SOBOLEVA,Natalya,200954,ROC
4775286.0,KOTNIK,Gloria,94024,Slovenia
4775315.0,SAHNOUNE,Oussama,95810,Algeria
4775321.0,BELL,Mariah,91516,United States
4775336.0,MENALDO,Kévin,91520,France
4775343.0,TUREA,Andrei,89948,Romania
4775410.0,RADULOVIC,Boško,95157,Montenegro
4775417.0,SALA,Tommaso,96391,Italy
4775452.0,ZVEJNIEKS,Miks,91489,Latvia
4775470.0,WEBER,Julian,94474,Germany
4775488.0,HAMADA,Kaito,91769,Japan
4775493.0,ALSOGARAY,Julio,95243,Argentina
4775498.0,CLAIRE,Caroline,94642,United States
4775499.0,GONG,Lei,91462,China
4775533.0,LIU,Shaolin,91820,Hungary
4775565.0,BALLA,Virág,95242,Hungary
4775576.0,IGAUNE,Laura,89947,Latvia
4775631.0,CATER,Martin,96892,Slovenia
4775687.0,MOHD AFENDY,Khairulnizam,91806,Malaysia
4775784.0,GALYSHEVA,Yulia,92236,Kazakhstan
4775807.0,D'ALMEIDA,Michaël,96340,France
4775842.0,MACEDO,Marcos,95178,Brazil
4775844.0,KIRT,Magnus,92083,Estonia
4775878.0,BOOKWALTER,Brent,95637,United States
4775899.0,EL MOCTAR,Jidou,95814,Mauritania
4775910.0,FORD,Yirisleydi,89943,Cuba
4775911.0,RIVAS,Claudia,96951,Mexico
4775912.0,NUMA,Rose-Lee,97600,Papua New Guinea
4775913.0,WEST,Tori,96375,Australia
4776047.0,KASPER,Kirsten,95777,United States
4776115.0,GAO,Xinglong,89910,China
4776156.0,BUTLER,Lara,93374,Cayman Islands
4776167.0,MUIR,Joanna,92045,Great Britain
4776179.0,PETÄJÄ-SIRÉN,Tuuli,94488,Finland
4776184.0,DUSEK,Jakob,91417,Austria
4776202.0,JYLHÄ,Martti,94041,Finland
4776229.0,HARTING,Christoph,94474,Germany
4776237.0,HERNÁNDEZ,Regino,91862,Spain
4776298.0,GRYCZ,Marek,91312,Czech Republic
4776362.0,YANG,Haoran,92331,China
4776398.0,HARATYK,Michal,96888,Poland
4776417.0,DURÁN,Miguel,91571,Spain
4776460.0,SZOLLOS,Barnabas,92589,Israel
4776553.0,THOMAS,Mikel,91503,Trinidad & Tobago
4776601.0,DENIZ,Serdar,91753,Türkiye
4776645.0,MÄKELÄ-NUMMELA,Satu,94670,Finland
4776657.0,SHIMIZU,Sakiko,95181,Japan
4776692.0,TIAN,Tao,92887,China
4776709.0,ZHANG,Chenglong,91858,China
4776785.0,MCENTEE,Sam,96375,Australia
4776798.0,MARTÍN,Álvaro,95223,Spain
4776804.0,FINCHAM-DUKES,Jacob,92761,Great Britain
4776819.0,BURY,Dominik,91629,Poland
4776854.0,ROSTAMI,Kianoush,91738,Iran
4776873.0,JEFFCOAT,Emma,91994,Australia
4776895.0,COGDELL,Corey,95182,United States
4776900.0,ORTEGA,Alejandra,93121,Mexico
4776942.0,SIETINA,Anete,89947,Latvia
4776995.0,VELDT,Tim,89885,Netherlands
4777008.0,ISKRZYCKA,Justyna,91364,Poland
4777062.0,GEENS,Jelle,92774,Belgium
4777095.0,TSUKAGOSHI,Sakura,94015,Japan
4777102.0,XIE,Siyi,89939,China
4777135.0,SVECENÁ,Lucie,96908,Czech Republic
4777153.0,DADIC,Ivona,92900,Austria
4777157.0,COCHRANE,Ryan,91621,Canada
4777245.0,DAHLBY,Håkan,92074,Sweden
4777259.0,GUBSER,Kim,96896,Switzerland
4777314.0,KIFLE,Aron,97583,Eritrea
4777317.0,CHANDELA,Apurvi,94600,India
4777354.0,GILBERT,Callum,92885,New Zealand
4777402.0,REINOSO,Sofia,93113,Mexico
4777430.0,VICAUT,Jimmy,91520,France
4777455.0,VERWEIJ,Koen,93590,Netherlands
4777466.0,DRURY,Kevin,91843,Canada
4777481.0,CHEN,Karen,91516,United States
4777510.0,GUERRERO,Ilse,93121,Mexico
4777527.0,GITTENS,Ramon,90510,Barbados
4777529.0,MESEL,Amanuel,97583,Eritrea
4777557.0,DUJMOVITS,Julia,91417,Austria
4777567.0,ZENG,Rui,89910,China
4777645.0,PALMISANO,Antonella,91594,Italy
4777746.0,COUTINHO,Geisa,96363,Brazil
4777802.0,PRENOT,Josh,95184,United States
4777864.0,SAWYERS,Roberto,94607,Costa Rica
4777909.0,TRACEY,Adelle,95237,Jamaica
4777920.0,KNIGHT-WISDOM,Yona,98170,Jamaica
4777949.0,KOBAYASHI,Junshiro,91829,Japan
4777960.0,KUCERA,Martin,91884,Slovakia
4777985.0,DONG,Dong,100771,China
4778011.0,KIBALNIKOVA,Valentina,91434,Uzbekistan
4778059.0,GEBRESILASSIE,Rahel,92169,Ethiopia
4778113.0,CHOE,Byeongkwang,96937,Republic of Korea
4778202.0,AYMOZ,Kévin,96900,France
4778211.0,CASHIN,Amy,96375,Australia
4778307.0,SINCRAIAN,Gabriel,96396,Romania
4778327.0,HELANDER,Oliver,92122,Finland
4778380.0,ILAR,Moa,94446,Sweden
4778387.0,SCHÄRER,Michael,92367,Switzerland
4778392.0,BAQLAH,Talita,92805,Jordan
4778398.0,LENDORE,Deon,91503,Trinidad & Tobago
4778400.0,SVOBODA,David,91312,Czech Republic
4778406.0,ESTEFANI,Hederson,96363,Brazil
4778412.0,RODRÍGUEZ,Rafith,91368,Colombia
4778454.0,BOZA,Francisco,96397,Peru
4778465.0,TIAN,Ruining,98001,China
4778509.0,NAZLATI,Mohamed,93375,Comoros
4778525.0,MALISZEWSKA,Anna,92767,Poland
4778581.0,GOULE-TOPPIN,Natoya,95237,Jamaica
4778720.0,DOGUE,Marvin,91511,Germany
4778798.0,MAEGLI,Juan Ignacio,92158,Guatemala
4778805.0,ORTA,Luis Alberto,91508,Venezuela
4778827.0,ADAMS,Antoine,97542,St. Kitts & Nevis
4778836.0,HARSEM,Kathrine Rolsted,94487,Norway
4778894.0,MONTAG,Jemima,96375,Australia
4778919.0,YAMAMOTO,Go,95212,Japan
4778965.0,OGITA,Hiroki,91841,Japan
4779112.0,BURNOTTE,Jules,92064,Canada
4779129.0,REHÁK ŠTEFECEKOVÁ,Zuzana,96946,Slovakia
4779156.0,MEARES,Anna,92742,Australia
4779216.0,PUZAKOVA,Anastasiya,91502,Belarus
4779277.0,GEBAS,Vitezslav,97526,Czech Republic
4779341.0,JANSEN,Inge,92078,Netherlands
4779354.0,GIRRBACH,Joel,93404,Switzerland
4779358.0,KHARTSYZ,Yaroslav,12012,Ukraine
4779429.0,BALOG,Gábor,94021,Hungary
4779442.0,BOLINGO,Cynthia,91068,Belgium
4779454.0,BARSUK,Tatiana,91639,Russia
4779459.0,SÁNCHEZ,Mari Leivis,91454,Colombia
4779469.0,ROMANJUK,Maria,94502,Estonia
4779476.0,RYDZEK,Johannes,92931,Germany
4779483.0,VON APPEN,Henrik,94070,Chile
4779550.0,KLESHCHENKO,Evgeny,195350,ROC
4779564.0,LYONS,Noah,96400,United States
4779567.0,MCCORMACK,Fionnuala,96910,Ireland
4779617.0,TERADA,Asuka,91841,Japan
4779665.0,SON,Igor,95165,Kazakhstan
4779667.0,SHUTTLEWORTH,Timothy,95254,Great Britain
4779690.0,YIU,Kit Ching,93135,"Hong Kong, China"
4779696.0,DE VRIES,Rianne,94048,Netherlands
4779706.0,MIKLÓS,Andrea,91838,Romania
4779722.0,LISTOPADOVÁ,Katarína,92037,Slovakia
4779805.0,WEBSTER,Sam,94432,New Zealand
4779822.0,MISECH,Dirngulbai,93368,Palau
4779840.0,COUCH,Tonia,89933,Great Britain
4779848.0,BEYO,Chala,94034,Ethiopia
4779866.0,BUJAK,Eugenia,105594,Slovenia
4779888.0,HENDERSON,Brooke,92265,Canada
4779907.0,HEDIGER,Jovian,92781,Switzerland
4779986.0,WRIGHT,Andwuelle,91503,Trinidad & Tobago
4780029.0,YAMANISHI,Toshikazu,91841,Japan
4780049.0,VALLORTIGARA,Elena,91594,Italy
4780055.0,PENTSINEN,Anssi,94041,Finland
4780067.0,SUNDLING,Jonna,94446,Sweden
4780147.0,LINDEN,Desiree,91849,United States
4780173.0,NAUDE,Andi,91843,Canada
4780200.0,HEND,Scott,92777,Australia
4780224.0,NEALE,Amy-Eloise,92761,Great Britain
4780261.0,PIXNER,Debora,92135,Italy
4780279.0,PHELUT,Alexis,91520,France
4780286.0,PIIPPO,Samuli,92117,Finland
4780291.0,GLÆSNER,Mads,91774,Denmark
4780307.0,KARAMZADEH,Fatemeh,93115,Iran
4780351.0,ESPINOSA,Yaniuska,94647,Venezuela
4780415.0,QUINTIN,Léna,95262,France
4780422.0,RAMANOUSKAYA,Aliaksandra,94023,Belarus
4780449.0,OE,Hikaru,91769,Japan
4780523.0,BERANOVÁ,Tereza,91603,Czech Republic
4780549.0,KÉRI,Bianka,91810,Hungary
4780555.0,COELHO,Jordan,89925,France
4780556.0,KWIATKOWSKI,Oskar,91845,Poland
4780603.0,HOFFMANN,Karol,96888,Poland
4780604.0,JONES,Akela,90510,Barbados
4780623.0,MARTÍNEZ,Luis,96243,Guatemala
4780652.0,YOO,Won-Chul,91524,Republic of Korea
4780660.0,KOIKE,Yuki,91841,Japan
4780683.0,SANKOVICH,Pavel,92082,Belarus
4780687.0,GOLOVINA,Luba,96394,Georgia
4780729.0,QI,Yuhong,94636,CHN
4780737.0,GUSTAFSON,Jonathan,92051,United States
4780754.0,KANG,Minsu,92351,Republic of Korea
4780756.0,MEZA,Marie,91371,Costa Rica
4780769.0,GASTALDI,Nicol,92339,Argentina
4780777.0,VENNEKAMP,Doreen,91640,Germany
4780836.0,NJUE,Grace Wanjiru,95235,Kenya
4780838.0,ANAGOZ,Yasemin,91448,TUR
4780851.0,NASCIMENTO,Felipe,91505,Brazil
4780855.0,ADERO,Nyakisi,91575,Uganda
4780863.0,NEDOW,Tim,91425,Canada
4780905.0,KALINICHENKO,Vitaliy,97574,Ukraine
4780957.0,RAGAŽINSKIENE,Daiva,98864,Lithuania
4780964.0,SHIM,Suk Hee,92039,Republic of Korea
4780986.0,THEISEN-EATON,Brianne,91425,Canada
4781060.0,GHELBER,Bianca,91838,Romania
4781079.0,STROLIA,Tautvydas,92671,Lithuania
4781104.0,KOECH,Aron Kipchumba,95235,Kenya
4781106.0,UKAOMA,Miles,97539,Nigeria
4781186.0,PASCUAL,Pedro,96400,United States
4781204.0,ANDREUTTI,Giada,94478,Italy
4781237.0,PÉREZ,Cecilia,96951,Mexico
4781256.0,VINCENT,Scott,94459,Zimbabwe
4781262.0,STANCIU,Daniela,91838,Romania
4781368.0,KIM,Suji,92043,Republic of Korea
4781471.0,DRUZHININ,Ilya,194639,ROC
4781471.0,DRUZHININ,Ilya,92343,Russia
4781500.0,HAMLIN,Erin,92051,United States
4781524.0,ASH,Ronnie,91849,United States
4781560.0,RUTHERFORD,Greg,92761,Great Britain
4781584.0,MARTIN,Jess,92761,Great Britain
4781682.0,ALAMOMMO,Andreas,96943,Finland
4781707.0,STAMENOVA,Staniliya,91547,Bulgaria
4781779.0,LIKHOVITSKIY,Andrey,94031,Belarus
4781856.0,CZAPSKA,Zuzanna,91500,Poland
4781878.0,VAN OPZEELAND,Luuc,91584,Netherlands
4781891.0,WEGER,Benjamin,96387,Switzerland
4782022.0,SEBIC,Milenko,98339,Serbia
4782058.0,LEPAPE,Sébastien,94438,France
4782076.0,TOUSSAINT,Kira,95179,Netherlands
4782100.0,BILLINGTON,Gregory,95777,United States
4782101.0,BOS,Duko,91584,Netherlands
4782145.0,TANDY,Megan,92064,Canada
4782212.0,KOŽÍŠEK,Cestmír,89942,Czech Republic
4782219.0,FENELEY,William,91583,Great Britain
4782235.0,TAN,Chi-Chung,91850,Chinese Taipei
4782294.0,WOLDE,Dawit,94034,Ethiopia
4782330.0,ABOOD,Matthew,91357,Australia
4782335.0,IUEL,Amalie,94497,Norway
4782353.0,GHALENOUI,Pejman,93136,Iran
4782367.0,TAKAHASHI,Hiroatsu,89944,Japan
4782433.0,BOUTIER,Céline,93402,France
4782439.0,CHINNAWONG,Chatuphum,91046,Thailand
4782488.0,KERSTEN,Cornelius,100071,Great Britain
4782541.0,TÓTH,Ivett,89950,Hungary
4782603.0,SCHNARF,Johanna,96391,Italy
4782608.0,HANCCO,Jessica,92612,Peru
4782638.0,MISHVELIDZE,Shota,92345,Georgia
4782647.0,NASIMI SHAD,Arya,92965,Iran
4782754.0,SRP,Miklós,91810,Hungary
4782764.0,WU,Melissa,91751,Australia
4782770.0,RAZIKI,Assia,91445,Morocco
4782772.0,JOHNSON-THOMPSON,Katarina,92761,Great Britain
4782775.0,WOJNAROWSKA,Ewelina,91364,Poland
4782840.0,MARCHANT,Katy,89899,Great Britain
4782846.0,KLIMOV,Evgeniy,201551,ROC
4782846.0,KLIMOV,Evgeniy,161312,Olympic Athlete from Russia
4782849.0,HANSEN,Jesper,95250,Denmark
4782866.0,PODKORYTOV,Vassiliy,94063,Kazakhstan
4782891.0,DUDARAU,Hleb,91502,Belarus
4782937.0,ZHAPPARKUL,Zhazira,95165,Kazakhstan
4782945.0,HOGAS,Mihaela,94131,Romania
4782955.0,YAMAMOTO,Toshiki,91588,Japan
4782969.0,SUMMERHAYES,Molly,91583,Great Britain
4783008.0,LIRANZO,Jesús,91553,Venezuela
4783040.0,KOBONOKI,Tsukasa,94485,Japan
4783155.0,RIVAS,Yeison,91368,Colombia
4783196.0,BONDARE,Liene,91489,Latvia
4783213.0,LAHSAÏNI,Mouhssine,99387,Morocco
4783274.0,DE NICOLO,Marco,91868,Italy
4783280.0,VASTENBURG,Jip,91854,Netherlands
4783296.0,QUINTANA,Nairo,95735,Colombia
4783323.0,XIA,Yuyu,89910,China
4783384.0,DAMJAN,Jernej,94672,Slovenia
4783434.0,KIBET,Raymond,95235,Kenya
4783447.0,HAUSER,Julia,96385,Austria
4783481.0,SPITERI,Jenise,96846,Malta
4783495.0,LI,Haotong,93182,China
4783572.0,ACKERMANN,Simone,91871,South Africa
4783574.0,LI,Jialun,94636,CHN
4783642.0,RAI,Tarundeep,92057,India
4783647.0,MAZILU,Maria,93762,Romania
4783662.0,FISCHER,Murilo,95048,Brazil
4783672.0,KVASHA,Illya,92109,Ukraine
4783693.0,SAGIV,Shachar,93418,Israel
4783753.0,LU,Ying,91428,China
4783772.0,BREA,Joselyn,91508,Venezuela
4783860.0,TEIJONSALO,Fanny,92601,Finland
4783878.0,BUKOWIECKA,Natalia,96888,Poland
4783910.0,HONG,Un Jong,95195,DPR Korea
4783925.0,THIFFEAULT PICARD,Georcy,97563,CAN
4783976.0,ESSADIQ,Mehdi,94852,Morocco
4784073.0,JEPKESHO,Visiline,95235,Kenya
4784155.0,DARMON,Ron,93418,Israel
4784160.0,ADAMS,Cammile,95184,United States
4784162.0,SHARRAH,Corben,101310,United States
4784185.0,ISAAC,Mateus,89924,Brazil
4784231.0,BROWNING,Kayle,95182,United States
4784247.0,KNYSH,Olha,91072,Ukraine
4784337.0,KUBOVÁ,Simona,96908,Czech Republic
4784363.0,WINKLER,Rudy,91849,United States
4784395.0,MURISIER,Justin,94036,Switzerland
4784448.0,GONG,Naiying,96573,China
4784465.0,VALENTÍN,Lidia,95782,Spain
4784508.0,FIFA,Ilias,95223,Spain
4784638.0,TENORIO,Ángela,91997,Ecuador
4784712.0,NICOL,Rachel,91621,Canada
4784752.0,WIELGAT,Adrian,94308,Poland
4784982.0,MILATZ,Moritz,91399,Germany
4784989.0,BELLINGHAM,Phillip,95225,Australia
4785010.0,PENTCHEVA,Teodora,91465,Bulgaria
4785038.0,MINAGAWA,Kaho,94637,Japan
4785175.0,FLOTO,Florian,92773,GER
4785182.0,IPEK,Assiya,96902,Türkiye
4785197.0,DOPOLSKAS,Valdas,94493,Lithuania
4785203.0,CSEH,László,94021,Hungary
4785334.0,BACON,Sarah,91613,United States
4785338.0,KATKAVETS,Aliaksei,91502,Belarus
4785394.0,HUGHES,Zharnel,92761,Great Britain
4785398.0,REICHARDT,Paulo,95889,Paraguay
4785407.0,MATSUMOTO,Namika,91588,Japan
4785413.0,CHEPKWEMOI,Nancy,95235,Kenya
4785478.0,ŽUSINAITE-NEKRIOŠIENE,Vaida,94493,Lithuania
4785614.0,WELLS,Beau-James,99966,New Zealand
4785624.0,DOU,Zecheng,93182,China
4785677.0,JIMÉNEZ,Isidora,91472,Chile
4785700.0,WRIGHT,Tyler,93502,Australia
4785725.0,CARDONA,Joan,91496,Spain
4785772.0,TATAFU,Lusi,93448,Tonga
4785777.0,HAVER-LØSETH,Nina,91509,Norway
4785790.0,VAN DER PLAETSEN,Thomas,91068,Belgium
4785868.0,KORETZKY,Victor,91409,France
4785890.0,WILLIAMSON,Shane,93591,Japan
4785915.0,KHOROSHILOV,Alexander,201575,ROC
4785915.0,KHOROSHILOV,Alexander,170771,Olympic Athlete from Russia
4785961.0,GUIGONNAT,Antonin,95788,France
4786115.0,JARAMILLO,Karla,91997,Ecuador
4786122.0,RANI,Annu,91760,India
4786125.0,SMITH,Fanny,96896,Switzerland
4786160.0,PAKHNIUK,Petro,91376,Ukraine
4786160.0,PAKHNIUK,Petro,97158,Azerbaijan
4786179.0,KUBOKI,Kazushige,94015,Japan
4786229.0,SATO,Akiko,91618,Japan
4786235.0,QALI,Abbas,93890,Independent Olympic Athlete
4786235.0,QALI,Abbas,92975,Kuwait
4786252.0,HÖFLICH,André,95203,Germany
4786289.0,LACOURT,Camille,89925,France
4786418.0,VAULTIER,Pierre,96922,France
4786461.0,JUNG,Jin-Hwa,92336,Republic of Korea
4786522.0,SÁNCHEZ,Germán,95164,Mexico
4786549.0,AKTAR,Sonia,92167,Bangladesh
4786603.0,DUNKEL,Nils,92884,GER
4786622.0,ALAERTS,Kai,92540,Belgium
4786641.0,BAUMEISTER,Anna Holm,89902,Denmark
4786650.0,ARCILA,Isabella,92003,Colombia
4786661.0,PEREIRA,Shanti,95813,Singapore
4786691.0,LEPPÄ,Aleksi,94670,Finland
4786715.0,SÁNCHEZ,María Guadalupe,93121,Mexico
4786766.0,EL MOUKIM,Rkia,91445,Morocco
4786769.0,OLSEN,Madison,94642,United States
4786812.0,KANEKO,Masaki,95181,Japan
4786878.0,NAZAROV,Mikhail,201551,ROC
4786878.0,NAZAROV,Mikhail,161312,Olympic Athlete from Russia
4786914.0,LIMA,Gustavo,91414,Portugal
4786935.0,FANCHINI,Nadia,96391,Italy
4786959.0,DINH,Phuong Thanh,93671,Vietnam
4786976.0,EIGEL,Pavel,93648,Russia
4786976.0,EIGEL,Pavel,194741,ROC
4786978.0,RASTORGUJEVS,Andrejs,91585,Latvia
4787055.0,JOHANSSON,Emma,102357,Sweden
4787056.0,KORDA,Nelly,94484,United States
4787060.0,BLAKE,Yohan,95237,Jamaica
4787088.0,HERNANDEZ,Emiliano,97551,Mexico
4787116.0,WALCOTT,Keshorn,91503,Trinidad & Tobago
4787185.0,ANDERSON,Jasey-Jay,94050,Canada
4787235.0,BACCI,Lorenzo,91868,Italy
4787236.0,JOENSUU,Jasmi,94041,Finland
4787383.0,DELISER,Arturo,94472,Panama
4787414.0,STENSON,Jessica,96375,Australia
4787445.0,ZOGHLAMI,Osama,91594,Italy
4787454.0,BARWINSKA,Agata,91468,Poland
4787483.0,SHIROYAMA,Shotaro,91841,Japan
4787621.0,DOVŽAN,Miha,91444,Slovenia
4787662.0,ADACHI,Kazuya,92033,Japan
4787679.0,PEJOVIC,Sladjana,94371,Montenegro
4787689.0,HRCKULÁK,David,91460,Czech Republic
4787733.0,ROMASHOV,Alexey,161312,Olympic Athlete from Russia
4787799.0,BRATHWAITE,Shane,90510,Barbados
4787825.0,BERNAZ,Jean-Baptiste,91359,France
4787876.0,KIM,Kuk Hyang,92333,DPR Korea
4788015.0,NIESCHLAG,Justus,91498,Germany
4788024.0,SÁBLÍKOVÁ,Martina,93592,Czech Republic
4788050.0,ALIEV,Dmitriy,170772,Olympic Athlete from Russia
4788072.0,SANTAVY,Boady,91062,Canada
4788074.0,ÕIGLANE,Janek,92083,Estonia
4788105.0,MURASHOV,Ruslan,201553,ROC
4788165.0,WISNIEWSKA,Helena,91364,Poland
4788182.0,CROMWELL,Tiffany,95039,Australia
4788189.0,KODINOV,Angel,91547,Bulgaria
4788191.0,KHOKHLOVA,Iryna,92232,Argentina
4788211.0,BRIONES,Beatriz,96367,Mexico
4788249.0,AIDIETYTE,Neringa,94493,Lithuania
4788254.0,RODRÍGUEZ,Carolina,98874,Mexico
4788305.0,GUARNIER,Megan,95637,United States
4788360.0,TIKHON,Ivan,91502,Belarus
4788577.0,ROGLIC,Primož,105594,Slovenia
4788582.0,MOKGOBO,Pheeha,91331,South Africa
4788598.0,PARK,Jin-Young,92558,Republic of Korea
4788644.0,AOKI,Reona,95181,Japan
4788690.0,GARCÍA,Nicolás,92784,Spain
4788723.0,VAN DIEPEN,Tony,91854,Netherlands
4788741.0,KLEIN,Pit,93030,Luxembourg
4788760.0,RAMOS,Kleber,95048,Brazil
4788772.0,OHURUOGU,Victoria,92761,Great Britain
4788939.0,REES,Roman,91837,Germany
4789050.0,STEWART-JONES,Katherine,92054,Canada
4789093.0,TUPAIA,Teura'itera'i,91520,France
4789097.0,CHITSALA,Kefasi Kasiteni,92150,Malawi
4789102.0,PEJCIC,Snježana,92770,Croatia
4789137.0,SANTIS,Gabriela,96243,Guatemala
4789162.0,HAYAKAWA,Ren,92310,JPN
4789252.0,SEJPALOVÁ-HRUZOVÁ,Michaela,94051,Czech Republic
4789301.0,EGGER,Reinhard,91074,Austria
4789303.0,HAMMERSCHMIDT,Maren,91837,Germany
4789604.0,REID,Katie,91527,Great Britain
4789663.0,DALY,John,92904,United States
4789670.0,AGUIRRE,Carolina,95866,COL
4789686.0,SCHLOESSER,Gabriela,91787,Netherlands
4789686.0,SCHLOESSER,Gabriela,95784,Mexico
4789691.0,BONNET,Charlotte,89925,France
4789693.0,DAVIS,Jessica,91348,United States
4789703.0,PINEDA,Edgar,92872,Guatemala
4789747.0,HOULDEN,Jordan,89933,Great Britain
4789748.0,OLSSON,Matts,92322,Sweden
4789759.0,KEMPPINEN,Lotta,92122,Finland
4789802.0,DIAZ,Gabriela,94316,Argentina
4789919.0,ERDI,Maria,91593,Hungary
4789923.0,NOH,Seon-Yeong,97997,Republic of Korea
4789946.0,UMURUNGI,Johanna,93157,Rwanda
4789969.0,KOVACS,Joe,91849,United States
4789985.0,MOROZOV,Dmitriy,94306,Kazakhstan
4789992.0,ERDENEBAT,Bilegsaikhan,91745,Mongolia
4790023.0,RUDISHA,David Lekuta,95235,Kenya
4790110.0,HAWES,Brittany,99966,New Zealand
4790189.0,BAKHIT BARSHAM,Amna,91327,Sudan
4790195.0,BRUME,Ese,97539,Nigeria
4790230.0,AMDOUNI,Morhad,91520,France
4790281.0,AÏT SAÏD,Samir,95194,France
4790289.0,GARCÍA,Iván,95164,Mexico
4790341.0,BOHUS,Richárd,94021,Hungary
4790384.0,NIELSEN,Stine,95250,Denmark
4790423.0,BRIANSKIY,Aleksey,92343,Russia
4790445.0,YOUNG,Andrew,93719,Great Britain
4790473.0,TÓRREZ,Dalia,92175,Nicaragua
4790475.0,RYAN,Shane,92224,Ireland
4790482.0,MARDAL,Thomas,94497,Norway
4790491.0,VAN ROOYEN,Rocco,91331,South Africa
4790492.0,BABA,Naoto,91882,Japan
4790514.0,IBRAHIM,Haneen,92964,Sudan
4790563.0,RALLI,Sophia,95751,Greece
4790590.0,GENIETS,Kévin,95737,Luxembourg
4790753.0,JEON,Hun-Young,91328,Republic of Korea
4790823.0,FERK SAIONI,Maruša,96892,Slovenia
4790844.0,BILOUS,Finn,99966,New Zealand
4790868.0,JÄGER,Maja,91827,Denmark
4790900.0,CONSTIEN,Valerie,91849,United States
4790963.0,REZTSOVA,Kristina,201554,ROC
4791041.0,KYLLIÄINEN,Tanja,92601,Finland
4791057.0,KIM,Song Guk,91885,DPR Korea
4791058.0,ZHANG,Wenxiu,89910,China
4791125.0,PONCIO,Maritza,91589,Guatemala
4791141.0,SCHEIDT,Gintare,95190,Lithuania
4791146.0,CARRILLO,Marko,96397,Peru
4791180.0,BAZO,Maria,92915,Peru
4791243.0,GELANT,Elroy,91331,South Africa
4791301.0,KUCERA,Kamil,94043,Czech Republic
4791313.0,OLIVEIRA,Nélson,98873,Portugal
4791320.0,KOHA,Rebeka,91450,Latvia
4791369.0,AUGUSTYN,Rafal,96888,Poland
4791427.0,FJÄLLSTRÖM,Ludvig,91754,Sweden
4791443.0,FOLKARD,Naomi,91625,Great Britain
4791446.0,MOYA,Leidis Laura,95779,Cuba
4791546.0,BRITO,Leydis,94664,Venezuela
4791599.0,DEMETER,Bence,91318,Hungary
4791804.0,WALLACE,Shawn,93368,Palau
4791808.0,SIDHU,Heena,94600,India
4791824.0,TRUE,Sarah,95777,United States
4791827.0,KAUR,Khushbir,91760,India
4791870.0,BROWNING,Rohan,96375,Australia
4791898.0,CRAIN,Brooke,101310,United States
4791948.0,RAGAB,Ahmed,95306,Egypt
4791958.0,QUINTANILLA,José,95308,Bolivia
4791961.0,CUESTAS,Martín,89913,Uruguay
4792002.0,MATSUMOTO,Takayuki,91618,Japan
4792022.0,BRUHN,Annika,92362,Germany
4792025.0,LANGENHORST,Carolin,95203,Germany
4792041.0,PITKÄMÄKI,Tero,92122,Finland
4792114.0,DOUGOUD,Martin,92124,Switzerland
4792149.0,HORÁK,Petr,92004,Czech Republic
4792211.0,ULANOV,Denis,95165,Kazakhstan
4792236.0,SAMIMI,Mahmoud,93136,Iran
4792261.0,MCENTYRE,Cameron,96375,Australia
4792281.0,ST. LAWRENCE,Ben,96375,Australia
4792308.0,ABDUVALIEVA,Nigina,91434,Uzbekistan
4792436.0,MEYERS TAYLOR,Elana,92583,United States
4792470.0,GATLIN,Justin,91849,United States
4792471.0,TUMLER,Thomas,94036,Switzerland
4792547.0,LING,Edward,95224,Great Britain
4792597.0,ABU AL SOUD,Ahmad,93538,Jordan
4792767.0,TADDEUCCI,Ginevra,108272,Italy
4792767.0,TADDEUCCI,Ginevra,91971,Italy
4792770.0,DESWAL,Yashaswini Singh,94600,India
4792788.0,THORMEYER,Markus,91621,Canada
4792827.0,COLEMAN,Michelle,91826,Sweden
4792873.0,DEKHA,Iryna,92893,Ukraine
4792921.0,PETERS,Hermien,91316,Belgium
4792938.0,BIKŠE,Indulis,93319,Latvia
4792991.0,FRANCO,Hugo,97557,CUB
4793051.0,IGUIDER,Abdalaati,91445,Morocco
4793093.0,SHORETS,Mariya,92771,Russia
4793108.0,FUENTES,Aremi,91792,Mexico
4793165.0,FERREIRA,Alex,94642,United States
4793195.0,KOLODIY,Oleg,92109,Ukraine
4793199.0,COSTAZZA,Chiara,96391,Italy
4793209.0,DAHM,Tobias,94474,Germany
4793241.0,PUSKARCÍKOVÁ,Eva,91429,Czech Republic
4793262.0,BROWN,Aaron,91425,Canada
4793313.0,MASLOVA,Darya,92895,Kyrgyzstan
4793326.0,CHERUTICH,Nelson Kipkosgei,95288,Bahrain
4793339.0,TANIGAWA,Wataru,94494,Japan
4793355.0,IRAKOZE,Billy Scott,92168,Burundi
4793367.0,ROOS,Fanny,91373,Sweden
4793444.0,VAN DER COLFF,David,96258,Botswana
4793511.0,KRUCHINKINA,Elena,91776,Belarus
4793555.0,DAVIES,Georgia,95254,Great Britain
4793599.0,STIPANOVIC,Tonci,92084,Croatia
4793705.0,WELLBROCK,Florian,92362,Germany
4793705.0,WELLBROCK,Florian,101044,Germany
4793726.0,THET,Ei Ei,95315,Myanmar
4793733.0,KUZMA,Janina,99966,New Zealand
4793851.0,MARTÍNEZ,Yancarlos,91442,Dominican Republic
4793868.0,EDEBO,Alexandra,91754,Sweden
4793869.0,BRUCE,Lauren,95176,New Zealand
4793880.0,ŠIDLAUSKAS,Andrius,90494,Lithuania
4793914.0,TAKAYAMA,Shunya,91841,Japan
4793991.0,TAKEUCHI,Tomoka,91769,Japan
4794032.0,MORRIS,Sandi,91849,United States
4794133.0,SANDERSON,Keith,95182,United States
4794134.0,LIU,Zhongqing,91066,China
4794139.0,NDIKU,Caleb Mwangangi,95235,Kenya
4794219.0,NAKAMURA,Naoki,91829,Japan
4794241.0,FRIÐGEIRSDÓTTIR,Hófi Dóra,92304,Iceland
4794301.0,KIPROP,Asbel,95235,Kenya
4794357.0,BRECHTEFELD,Elson,91847,Nauru
4794359.0,VISINTIN,Omar,91794,Italy
4794378.0,ADAM,Leonie,95255,Germany
4794388.0,NYZHNYK,Mykola,91581,Ukraine
4794396.0,MICHALSKI,Arkadiusz,92277,Poland
4794486.0,TOUMARKIN,Yakov,92897,Israel
4794513.0,AUBRY,David,99639,France
4794513.0,AUBRY,David,89925,France
4794518.0,BLACKBURN,Blake,96380,Australia
4794535.0,GUSTYK,Maksym,94023,Belarus
4794551.0,ZAGRÉ,Anne,91068,Belgium
4794564.0,KEDDAR,Salim,95764,Algeria
4794582.0,SPITSOV,Denis,170910,Olympic Athlete from Russia
4794582.0,SPITSOV,Denis,201552,ROC
4794620.0,MONTEIRO,Ana,91070,Portugal
4794629.0,SCOTT,Marc,92761,Great Britain
4794635.0,WEBB,Ameer,91849,United States
4794668.0,ŠPILAK,Simon,105594,Slovenia
4794748.0,KAJIHARA,Yumi,94015,Japan
4794762.0,VON SIEBENTHAL,Nathalie,92781,Switzerland
4794777.0,GIMMLER,Laura,96925,Germany
4794867.0,RATOVA,Ayman,91386,Kazakhstan
4794872.0,GALYER,Ali,94047,New Zealand
4794886.0,REESE,Brittney,91849,United States
4794898.0,FORTE,Julian,95237,Jamaica
4794978.0,FERLIC,Mason,91849,United States
4795026.0,SRISUNG,Boonthung,92143,Thailand
4795040.0,MÜLLER,Nadine,94474,Germany
4795087.0,CAGNOTTO,Tania,94640,Italy
4795148.0,BAT-OCHIR,Ser-Od,95287,Mongolia
4795185.0,HASEGAWA,Suzuka,95181,Japan
4795217.0,HENTKE,Franziska,92362,Germany
4795221.0,CHILTON,Osisang,93368,Palau
4795234.0,NAUMAVA,Darya,92249,Belarus
4795257.0,HRYKO,Vladyslav,91376,Ukraine
4795293.0,MARTINY,Sébastien,96905,France
4795325.0,INDERGAND,Linda,91480,Switzerland
4795331.0,TAMMJÄRV,Karel,92125,Estonia
4795400.0,MERRITT,LaShawn,91849,United States
4795434.0,HENS,Jennifer,96380,Australia
4795444.0,GRGIC,Dimitrije,98339,Serbia
4795559.0,POTTER,Beth,92761,Great Britain
4795559.0,POTTER,Beth,92070,Great Britain
4795560.0,PAPP,Krisztina,91810,Hungary
4795585.0,WEIßHAIDINGER,Lukas,92900,Austria
4795611.0,FOLORUNSO,Ayomide,91594,Italy
4795621.0,RODRIGUES,Henrique,95178,Brazil
4795636.0,ÜSTÜNDAG,Nida,92048,Türkiye
4795730.0,JADA,Stavre,98565,North Macedonia
4795758.0,PORTEOUS,Nico,99966,New Zealand
4795792.0,MUTAI,Solomon,91575,Uganda
4795856.0,AHONEN,Janne,96943,Finland
4795950.0,AMBONGUILAT,Maël,98159,Gabon
4796028.0,GILBERT,Philippe,98863,Belgium
4796055.0,MALAVISI,Sonia,91594,Italy
4796136.0,GAN,Heidi,107902,Malaysia
4796139.0,SAMUEL,Jamile,91854,Netherlands
4796147.0,ROOS,Angelica,96930,Sweden
4796155.0,NAYAK,Pranati,93668,India
4796251.0,HOCKING,Belinda,91357,Australia
4796328.0,KIPYEGO,Sally,91849,United States
4796351.0,POHREBNYAK,Nataliya,91581,Ukraine
4796352.0,DESCHWANDEN,Gregor,92919,Switzerland
4796365.0,PAZHAVA,Salome,95273,Georgia
4796393.0,ŠEFL,Jan,96908,Czech Republic
4796422.0,DELKA,Kellie,96611,Puerto Rico
4796495.0,OLEKH,Viktoriya,89907,Ukraine
4796597.0,WALLNER,Laura,90490,Austria
4796620.0,FOREJTEK,Filip,96381,Czech Republic
4796675.0,ZAYTSEV,Ivan,91434,Uzbekistan
4796722.0,TOT,Vanesa,92269,Croatia
4796764.0,GAZE,Sam,89896,New Zealand
4796766.0,LOMNICKÝ,Marcel,91884,Slovakia
4796767.0,HYMAN,Kemar,91582,Cayman Islands
4796778.0,EL OUALI ALAMI,Salima,91445,Morocco
4796844.0,WATANABE,Ippei,95181,Japan
4796847.0,TWELL,Stephanie,92761,Great Britain
4796895.0,GUDŽIUS,Andrius,94493,Lithuania
4796944.0,GOMIS,Kafétien,91520,France
4796967.0,YAN,Ting,91066,China
4797005.0,RUNGGALDIER,Elena,90509,Italy
4797024.0,FITZPATRICK,Matt,92268,Great Britain
4797047.0,KORSUN,Olha,91581,Ukraine
4797052.0,BISHINDEE,Urantungalag,92888,Mongolia
4797156.0,KIM,Hye Gyong,90513,DPR Korea
4797166.0,COPELLO,Yasmani,97543,Türkiye
4797181.0,FILIPPÍDIS,Konstadínos,97537,Greece
4797201.0,SYLVESTER,Nikolas,98155,St. Vincent & the Grenadines
4797214.0,KLINAR,Anja,89908,Slovenia
4797239.0,BLUME,Pernille,91774,Denmark
4797285.0,ARSINE,Andreea,91838,Romania
4797388.0,REITZ,Christian,91640,Germany
4797434.0,ARTHUR,Jenny,92092,United States
4797435.0,KIM,Jisoo,91628,Republic of Korea
4797446.0,HERMANS,Rune,91355,Belgium
4797478.0,BOSKER,Marcel,93590,Netherlands
4797511.0,MANDELJC,Anja,91525,Slovenia
4797527.0,KANG,Danielle,94484,United States
4797529.0,NOSKOVA,Tereza,94095,Czech Republic
4797559.0,STRUTZ,Martina,94474,Germany
4797590.0,BAUMANN,Jackie,94474,Germany
4797606.0,VERNIAIEV,Oleg,91376,Ukraine
4797624.0,ŠIDIŠKIS,Arnas,97576,Lithuania
4797654.0,BAGOZZA,Daniele,91794,Italy
4797724.0,TAS,Sandrine,94697,Belgium
4797810.0,ROJAS,Marcos,94040,Peru
4797945.0,QUIYUCH,Jaime,91589,Guatemala
4797996.0,MRZYGLÓD,Cyprian,96888,Poland
4798107.0,MORANTE,Allan,96905,France
4798112.0,JAMI,Segundo,91997,Ecuador
4798117.0,DANIEL,Lucas,92105,FRA
4798162.0,GOLENDOV,Ilya,92235,Kazakhstan
4798213.0,MAKHLOUFI,Taoufik,95764,Algeria
4798218.0,CESTONARO,Ottavia,91594,Italy
4798250.0,AIGNER,Clemens,94661,Austria
4798304.0,RAKPAROV,Chingiz,94897,Kazakhstan
4798306.0,HJÁLMSDÓTTIR ANNERUD,Ásdís,96911,Iceland
4798312.0,CASEY,Paul,92268,Great Britain
4798360.0,MOWRER,Nick,95182,United States
4798429.0,ELOSEGI,Ander,92107,Spain
4798439.0,LOWE,Chaunte,91849,United States
4798446.0,WU,Dajing,94496,China
4798522.0,NOËL,Clément,92765,France
4798548.0,DE OLIVEIRA,Júlio César,96363,Brazil
4798563.0,ROVA,Cheyenne,98162,Fiji
4798595.0,MAKWALA,Isaac,92017,Botswana
4798607.0,KAYA ALICI,Özlem,97543,Türkiye
4798755.0,BEKH-ROMANCHUK,Maryna,91581,Ukraine
4798775.0,GILARDONI,Marina,97545,Switzerland
4798789.0,LINN,Sophie,91994,Australia
4798845.0,NORÉN,Alexander,94090,Sweden
4798849.0,BORDA,Daniella,96397,Peru
4798882.0,KISIL,Yuri,91621,Canada
4798952.0,YAKUSHEVSKY,Pavel,195791,ROC
4798986.0,MARTINOD,Marie,92112,France
4799018.0,NOWAK,Lukasz,96888,Poland
4799033.0,GUBAYDULLINA,Gulnaz,196276,ROC
4799033.0,GUBAYDULLINA,Gulnaz,91377,Russia
4799061.0,GYURÁTZ,Réka,91810,Hungary
4799083.0,GILMORE,Stephanie,93502,Australia
4799085.0,PINIAU,Theo,97582,Papua New Guinea
4799089.0,MALFATTI,Michele,98002,Italy
4799100.0,FRANKLIN,Mallory,90492,Great Britain
4799122.0,BUTCHART,Andrew,92761,Great Britain
4799124.0,JANEŽIC,Luka,91832,Slovenia
4799138.0,SANES,Adriel,95310,Virgin Islands
4799186.0,KING,Lilly,95184,United States
4799189.0,RODRÍGUEZ,Marina,92916,Cuba
4799202.0,BRAUD,François,92586,France
4799206.0,SHATIRISHVILI,Sopiko,92286,Georgia
4799209.0,NANRI,Kenji,91632,Japan
4799278.0,VINOGRADOVA,Anastasiya,91386,Kazakhstan
4799287.0,STEINHAUSER,Verena,91514,Italy
4799345.0,AKDAG,Tarik Langat,97543,Türkiye
4799404.0,JUGOVAC,Lea,92088,Croatia
4799504.0,NIEDERER,Armin,96896,Switzerland
4799519.0,WYCISZKIEWICZ-ZAWADZKA,Patrycja,96888,Poland
4799651.0,NIGMATULLINA,Uliana,164519,Olympic Athlete from Russia
4799651.0,NIGMATULLINA,Uliana,201554,ROC
4799701.0,SALAŠKI,Tamara,101446,Serbia
4799865.0,KOH,Michelle,96283,Malaysia
4799895.0,DEMCHENKO,Victoria,201555,ROC
4799951.0,BUNSUK,Tairat,91046,Thailand
4799958.0,TALJEGÅRD,Josefin,91522,Sweden
4799973.0,FORTUNATO,Francesco,91594,Italy
4799975.0,TOMAŠEVIC,Dragana,101446,Serbia
4800031.0,HEATLY,James,89933,Great Britain
4800124.0,HAAS,Townley,95184,United States
4800173.0,PORTEOUS,Miguel,99966,New Zealand
4800271.0,BANKIN,Viktor,94461,Ukraine
4800402.0,KAZBEKOVA,Ievgeniia,101339,Ukraine
4800404.0,STEVENS,Dani,96375,Australia
4800417.0,THEOCHARIS,Sacha,92112,France
4800430.0,NISHIKAWA,Emily,92054,Canada
4800472.0,BATT-DOYLE,Isobel,96375,Australia
4800619.0,GOLBERG,Pål,94487,Norway
4800626.0,LANDOULSI,Nouha,92085,Tunisia
4800652.0,MEILLARD,Loïc,94036,Switzerland
4800687.0,GADZHIMAGOMEDOV,Muslim,194291,ROC
4800699.0,HASHAD,Shimaa,92077,Egypt
4800758.0,CREW,Brittany,91425,Canada
4800762.0,OBIRI,Hellen,95235,Kenya
4800764.0,DOHMANN,Carl,94474,Germany
4800805.0,PFEIFER,Melanie,91626,Germany
4800833.0,LEWIS,Stacy,94484,United States
4800847.0,HAAG,Anna,94446,Sweden
4800954.0,CRAVIOTTO,Saúl,91881,Spain
4800987.0,SANTOS,Gabriele,96363,Brazil
4801006.0,GOHL,Andreas,90490,Austria
4801008.0,KRASOVSKYI,Oleksii,89907,Ukraine
4801020.0,PAKHOMOV,Daniil,92343,Russia
4801030.0,DOCTOR,José Luis,93121,Mexico
4801083.0,MARINO,Laura,91493,France
4801099.0,NISHWAN,Ibrahim,92817,Maldives
4801136.0,SMOLENTSOVA,Polina,200954,ROC
4801147.0,HOSKING,Elizabeth,94050,Canada
4801165.0,GOW,Christian,92064,Canada
4801194.0,ŠELLER,Ludek,91603,Czech Republic
4801422.0,KIRYU,Yoshihide,91841,Japan
4801425.0,BUSTOS,Esteban,91358,Chile
4801442.0,HAMELIN,Charles,91610,Canada
4801452.0,KIPCHOGE,Eliud,95235,Kenya
4801463.0,OHASHI,Yui,95181,Japan
4801466.0,GÓMEZ,Sofía,97153,Guatemala
4801485.0,LEI,Chien-Ying,91526,Chinese Taipei
4801562.0,MIKAYELYAN,Mikayel,93485,Armenia
4801586.0,KIPKETER,Alfred,95235,Kenya
4801627.0,ALLEN,Devon,91849,United States
4801632.0,TRUJILLO,Carlos,91589,Guatemala
4801673.0,SAEED MOHAMMED,Alia,92942,United Arab Emirates
4801686.0,HOLDENER,Wendy,94036,Switzerland
4801743.0,TROFIMOV,Roman,201551,ROC
4801750.0,HONG,Thomas Insuk,94506,United States
4801796.0,DUNKLEE,Susan,94039,United States
4801799.0,CLAUDEL,Delphine,95262,France
4801820.0,BECKLES,Kanika,92608,Grenada
4801838.0,VINOGRADOVA,Natalia,194614,ROC
4801875.0,FRANCIS,Javon,95237,Jamaica
4801900.0,BOUDAT,Thomas,96340,France
4801925.0,LEMARE,Léa,91748,France
4801927.0,TIIRMAA,Karl-August,91550,Estonia
4801994.0,BYKOVA,Irina,96968,Kazakhstan
4802012.0,MARCHANT,Lanni,91425,Canada
4802031.0,LELEUX,Morgann,91849,United States
4802085.0,BROMFIELD,Junelle,95237,Jamaica
4802190.0,BELFERAR,Mohamed Amine,95764,Algeria
4802231.0,NAIAVKO,Valentyna,91581,Ukraine
4802254.0,WANG,Xindi,91066,China
4802289.0,CABRAL,Johnathan,91425,Canada
4802324.0,JACKSON,Shericka,95237,Jamaica
4802345.0,TANDREVOLD,Ingrid Landmark,91421,Norway
4802350.0,HUGHES,Jarryd,95230,Australia
4802352.0,EFIMOVA,Yuliya,194639,ROC
4802352.0,EFIMOVA,Yuliya,92343,Russia
4802353.0,IWAMOTO,Shohei,92323,Japan
4802354.0,CARTON,Louise,91068,Belgium
4802355.0,QIU,Leng,96573,China
4802356.0,LITVIN,Mikhail,91386,Kazakhstan
4802477.0,JIN,Minsub,96937,Republic of Korea
4802480.0,LIRA,Luana,94635,Brazil
4802489.0,KÖIV,Kauri,92297,Estonia
4802532.0,MURPHY,Tucker,93720,Bermuda
4802543.0,KLEIN,Lisa,98857,Germany
4802545.0,CÁ,Liliana,91452,Portugal
4802560.0,HUGHES,Matthew,91425,Canada
4802561.0,LABECKI,Coryn,95637,United States
4802563.0,DADIC,Edi,93321,Croatia
4802600.0,MORAVEC,Ondrej,91429,Czech Republic
4802617.0,RIVEROS,Gaspar,92023,Chile
4802630.0,PANCHISHKO,Krystyna,99629,Ukraine
4802633.0,STOLYAROVA,Ekaterina,170773,Olympic Athlete from Russia
4802660.0,WILLETT,Danny,92268,Great Britain
4802713.0,ZHONG,Tianshi,91404,China
4802734.0,CHEN,Shi,95175,China
4802741.0,SARAIVA,Flávia,91777,Brazil
4802745.0,HEMTHON,Vitiny,95311,Cambodia
4802783.0,HASBI,Muhammad,92101,Indonesia
4802814.0,KUSTOVA,Alexandra,161312,Olympic Athlete from Russia
4802814.0,KUSTOVA,Alexandra,201551,ROC
4802876.0,CABRERA,Lani,91073,Barbados
4802888.0,STANCIL,Felicia,101310,United States
4802978.0,TEJEDA,Gladys,92612,Peru
4803036.0,BERTI,Gian Marco,91499,San Marino
4803155.0,PAVLICHENKO,Semen,164517,Olympic Athlete from Russia
4803155.0,PAVLICHENKO,Semen,201555,ROC
4803171.0,LUIK,Lily,92083,Estonia
4803203.0,NASRETDINOVA,Rozaliya,92343,Russia
4803243.0,HÜFNER,Tatjana,91469,Germany
4803279.0,SEIDLER,Phillip,101924,Namibia
4803344.0,SCHMIDT,Stefan Due,101292,Denmark
4803411.0,PLANELL,Diamara,92292,Puerto Rico
4803442.0,KOCHNEV,Gerasim,92349,Uzbekistan
4803552.0,ZHANATBEK,Gulzhanat,91386,Kazakhstan
4803580.0,CORATTI,Edwin,91794,Italy
4803581.0,RAMÍREZ,Santiago,90471,Colombia
4803736.0,DOLS,Keanan,95218,Jamaica
4803850.0,NASSIF,Christian,93371,Central African Republic
4803865.0,HASSANI,Maryam,96321,Bahrain
4804030.0,MOWINCKEL,Ragnhild,91509,Norway
4804059.0,DIAGO,Sahily,89943,Cuba
4804067.0,SAFITRI,Dewi,92101,Indonesia
4804084.0,COUTO,Kurt,96370,Mozambique
4804136.0,CHELANGAT,Sheila,95235,Kenya
4804149.0,SEIDL,Mario,91995,Austria
4804175.0,DOS SANTOS,Marilson,96363,Brazil
4804191.0,MARTÍNEZ,Lois Maikel,95223,Spain
4804194.0,BOR,Hillary,91849,United States
4804209.0,SHI,Tingmao,89939,China
4804221.0,ODER,Tjaša,89908,Slovenia
4804302.0,RODRÍGUEZ,Gabriela,91418,Mexico
4804357.0,RODRIGUEZ,Sophie,96922,France
4804363.0,LITI,David,92250,New Zealand
4804430.0,CHANAVAT,Lucas,95262,France
4804456.0,SOLAECHE,Eduardo,91571,Spain
4804469.0,CARTER,Deuce,95237,Jamaica
4804511.0,TEFERI,Senbere,94034,Ethiopia
4804606.0,NTANOU,Maria,92280,Greece
4804625.0,CORCHETE,Luis Manuel,95223,Spain
4804698.0,MAFFEI,Alberto,91794,Italy
4804746.0,KLEMENTOVÁ,Barbora,92029,Slovakia
4804933.0,LUO,Na,89910,China
4804940.0,DENIFL,Stefan,98862,Austria
4804968.0,CHENG,Camille,94465,"Hong Kong, China"
4805143.0,ABDELSAMIE,Karim,99187,Egypt
4805194.0,RENDON,Ana Maria,95866,COL
4805244.0,JALLOH,Bunturabie,92977,Sierra Leone
4805303.0,JI,Xinjie,91428,China
4805336.0,DRACK,Jonathan,92780,Mauritius
4805381.0,GOULÃO HENRIQUE,Raiza,91032,Brazil
4805535.0,FREIMUTH,Rico,94474,Germany
4805582.0,PRIETO,Marcela,98874,Mexico
4805611.0,SEMENOVA,Nataliya,91581,Ukraine
4805632.0,SIMON,Julia,95788,France
4805646.0,POLIAKOVÁ,Terezia,92348,Slovakia
4805719.0,TROST,Alessia,91594,Italy
4805725.0,SCHOTT,Nicole,92103,Germany
4805726.0,KALNINS,Uvis,91552,Latvia
4805766.0,US,Viktoriia,99194,Ukraine
4805776.0,GRIGOROVA,Mariya,94077,Kazakhstan
4805790.0,BOARDMAN,Ernesto,95784,Mexico
4805847.0,NJÅTUN,Ida,101293,Norway
4805850.0,WIERLING,Damian,92362,Germany
4805862.0,PARIS,Dominik,96391,Italy
4805871.0,CRESS,Mariana,92940,Marshall Islands
4805878.0,JOSEPH,Stanley,91520,France
4805904.0,ALRASHIDI,Abdullah,95268,Independent Olympic Athlete
4805904.0,ALRASHIDI,Abdullah,91366,Kuwait
4805928.0,SILVA,Yarisley,89943,Cuba
4805982.0,JEZERŠEK,Barbara,95225,Australia
4805984.0,JASIUNAS,Rytis,95190,Lithuania
4805987.0,KAPTUR,Vadim,91573,Belarus
4805999.0,CHEN,Stephenie,93098,Singapore
4806006.0,KADYROVA,Gulnabat,94053,Turkmenistan
4806042.0,JUNIOR SOUTA,Vagner,95220,Brazil
4806044.0,JAMBOZORG,Mahlagha,93115,Iran
4806059.0,TAKAHARA,Yoshiki,91769,Japan
4806065.0,SUGUIMATI,Mahau,96363,Brazil
4806134.0,GHASEMI,Reza,93136,Iran
4806174.0,VAN SCHUERBEECK,Willem,91068,Belgium
4806178.0,MAGGETTI,Marta,91740,Italy
4806179.0,WILLIAMS,Kimberly,95237,Jamaica
4806182.0,TRABER,Gregor,94474,Germany
4806236.0,DOMÍNGUEZ,Patricia,91792,Mexico
4806298.0,LEFEBVRE,Jules,94050,Canada
4806338.0,EDALLI,Ludovico,94443,ITA
4806372.0,DAS,Anice,93590,Netherlands
4806389.0,CUTTS,Luke,92761,Great Britain
4806423.0,WENG,Lotta Udnes,94487,Norway
4806431.0,PÉTRÉ,Ward,91039,Belgium
4806458.0,DU PREEZ,Charlene,92746,South Africa
4806522.0,MOLINA,Gonzalo Nahuel,94316,Argentina
4806569.0,FORBES-CRYANS,Bradley,90492,Great Britain
4806602.0,LÓPEZ,Jessica,92329,Venezuela
4806629.0,MIKHOU,Alsadik,95288,Bahrain
4806645.0,LISEK,Piotr,96888,Poland
4806684.0,NANDA,Srabani,91760,India
4806710.0,QUINN,Ian,94702,United States
4806773.0,APARJODE,Kendija,92325,Latvia
4806822.0,GEORGIOU,Marios,94641,Cyprus
4806839.0,RANGELOVA,Nina,91601,Bulgaria
4806891.0,ZABAWSKA,Daria,96888,Poland
4806892.0,DE KERANGAT,Mathilde,91359,France
4806899.0,KLÆBO,Johannes Høsflot,94487,Norway
4806903.0,HADALIN,Štefan,96892,Slovenia
4806954.0,BUTTERWORTH,Alycia,91425,Canada
4806958.0,NOVOSAD,Anastasiya,91353,Ukraine
4806959.0,HRABARENKA,Elvira,91502,Belarus
4806968.0,SCULLION,Stephen,96910,Ireland
4807022.0,WILLIAMS,Harrison,91849,United States
4807027.0,STEINER,Sylvia,91443,Austria
4807068.0,BARNETT,Tarasue,95237,Jamaica
4807372.0,CHALMERS,Kyle,91357,Australia
4807403.0,FLOCK,Janine,91724,Austria
4807405.0,GREEN,Hannah,92777,Australia
4807462.0,CROUSER,Ryan,91849,United States
4807564.0,UPTAGRAFFT,Sandra,95182,United States
4807582.0,TERAMURA,Miho,95181,Japan
4807584.0,PREBBLE,Jamie,99966,New Zealand
4807616.0,STALHEIM,Jesper,92096,Sweden
4807628.0,DE LIMA,Jailma,96363,Brazil
4807667.0,WRIGHT,Chad,95237,Jamaica
4807679.0,FERNÁNDEZ,Alberto,91458,Spain
4807722.0,JAMES,Scotty,95230,Australia
4807755.0,FOUDJI,Sonkbou,96964,Cameroon
4807785.0,PAJIC,Dejan,94524,Serbia
4807834.0,KIM,Hyo Joo,91969,Republic of Korea
4807871.0,CRAWFORD,Rosanna,92064,Canada
4807927.0,KOVALENKO,Nazar,91581,Ukraine
4807932.0,JIN,Jingzhu,98001,China
4807936.0,CHANYIM,Kamolwan,95207,Thailand
4807958.0,SEMENIC,Anže,94672,Slovenia
4807977.0,KUSMUK,Sanja,96562,Bosnia & Herzegovina
4808031.0,GAO,Yang,89910,China
4808177.0,DRISCOLL,Katherine,91329,Great Britain
4808235.0,DE OLIVEIRA,João Vitor,96363,Brazil
4808271.0,RODRÍGUEZ,Yorgelis,89943,Cuba
4808288.0,WESTERHEIM,Malin,91321,Norway
4808292.0,SMITH,Teray,96929,Bahamas
4808300.0,SKIERKA,Jakub,94476,Poland
4808333.0,SCHMID,Jan,94456,Norway
4808378.0,FUKUSHIMA,Chisato,91841,Japan
4808420.0,VAN DER BREGGEN,Anna,99397,Netherlands
4808495.0,SUNDSTRÖM,Simon,91373,Sweden
4808520.0,HOWARD,Jade,93370,Zambia
4808529.0,MURPHY,Annalise,94017,Ireland
4808531.0,PRIEDULENA,Lelde,92042,Latvia
4808536.0,ZYLA,Piotr,93126,Poland
4808598.0,RIEGLER,Claudia,91417,Austria
4808627.0,MOSER,Angelica,95229,Switzerland
4808660.0,FELIX BOYER,Alysbeth,92292,Puerto Rico
4808692.0,BOSLAK,Vanessa,91520,France
4808699.0,SHERIF,Seif Asser,93843,Egypt
4808733.0,SPIRIG,Nicola,92098,Switzerland
4808736.0,FERNON,Edward,91563,Australia
4808745.0,KHUDZENKA,Volha,92298,Belarus
4808792.0,BARGERON,Michael,95224,Great Britain
4808800.0,SEIBOU,Laraiba,92802,Benin
4808838.0,HSIAO,Mei Yu,96868,Chinese Taipei
4808907.0,STRETOVICH,Ivan,96404,Russia
4808913.0,BRACHI,Josue,95782,Spain
4808968.0,KIPLAGAT,Benjamin,91575,Uganda
4808971.0,PÉREZ,Paola,99641,Venezuela
4809015.0,RINDOM,Anne-Marie,91539,Denmark
4809042.0,SOBERS,Alex,91073,Barbados
4809067.0,PORTER,Tiffany,92761,Great Britain
4809211.0,DRATTSEV,Evgeny,108279,Russia
4809340.0,MESSIAS,Manoel,91768,Brazil
4809353.0,ASKEROV,Aleksandr,194738,ROC
4809410.0,BIRKNER DE MIGUEL,Tomás,92339,Argentina
4809436.0,CHEN,Dongqi,92331,China
4809453.0,GODOY,Rosa,94602,Argentina
4809474.0,LOBO,Joaquim,97312,Mozambique
4809555.0,WILSON,Bradley,94642,United States
4809569.0,TANAKA,Yurie,94485,Japan
4809601.0,BIANCHI,Ilaria,91971,Italy
4809628.0,THOMPSON,Lexi,94484,United States
4809730.0,CAUSIL,Pedro,105286,Colombia
4809741.0,HARGIN,Mattias,92322,Sweden
4809804.0,CAMPBELL,Amber,91849,United States
4809941.0,SULLIVAN,Erica,95184,United States
4809945.0,HÄRLE,Isabelle,101044,Germany
4809970.0,FANOUS,Lawrence,92863,Jordan
4810146.0,TSIAMIS,Dimitrios,97537,Greece
4810156.0,FUMIC,Manuel,91399,Germany
4810158.0,HOLMER,Erik,94663,Sweden
4810185.0,TIKHONOVA,Olga,92578,Kazakhstan
4810197.0,POLYANSKIY,Dmitry,92771,Russia
4810197.0,POLYANSKIY,Dmitry,194739,ROC
4810211.0,DISERA,Peter,96342,Canada
4810311.0,BUJIN,Cristina,91838,Romania
4810335.0,BIRD,Elizabeth,92761,Great Britain
4810345.0,CRAWFORD,James,95279,Canada
4810394.0,ZDOUC,Dunja,91415,Austria
4810451.0,MUCCI,Celeste,96375,Australia
4810497.0,SÁNCHEZ,Mariely,91442,Dominican Republic
4810524.0,MACLENNAN,Rosannagh,94656,Canada
4810598.0,ABEL,Jennifer,94084,Canada
4810679.0,AVRAMOVA,Ekaterina,92048,Türkiye
4810731.0,GASKIN,Hannibal,95309,Guyana
4810753.0,KEREKES,Gréta,91810,Hungary
4810768.0,ALANAZI,Atallah,94654,Saudi Arabia
4810799.0,CAMPUZANO,Daniela,90479,Mexico
4810812.0,BERNARDELLI,Iwona,96888,Poland
4810863.0,KALOMIRIS,Michael,97537,Greece
4810939.0,MEŠIC,Kemal,94033,Bosnia & Herzegovina
4811032.0,BING,Thomas,96925,Germany
4811068.0,SCHLEU,Annika,91511,Germany
4811085.0,KLEMENCIC,Polona,91444,Slovenia
4811159.0,QUINTEROS,Rebeca,92973,El Salvador
4811175.0,KAMENEVA,Mariya,194639,ROC
4811209.0,PELLEGRINI,Federica,91971,Italy
4811229.0,CHENG,Michael,91592,"Hong Kong, China"
4811241.0,TOVKAI,Oleksandr,91439,Ukraine
4811262.0,LEE,Sang-Hwa,97997,Republic of Korea
4811313.0,INTHAVONG,Santisouk,92980,Laos
4811324.0,POUTALA,Mika,93589,Finland
4811387.0,AL RUMAIHI,Mohammed,94094,Qatar
4811597.0,KOSTNER,Carolina,91615,Italy
4811603.0,CAMPBELL,Bronte,91357,Australia
4811618.0,MILÁN,Diego,99400,Dominican Republic
4811635.0,WIESBERGER,Bernd,98185,Austria
4811653.0,KIM,Ho-Joon,92760,Republic of Korea
4811671.0,RIMAL,Hari Kumar,92946,Nepal
4811722.0,PINTADO,Brian,91997,Ecuador
4811765.0,HALL,James,94067,Great Britain
4811766.0,SANTOS,Rosângela,96363,Brazil
4811817.0,CHEN,Jie,91428,China
4811832.0,TRESPEUCH,Chloé,96922,France
4811839.0,MENSING,Jenny,92362,Germany
4811876.0,PARLOV KOŠTRO,Matea,91770,Croatia
4811930.0,KIELBASINSKA,Anna,96888,Poland
4811996.0,O'FARRILL,Yordan,89943,Cuba
4812018.0,MAIYO,Maureen Jelagat,95235,Kenya
4812040.0,MARTÍNEZ,Ángel,91598,Mexico
4812243.0,TSÁKONAS,Likoúrgos-Stéfanos,97537,Greece
4812270.0,DREW,Annalisa,94642,United States
4812280.0,NEILANDS,Krists,102351,Latvia
4812293.0,CARMO,Sara,91414,Portugal
4812312.0,LYLYNPERÄ,Katri,94041,Finland
4812325.0,DE GRASSE,Andre,91425,Canada
4812352.0,RIJKEN,Frank,96969,Netherlands
4812384.0,AMEGHINO,Sabrina,97547,Argentina
4812429.0,MOURCIA,Jean-Baptiste,90507,France
4812433.0,ORLOVA,Alexandra,170773,Olympic Athlete from Russia
4812439.0,ELGOHARI,Hala,92077,Egypt
4812456.0,HULA,Stefan,93126,Poland
4812483.0,KATZ,Andreas,96925,Germany
4812531.0,CALJA,Briken,96948,Albania
4812541.0,PORTE,Richie,95039,Australia
4812549.0,KENNY,Laura,89899,Great Britain
4812557.0,ALLIKVEE,Martin,94502,Estonia
4812795.0,KOPRON,Malwina,96888,Poland
4812851.0,ROMAR,Andreas,92111,Finland
4812870.0,SAKHARUK,Mariia,91581,Ukraine
4812875.0,BEHLOK,Allen,94019,Lebanon
4812917.0,KLOSTERHALFEN,Konstanze,94474,Germany
4812922.0,GARDELL,Stina,91826,Sweden
4812982.0,FOX,Noemie,94613,Australia
4812991.0,DASOR,Emmanuel,95193,Ghana
4813005.0,SÖDERBERG,David,92122,Finland
4813065.0,TAKAGI,Miho,93591,Japan
4813074.0,MING-NUFER,Priska,94036,Switzerland
4813099.0,KOTHARI,Kyle,89933,Great Britain
4813104.0,DOWNEY,Mark,91033,Ireland
4813138.0,RÖSKEN,Eva,91640,Germany
4813142.0,SUZUKI,Saori,92019,Japan
4813207.0,HANSON,Lauretta,95039,Australia
4813336.0,RADIVILOVA,Angelina,91376,Ukraine
4813396.0,EKTOVA,Yekaterina,91386,Kazakhstan
4813437.0,LÓPEZ,Jesús Tonatiu,93121,Mexico
4813462.0,VAN RIJSSELBERGHE,Dorian,91584,Netherlands
4813491.0,CABALLERO,Denia,89943,Cuba
4813493.0,GALVÁN,Laura,93121,Mexico
4813629.0,OGUNLEWE,Seye,97539,Nigeria
4813684.0,COLLOREDO,Sebastian,90509,Italy
4813772.0,BROL,Enrique,92766,Guatemala
4813775.0,PRUCKSAKORN,Tanyaporn,91361,Thailand
4813792.0,FIELDS,Connor,101310,United States
4813813.0,LEE,Seungyun,91328,Republic of Korea
4813823.0,ZHU,Renxue,89910,China
4813854.0,KUMMER,Patrizia,92367,Switzerland
4813855.0,DA CONCEIÇÃO TRISTE,Buly,97134,Sao Tome & Principe
4813860.0,GONZÁLEZ,Alberto,94092,Spain
4813894.0,OHHARA,Hiroto,93498,Japan
4813896.0,CRAVEN,Dan,105590,Namibia
4813902.0,CASSANDRO,Tammaro,91868,Italy
4813910.0,HOFFMAN,Noah,91559,United States
4813921.0,KOZÁK,Danusia,95242,Hungary
4813942.0,MAURUS,Harrison,92092,United States
4813966.0,STRAßER,Linus,92764,Germany
4813984.0,WAS,Artur,94308,Poland
4814015.0,SIDI MADANE,Fadwa,91445,Morocco
4814108.0,SWEETLAND,Kirsten,91732,Canada
4814144.0,HOCHREITER,Melanie,95203,Germany
4814178.0,YODER,Alec,92027,United States
4814268.0,COERTZEN,Willem,91331,South Africa
4814283.0,WEBSTER,Sonny,91864,Great Britain
4814304.0,KPEGBA,Eméric,92968,Togo
4814307.0,NESTVOLD-HAUGEN,Leif Kristian,91509,Norway
4814308.0,FEUZ,Beat,94036,Switzerland
4814343.0,MACLEAN,Brittany,91621,Canada
4814357.0,SMITH,Leah,95184,United States
4814403.0,SHADALOV,Hamsat,11160,Germany
4814408.0,KRUKOWSKI,Marcin,96888,Poland
4814421.0,PHIRI,Gerald,96376,Zambia
4814430.0,JOENSEN,Pal,91774,Denmark
4814439.0,KLAVER,Lieke,91854,Netherlands
4814440.0,CARR,Amanda,93899,Thailand
4814446.0,KURUKULASOORIYAGE,Anton,93454,Sri Lanka
4814451.0,PRILEPOV,Anton,91385,Belarus
4814459.0,DE MORAIS,Andressa,96363,Brazil
4814504.0,BEAUGRAND,Cassandre,91855,France
4814510.0,BENJAMIN,Rai,91849,United States
4814560.0,SHEK,Wai Hung,92216,HKG
4814637.0,OLIVEIRA,Vitória,91452,Portugal
4814650.0,BOWIE,Tori,91849,United States
4814668.0,LEVIN-ANDERSSON,Rickard,92074,Sweden
4814692.0,TREGUBOV,Nikita,166557,Olympic Athlete from Russia
4814696.0,ODA,Takuro,93591,Japan
4814888.0,ARAYA,Edward,91472,Chile
4814895.0,WAGNER-GYÜRKÉS,Viktória,91810,Hungary
4814962.0,PESCHIERA,Stefano,92915,Peru
4814982.0,NAVARRO LOZA,Dafne,93676,Mexico
4814985.0,SKACHOVA,Monika,92299,Slovakia
4815019.0,PROKOPCUKA,Jelena,89947,Latvia
4815026.0,GUTIÉRREZ,Allan,92812,Honduras
4815094.0,LESSER,Erik,91837,Germany
4815103.0,ALEKSANYAN,Ruben,91980,Armenia
4815112.0,ATHOUMANE,Soule Soilihi,93375,Comoros
4815218.0,HALIM,Muhammad,92145,Virgin Islands
4815246.0,AREVALO,Carlos,91881,Spain
4815301.0,ZHANG,Binbin,92331,China
4815306.0,SUN,Jiajun,91428,China
4815374.0,CALLE,María Elena,91997,Ecuador
4815441.0,NOENS,Nastasia,92765,France
4815490.0,PÉNI,István,94477,Hungary
4815502.0,PULKKANEN,Tapio,92869,Finland
4815516.0,THEINER,Wojciech,96888,Poland
4815544.0,ZEVINA,Daryna,89938,Ukraine
4815587.0,DETRAZ,Romain,96896,Switzerland
4815611.0,PHILP,Trevor,95279,Canada
4815622.0,KAMARA,Hafsatu,92119,Sierra Leone
4815639.0,OSMOND,Kaetlyn,94623,Canada
4815895.0,DOSTAL,Josef,94611,Czech Republic
4815912.0,QUIGLEY,Colleen,91849,United States
4815917.0,BERTOCCHI,Elena,94640,Italy
4815919.0,MEECH,Sam,90495,New Zealand
4816049.0,YU,Jingyao,91428,China
4816068.0,ANDRUSENKO,Viacheslav,92343,Russia
4816079.0,SCHLIERENZAUER,Gregor,94661,Austria
4816184.0,BRANNEN,Nathan,91425,Canada
4816193.0,KARWACKA,Marlena,91481,Poland
4816203.0,WEVERS,Sanne,96969,Netherlands
4816215.0,ETÈS,Brice,92937,Monaco
4816258.0,AMBÜHL,Elias,96896,Switzerland
4816277.0,AZIMOV,Abdulla,92258,Uzbekistan
4816282.0,BLOUIN,Laurie,94050,Canada
4816284.0,LOO,Phay Xing,91336,Malaysia
4816323.0,TARASOVA,Yuliya,91434,Uzbekistan
4816337.0,BROWN,Myles,94594,South Africa
4816350.0,SMIKLE,Traves,95237,Jamaica
4816352.0,WENG,Heidi,94487,Norway
4816359.0,NIHORIMBERE,Célestin,92934,Burundi
4816360.0,CRITCHLOW,Tess,94050,Canada
4816372.0,DAHLE FLESJÅ,Gunn-Rita,92740,Norway
4816374.0,LOKKEN,Zachary,92873,United States
4816405.0,RAILEY,Paige,96400,United States
4816462.0,HEINLE,Fabian,94474,Germany
4816473.0,BELLÒ,Elena,91594,Italy
4816489.0,RIBOUEM,Simplice,89937,Australia
4816490.0,BOUDIA,David,91613,United States
4816523.0,PAPAIOANNOU,Ramona,96373,Cyprus
4816529.0,BUBNOVICH,Vitali,89928,Belarus
4816566.0,LINDFORS,Anton,91852,Finland
4816595.0,NEOFYTOU,Sotiria,95192,Cyprus
4816610.0,ROULIN,Gilles,94036,Switzerland
4816629.0,HAMBLIN,Nikki,95176,New Zealand
4816649.0,AMARE,Hailemariyam,94034,Ethiopia
4816657.0,RAHMAN,Mohammad Mahfizur,92167,Bangladesh
4816662.0,HÆGSTAD,Erik,92740,Norway
4816786.0,GIDEY,Letesenbet,94034,Ethiopia
4816811.0,PIROZZI,Stefania,91971,Italy
4816812.0,HARJULA,Tuomas,92563,Finland
4816826.0,VLASOV,Fedor,91639,Russia
4816915.0,FLÜCKIGER,Mathias,91480,Switzerland
4816934.0,PEŠIC,Darko,94371,Montenegro
4816952.0,HERRMANN,Graciele,95178,Brazil
4816958.0,HUA,Shaoqing,89910,China
4817011.0,ARTEAGA,Jose Mauricio,91997,Ecuador
4817034.0,MOROZOV,Vladimir,194639,ROC
4817034.0,MOROZOV,Vladimir,92343,Russia
4817040.0,MEFFORD,Bryce,95184,United States
4817102.0,GLASDER,Michael,94066,United States
4817128.0,WASEK,Pawel,93126,Poland
4817150.0,NIELSEN,Lina,92761,Great Britain
4817158.0,MANIFICAT,Maurice,95262,France
4817164.0,SVENSSON,Marcus,92074,Sweden
4817257.0,DRESSEL,Caeleb,95184,United States
4817259.0,VAN ZYL,Jaco,95785,South Africa
4817263.0,SHATALOVA,Mariya,91581,Ukraine
4817274.0,HURSKE,Reetta,92122,Finland
4817312.0,SCHWARZBAUER,Luca,91399,Germany
4817351.0,STASSEL,Ryan,92538,United States
4817362.0,AL ATTIYAH,Nasser,94094,Qatar
4817368.0,SCARVELIS,Nicholas,97537,Greece
4817372.0,BENEDETTI,Michele,94640,Italy
4817382.0,LYRIO,Manuella,95178,Brazil
4817402.0,DURDIAKOVÁ,Tereza,91602,Czech Republic
4817407.0,TERTSCH,Lisa,91498,Germany
4817455.0,BERTHON,Laurie,96340,France
4817486.0,TANAKA,Tomomi,91841,Japan
4817487.0,RODRÍGUEZ,Lucía,95223,Spain
4817492.0,VALCEPINA,Martina,92553,Italy
4817504.0,SINTNICOLAAS,Eelco,91854,Netherlands
4817510.0,MEHELBA,Azmy,92077,Egypt
4817544.0,HARTING,Robert,94474,Germany
4817615.0,THOVEX,Mirabelle,96922,France
4817663.0,HURTADO,David,91997,Ecuador
4817747.0,COLOGNA,Dario,92781,Switzerland
4817769.0,PAQUET,Charles,91732,Canada
4817855.0,ZHU,Xueying,100771,China
4817867.0,HUCK,Erin,94014,United States
4817870.0,SAKAMOTO,Kaori,89921,Japan
4817918.0,TOME,Takanori,97564,Japan
4817936.0,MIKULAK,Samuel,92027,United States
4817949.0,DELGADILLO,Daniel,108281,Mexico
4817970.0,MANSOUR,Reem,101302,Egypt
4817977.0,DECHASA,Shumi,95288,Bahrain
4817993.0,AHMED,Abdelaziz,92964,Sudan
4817995.0,THORN,Viktor,94446,Sweden
4818000.0,REBENSBURG,Viktoria,92764,Germany
4818068.0,HROVAT,Meta,96892,Slovenia
4818121.0,GRIMUS,Anton,91375,Australia
4818144.0,PHOUTTHAVONG,Laenly,95291,Laos
4818202.0,CARRUTHERS,Heather,97784,Canada
4818245.0,GAFINOVITZ,Rotem,98868,Israel
4818256.0,COLLINS,Tiarn,91453,New Zealand
4818265.0,BORGES,Felipe,92891,Brazil
4818284.0,WALKER-HEBBORN,Chris,95254,Great Britain
4818482.0,PANDEV,Riste,92148,North Macedonia
4818539.0,PÉREZ,Richer,89943,Cuba
4818591.0,GEORGE,Patience Okon,97539,Nigeria
4818619.0,SOBOL,Kristina,194613,ROC
4818647.0,LIU,Yaxin,91428,China
4818650.0,TIAPKIN,Ilya,92895,Kyrgyzstan
4818669.0,RICCHETTI,Alberto,94606,Italy
4818695.0,CHABOWSKI,Marcin,96888,Poland
4818718.0,JANDARD,Alexis,91493,France
4818772.0,ARNDT,Nikias,98857,Germany
4818793.0,CAMPBELL,Taylor,92761,Great Britain
4818800.0,MADARÁSZ,Viktória,91810,Hungary
4818809.0,ENGLISH,Mark,96910,Ireland
4818831.0,BEAVER,Josh,91357,Australia
4818874.0,GHRIBI,Habiba,96919,Tunisia
4819013.0,CHOI,Jae-Woo,96836,Republic of Korea
4819031.0,ABDEL RAZEK,Samy,92077,Egypt
4819082.0,O'SHEA,Glenn,92742,Australia
4819148.0,OLSEN,Steffen,95250,Denmark
4819163.0,MURILLO,Jorge,92003,Colombia
4819180.0,GÓMEZ,Fabián,92217,Argentina
4819212.0,POPOVIC,Leona,94646,Croatia
4819222.0,LEE,Taehoon,92753,Republic of Korea
4819233.0,WHITMORE,Mitchell,94702,United States
4819247.0,SHARP,Lynsey,92761,Great Britain
4819264.0,BESSAGUET,Clément,90493,France
4819273.0,RODAS,Manuel,99396,Guatemala
4819278.0,SCHEFFLER,Scottie,94484,United States
4819307.0,ZHAMBALOVA,Alisa,170910,Olympic Athlete from Russia
4819346.0,MANGANELLO,Mia,94702,United States
4819406.0,SINTSOV,Anton,194740,ROC
4819406.0,SINTSOV,Anton,91479,Russia
4819433.0,KOALA,Marthe,97585,Burkina Faso
4819446.0,EFREMENKOVA,Ekaterina,201556,ROC
4819446.0,EFREMENKOVA,Ekaterina,163939,Olympic Athlete from Russia
4819490.0,BOURAS,Hamza,93361,Algeria
4819577.0,GORŠA,Petar,92770,Croatia
4819583.0,SZTANDERA,Dominika,94476,Poland
4819594.0,MUFFAT-JEANDET,Victor,92765,France
4819670.0,BLEVINS,Christopher,94014,United States
4819700.0,ALMACHI,Miguel,91997,Ecuador
4819704.0,MASCITTO,Cynthia,92553,Italy
4819707.0,BERGMANN,Alexander,95203,Germany
4819768.0,CREVAR,Anja,94520,Serbia
4819872.0,POORT,Jarrod,103841,Australia
4819896.0,AKGÜN,Ömer,92561,Türkiye
4819926.0,VALENTE,Ailen,94449,Argentina
4819953.0,KROTOV,Pavel,170773,Olympic Athlete from Russia
4820013.0,KOULOURIS,Dimitrios,94631,Greece
4820014.0,DICKSON,Kylie Rei,94031,Belarus
4820043.0,VAN COEVORDEN,Natalie,91994,Australia
4820061.0,HUDDLESTON,David,95180,BUL
4820070.0,WALSH,Julian,91841,Japan
4820085.0,INSAENG,Subenrat,92143,Thailand
4820086.0,MUSCAT,Nicola,93378,Malta
4820092.0,MAJOR,Billy,92591,Great Britain
4820109.0,VALLADONT,Jean-Charles,92105,FRA
4820175.0,HANNIS,Molly,95184,United States
4820189.0,KIPROP,Helah,95235,Kenya
4820223.0,KLINGLER,Petra,101463,Switzerland
4820285.0,ŠTUHEC,Ilka,96892,Slovenia
4820304.0,PANZHINSKIY,Alexander,170910,Olympic Athlete from Russia
4820323.0,WEVERS,Lieke,96969,Netherlands
4820348.0,ANNEN,Priscillia,96896,Switzerland
4820354.0,SAKÇI,Emre,92048,Türkiye
4820381.0,REID,James,90485,South Africa
4820455.0,POGHOSYAN,Sona,91980,Armenia
4820501.0,YU,Wei,89910,China
4820530.0,CHOI,Kyu-Woong,92558,Republic of Korea
4820548.0,VIDEAUX,Marcia,96956,Cuba
4820554.0,PISKUNOV,Hlib,91581,Ukraine
4820583.0,LESAFFRE,Fantine,89925,France
4820600.0,GASUNA,Lelde,91489,Latvia
4820632.0,CLONAN,Kristina,92742,Australia
4820644.0,KONTIDES,Pavlos,91474,Cyprus
4820646.0,KIM,Jangmi,92351,Republic of Korea
4820658.0,BALAZ,Boris,94861,Slovakia
4820699.0,MILNE,Stephen,95254,Great Britain
4820766.0,FERSTL,Josef,92764,Germany
4820797.0,LAUGHER,Jack,89933,Great Britain
4820912.0,FAULKNER,Kristen,95637,United States
4820962.0,VALVERDE,Alejandro,95650,Spain
4820968.0,HAUKE,Max,96382,Austria
4821043.0,KOLESNYCHENKO,Olena,91581,Ukraine
4821126.0,GONZÁLEZ,Rodrigo,96951,Mexico
4821161.0,MIELLET,Alexis,91520,France
4821181.0,DUPLANTIS,Armand,91373,Sweden
4821254.0,VERMEULEN,Jochem,91068,Belgium
4821285.0,DAY,Jason,92777,Australia
4821291.0,MIHALACHI,Victor,97532,Romania
4821310.0,STORL,David,94474,Germany
4821344.0,CARRO,Fernando,95223,Spain
4821360.0,GISLER,Joel,96896,Switzerland
4821367.0,MELO,Luiz Altamir,95178,Brazil
4821490.0,KALAPOS,Zoe,92538,United States
4821521.0,VAN GORKOM,Jelle,93603,Netherlands
4821546.0,DIRO,Etenesh,94034,Ethiopia
4821590.0,LEE,Danny,89917,New Zealand
4821626.0,SUNDBY,Martin Johnsrud,94487,Norway
4821710.0,ARAYA,Yerko,91472,Chile
4821732.0,SCANTLING,Garrett,91849,United States
4821736.0,RAPPAPORT,Summer,95777,United States
4821837.0,BROEDERS,Ben,91068,Belgium
4821842.0,CLAY,Zachary,92018,Canada
4821887.0,PEACOCK,Hamish,96375,Australia
4821926.0,EREWA,Robin,94474,Germany
4821965.0,CLARKE,Simon,95039,Australia
4821994.0,SEO,Myung Joon,96836,Republic of Korea
4822034.0,MALDONIS,Mindaugas,95172,Lithuania
4822114.0,VIVIANI,Elia,90117,Italy
4822114.0,VIVIANI,Elia,95033,Italy
4822153.0,VOM LEHN,Christian,92362,Germany
4822180.0,BURKHALTER,Joscha,96387,Switzerland
4822199.0,MATTHEW,Catriona,92268,Great Britain
4822262.0,JIN,Jongoh,92351,Republic of Korea
4822281.0,LEE,Si-Hyeong,91042,Republic of Korea
4822341.0,LEISHMAN,Marc,92777,Australia
4822357.0,ULRICH,Marek,92362,Germany
4822359.0,LAMBARKI,Hayat,91445,Morocco
4822363.0,SHIBA,Masaki,91769,Japan
4822388.0,TROFIMOV,Sergey,166947,Olympic Athlete from Russia
4822388.0,TROFIMOV,Sergey,201553,ROC
4822398.0,MUSHTAKOV,Viktor,201553,ROC
4822400.0,BOYER,Kevin,93122,Canada
4822407.0,HOSHINO,Junko,92019,Japan
4822416.0,LOCHTE,Ryan,95184,United States
4822453.0,KROMOWIDJOJO,Ranomi,95179,Netherlands
4822501.0,YAMASHITA,Toshikazu,91618,Japan
4822527.0,MORADI,Mohammad Jaafar,93136,Iran
4822599.0,PHILLIPS,Liam,101308,Great Britain
4822631.0,ŠTROBINDERS,Rolands,89947,Latvia
4822636.0,DALLENBACH,Alexandre,91556,Switzerland
4822710.0,JONES,Aislin,96380,Australia
4822727.0,HOSTETLER,Cyrus,91849,United States
4822807.0,ARU,Fabio,95033,Italy
4822850.0,HRIVNÁK KLOCOVÁ,Lucia,91884,Slovakia
4822877.0,SUGIHARA,Aiko,94494,Japan
4822938.0,PERVIS,François,96340,France
4823011.0,MITREVSKI,Christopher,96375,Australia
4823041.0,AUZEIL,Bastien,91520,France
4823076.0,BI,Kun,91462,China
4823115.0,REID,Chris,94594,South Africa
4823137.0,ARAI,Hirooki,91841,Japan
4823148.0,DE BOD,Stefan,95044,South Africa
4823155.0,WILBY,James,95254,Great Britain
4823178.0,DZIOMINSKAYA,Karyna,91385,Belarus
4823216.0,BULATOVIC,Marija,95419,Montenegro
4823224.0,MATEOS,Matheo,98161,Paraguay
4823248.0,JOHNSTONE,Nathan,95230,Australia
4823352.0,FYODOROVA,Alina,91581,Ukraine
4823362.0,JEONG,Hae-Rim,92760,Republic of Korea
4823374.0,BALOYES,Bernardo,91368,Colombia
4823401.0,ENGLEDER,Barbara,91640,Germany
4823441.0,MARTIN,Daniel,99391,Ireland
4823467.0,KORIR,Isaac,95288,Bahrain
4823475.0,PITMAN,Bryony,91625,Great Britain
4823498.0,WAHRSTÖTTER,Christoph,90490,Austria
4823593.0,GUAMÁN,Maritza,91997,Ecuador
4823608.0,BYKOVA,Milena,200954,ROC
4823608.0,BYKOVA,Milena,170911,Olympic Athlete from Russia
4823613.0,RAZÝM,Aleš,91603,Czech Republic
4823614.0,RAZZOLI,Giuliano,96391,Italy
4823621.0,KOUSKOVÁ,Sára,98178,Czech Republic
4823648.0,CISSÉ,Arthur,91544,Côte d'Ivoire
4823665.0,ROSS,Laurenne,91818,United States
4823676.0,VERVAET,Imke,91068,Belgium
4823699.0,JEREZ,Caridad,95223,Spain
4823712.0,RUIZ,Flor,91368,Colombia
4823730.0,SHIRAI,Kenzo,94494,Japan
4823740.0,MONTLER,Thobias,91373,Sweden
4823768.0,NETTEY,Christabel,91425,Canada
4823782.0,WESTON-WEBB,Tatiana,99976,Brazil
4823820.0,INGLEY,Alice,92749,AUS
4823884.0,GURROLA,Eva,91792,Mexico
4823962.0,RATCLIFFE,Julia,95176,New Zealand
4823985.0,PLASSCHAERT,Emma,95204,Belgium
4824065.0,GAVIRIA,Juliana,90471,Colombia
4824078.0,CERVERA,Louise,91359,France
4824089.0,YEE,Julian,94899,Malaysia
4824164.0,OLSEN,Shallon,92018,Canada
4824169.0,KANGAS,Joona,97559,Finland
4824209.0,JAFAROV,Emin,91836,Azerbaijan
4824230.0,JÓZWIK,Joanna,96888,Poland
4824295.0,CASAÑAS,Frank,95223,Spain
4824319.0,ARMBRUSTER HUMPHRIES,Kaillie,92583,United States
4824336.0,ÁLVAREZ,Yenny,91454,Colombia
4824346.0,KIMELI,Isaac,91068,Belgium
4824363.0,SMIRNOVA,Yekaterina,93521,Kazakhstan
4824379.0,JACQUELIN,Emilien,95788,France
4824397.0,ZDRAVKOVA,Maria,91541,Bulgaria
4824417.0,HUANG,Bokai,89910,China
4824438.0,KIM,Chloe,92538,United States
4824457.0,ROGERS,Brittany,92018,Canada
4824499.0,MAZELLA,Axel,91359,France
4824510.0,GOBAUX,Julien,95194,France
4824540.0,OLYUNIN,Nikolay,170911,Olympic Athlete from Russia
4824605.0,TAKAHASHI,Eiki,91841,Japan
4824644.0,MCEACHRAN,Evan,91843,Canada
4824686.0,LÓPEZ,Miguel Ángel,95223,Spain
4824722.0,GARCÍA,Jesús Ángel,95223,Spain
4824753.0,KIRSANOVA,Viktoria,194740,ROC
4824761.0,ABBASI,Forough,95804,Iran
4824893.0,DAUWENS,Axelle,91068,Belgium
4824970.0,RICHMOND,Joshua,95182,United States
4824992.0,FRASER-HOLMES,Thomas,91357,Australia
4825154.0,BATSARASHKINA,Vitalina,194614,ROC
4825154.0,BATSARASHKINA,Vitalina,91639,Russia
4825162.0,LLANEZA,Alejandra,92914,Mexico
4825191.0,PREVC,Peter,94672,Slovenia
4825394.0,CHELANGAT,Mercyline,91575,Uganda
4825397.0,JELENKO,Marjan,97566,Slovenia
4825490.0,DUCHESNE,Antoine,105592,Canada
4825527.0,SUTER,Corinne,94036,Switzerland
4825639.0,RÁBA,Dániel,91810,Hungary
4825646.0,MCKINNA,Sophie,92761,Great Britain
4825647.0,KORTE,Sven,91640,Germany
4825701.0,ŽUNIC,Stipe,91770,Croatia
4825702.0,NAKAAYI,Halimah,91575,Uganda
4825708.0,SHIN,Donghyen,91524,Republic of Korea
4825743.0,OLIVEIRA,Nicolas,95178,Brazil
4825798.0,CHABBEY,Elise,95642,Switzerland
4825800.0,ROSOLOVÁ,Denisa,91602,Czech Republic
4825802.0,ZHU,Qinan,92331,China
4825831.0,LAZCANO,Begoña,91881,Spain
4825884.0,HEEMSKERK,Femke,95179,Netherlands
4825897.0,PRADES,Valentin,90507,France
4825911.0,TITENIS,Giedrius,90494,Lithuania
4825931.0,SUZUKI,Satomi,95181,Japan
4825980.0,ROBANSKE,Christopher,94050,Canada
4825982.0,NARIMANIDZE,Khatuna,92324,Georgia
4825997.0,FILIMONE,Siueni,92947,Tonga
4826026.0,LEPERT,Marion,96400,United States
4826054.0,GOUVEIA,Ricardo,93394,Portugal
4826089.0,GODWARD,Will,96380,Australia
4826105.0,BRANDSDAL,Eirik,94487,Norway
4826128.0,CAO,Yuan,89939,China
4826135.0,COPELAND,Leslie,91488,Fiji
4826139.0,WINKLER,Robert,90490,Austria
4826165.0,RIIBER,Jarl Magnus,94456,Norway
4826190.0,HLAVAN,Ihor,91581,Ukraine
4826223.0,YONG,Audrey,92053,Singapore
4826226.0,CHEPTOO,Violah,95235,Kenya
4826232.0,STEVENS,Darian,94642,United States
4826262.0,ICHER,Karine,93402,France
4826269.0,MAGISTRIS,Lucrezia,92758,Italy
4826291.0,DOHERTY,Sean,94039,United States
4826309.0,LOVELADY,Victoria,98177,Brazil
4826473.0,HAY,Hugo,91520,France
4826475.0,HANSEN,Are,91321,Norway
4826515.0,AFREMOVA,Natalia,195350,ROC
4826574.0,FORSON,Kaya,92165,Ghana
4826621.0,MAVRODIEVA,Radoslava,91802,Bulgaria
4826650.0,BRENNSTEINER,Stefan,92026,Austria
4826659.0,JENKINS,Helen,92070,Great Britain
4826685.0,GRACE,Kate,91849,United States
4826711.0,MOSIN,Vasily,91639,Russia
4826775.0,BASSINO,Marta,96391,Italy
4826834.0,BERGSMA,Jorrit,93590,Netherlands
4826855.0,TOLA,Tamirat,94034,Ethiopia
4826928.0,ILUSTRE,Joshua,97581,Guam
4826982.0,KOKKALANIS,Byron,91766,Greece
4826996.0,KIM,Sei Young,91969,Republic of Korea
4827041.0,YILMAZ,Tutya,93662,Türkiye
4827111.0,DOMRACHEVA,Darya,91776,Belarus
4827162.0,LAU,Claudia,94465,"Hong Kong, China"
4827198.0,ANDRADE,Jordin,95170,Cape Verde
4827292.0,KHARAZISHVILI,Daviti,92286,Georgia
4827301.0,ANASTASSIOU,Lucie,90493,France
4827310.0,FLORES,Brenda,93121,Mexico
4827385.0,YAZAWA,Aki,92033,Japan
4827409.0,SAIDIYEVA,Luiza,96395,Kazakhstan
4827474.0,JERVIS,Daniel,95254,Great Britain
4827489.0,FALK,Hanna,94446,Sweden
4827514.0,VALENCIA,Alejandra,95784,Mexico
4827526.0,GUZIK,Krystyna,94444,Poland
4827530.0,NORDGREN,Leif,94039,United States
4827532.0,SUDARAVA,Volha,91502,Belarus
4827540.0,STADLOBER,Teresa,96382,Austria
4827583.0,KERSTEN,Dieter,91068,Belgium
4827662.0,CEDRÓN,Andrea,95748,Peru
4827748.0,HUDSON-SMITH,Matthew,92761,Great Britain
4827760.0,CAICEDO,Juan,91997,Ecuador
4827848.0,CÉSAR,Jennifer,95909,Venezuela
4827886.0,STUYVEN,Jasper,98863,Belgium
4827944.0,SCHOOLING,Joseph,89956,Singapore
4827955.0,KADEVA,Daniela,91541,Bulgaria
4827959.0,TEH,Xiu Hong,91543,Singapore
4827964.0,AYDEMIR,Esma,97543,Türkiye
4827974.0,KOWALSKA,Katarzyna,96888,Poland
4827978.0,JANSRUD,Kjetil,91509,Norway
4828011.0,ZLATKOV,Kamen,95260,Bulgaria
4828018.0,ALIMBEKAVA,Dzinara,91776,Belarus
4828096.0,SEMENYA,Caster,91331,South Africa
4828153.0,CARDOSO,Daniela,91452,Portugal
4828213.0,BARONA,Dominic,96579,Ecuador
4828219.0,CLARKE,Joseph,90492,Great Britain
4828227.0,KHUBESERYAN,Diana,95228,Armenia
4828275.0,MUÑOZ,Azahara,91495,Spain
4828353.0,CHIGBOLU,Maria Benedicta,91594,Italy
4828360.0,DIMITRIADIS,Stefanos,94631,Greece
4828379.0,CAMPBELL-BROWN,Veronica,95237,Jamaica
4828415.0,CHAIKA,Viktoria,89928,Belarus
4828447.0,JOHNSON,Steele,91613,United States
4828495.0,KOOREMAN,Jessica,94506,United States
4828556.0,KAI,Konomi,91841,Japan
4828692.0,VIRBALYTE,Brigita,94493,Lithuania
4828752.0,SALONEN,Jimi,97559,Finland
4828778.0,PARK,Han-Woong,91812,Republic of Korea
4828804.0,BAHLOUL,Ramzi,92085,Tunisia
4828964.0,MENA,Miguel,92175,Nicaragua
4828979.0,MYALIN,Igor,93166,Uzbekistan
4829016.0,KOZÁK,Luca,91810,Hungary
4829018.0,MAROVIC,Marija,92770,Croatia
4829054.0,MAYORA,Julio,94647,Venezuela
4829088.0,WEINBERGER,Richard,107898,Canada
4829186.0,SKJERAHAUG,Stian,97571,Norway
4829205.0,POU,Lisa,193133,Monaco
4829217.0,AHYE,Michelle-Lee,91503,Trinidad & Tobago
4829233.0,KOSMAC,Anton,91832,Slovenia
4829234.0,ZHONG,Mengying,91623,China
4829258.0,SCHELB,Julian,91399,Germany
4829261.0,VADNAI,Jonatan,91593,Hungary
4829304.0,OLEFIRENKO,Igor,91581,Ukraine
4829326.0,SEILER,Nathaniel,94474,Germany
4829331.0,LOGAN,Devin,94642,United States
4829420.0,HOFER,Lukas,92341,Italy
4829456.0,TONNESEN,Pau,95223,Spain
4829496.0,MALAN,Giorgio,96379,Italy
4829498.0,KUTTOR-BRAGMAYER,Zsanett,92559,Hungary
4829500.0,TYMOSHCHENKO,Pavlo,91439,Ukraine
4829517.0,SOLOVEY,Hanna,95038,Ukraine
4829562.0,VOISIN,Maggie,94642,United States
4829580.0,MANEEPHAN,Jutatip,98854,Thailand
4829600.0,HEFFERNAN,Robert,96910,Ireland
4829602.0,SZÖCS,Emöke,92673,Hungary
4829617.0,TIROP,Agnes Jebet,95235,Kenya
4829692.0,ADELISSE,Antoine,92112,France
4829695.0,VADER,Milan,96328,Netherlands
4829790.0,DE WAARD,Maaike,95179,Netherlands
4829848.0,NAKAB,Elisa,92135,Italy
4829863.0,KWEON,Lee-Jun,92760,Republic of Korea
4829914.0,COLORADO,Diego,91368,Colombia
4829934.0,KULISH,Serhiy,94461,Ukraine
4830034.0,ABERA,Tesfaye,94034,Ethiopia
4830044.0,WILSON,Emma,96894,Great Britain
4830087.0,LE CLOS,Chad,94594,South Africa
4830098.0,CHOI,Seou,92337,Republic of Korea
4830129.0,SERRAT,Antonio,94092,Spain
4830159.0,FESSEL,Nicole,96925,Germany
4830184.0,BAKER,Chris,92761,Great Britain
4830186.0,DILMAN,Daniil,170911,Olympic Athlete from Russia
4830191.0,SCHWAB,Matthias,98185,Austria
4830222.0,LANGER,Thierry,91413,Belgium
4830222.0,LANGER,Thierry,92676,Belgium
4830292.0,JURISIC,Filip,92084,Croatia
4830301.0,RAKHIMOVA,Regina,170773,Olympic Athlete from Russia
4830308.0,LABOUS,Juliette,105584,France
4830368.0,SAVARD,Katerine,91621,Canada
4830383.0,BAUMGARTNER,Nick,92538,United States
4830390.0,LOPES,Vittoria,91768,Brazil
4830411.0,KULS-KUSYK,Ewa,95167,Poland
4830479.0,LI,Xiangning,94075,China
4830480.0,DRAGULESCU,Marian,89958,Romania
4830525.0,TIMMINGS,Nicholas,100009,Australia
4830558.0,PASCHKE,Pius,93128,Germany
4830571.0,DEELSTRA,Andrea,91854,Netherlands
4830578.0,SPITZ,Sabine,91399,Germany
4830614.0,DOLENC,Martin,92084,Croatia
4830615.0,MCSWEYN,Stewart,96375,Australia
4830619.0,CARRILLO,Duilio,97551,Mexico
4830631.0,PRODIUS,Roman,91393,Moldova
4830665.0,PHILLIP,Elinah,93163,British Virgin Islands
4830697.0,VAN SCHIP,Jan-Willem,89885,Netherlands
4830755.0,NISHI,Nobuyuki,92019,Japan
4830761.0,PITTIN,Cristina,92055,Italy
4830832.0,GRUZDEV,Dmitriy,102341,Kazakhstan
4830877.0,NIANE,Abdoul Khadre,92170,Senegal
4830883.0,COATES,Georgia,95254,Great Britain
4830885.0,VAN DER MERWE,Vicky,91871,South Africa
4830894.0,MIRANDA,Yesenia,92615,El Salvador
4830944.0,SHUEY,Michael,91849,United States
4831000.0,ISHIKAWA,Suehiro,91841,Japan
4831043.0,KIPRUTO,Conseslus,95235,Kenya
4831101.0,MCKENNIS DURAN,Alice,91818,United States
4831105.0,KIM,Hyeonjun,92351,Republic of Korea
4831136.0,GAUTHIER,Tiffany,92765,France
4831140.0,ABBAS,Abbas Abubakar,95288,Bahrain
4831159.0,FERNANDEZ,Pedro,91797,Puerto Rico
4831169.0,ARCEO,Mariana,97551,Mexico
4831180.0,GEUBELLE,Andrea,91849,United States
4831192.0,MAKINO,Hiroko,95181,Japan
4831241.0,STAIRMAND,Billy,92701,New Zealand
4831304.0,RAISMAN,Alexandra,92027,United States
4831317.0,RENSHAW,Molly,95254,Great Britain
4831325.0,WUKIE,Jacob,92041,United States
4831326.0,HUDEY,Marsha,97784,Canada
4831340.0,MCCABE,Martha,91621,Canada
4831352.0,BOUZIDI,Carole,93644,Algeria
4831367.0,DAROUÈCHE,Maoulida,92146,Comoros
4831375.0,MYS,Gaëlle,91355,Belgium
4831393.0,DI PIETRO,Silvia,91971,Italy
4831397.0,GEISENBERGER,Natalie,91469,Germany
4831400.0,PAVLOVA,Yana,91433,Russia
4831411.0,ABDELAZIM SEDKY,Halima,91470,Egypt
4831494.0,HAASER,Raphael,92026,Austria
4831631.0,VIGO,Martí,96913,Spain
4831635.0,SILLS,Samuel,96894,Great Britain
4831643.0,DIGGINS,Jessie,91559,United States
4831644.0,RODRIGUEZ,Joel,91496,Spain
4831674.0,HSIEH,Chien-Ho,95199,Chinese Taipei
4831679.0,NISKANEN,Iivo,94041,Finland
4831742.0,TANAKA,Yusuke,94494,Japan
4831767.0,KIM,Ok-Cheol,95046,Republic of Korea
4831775.0,LAURENT,Greta,92055,Italy
4831887.0,PIZZOLATO,Antonino,92758,Italy
4831954.0,BALEIŠYTE,Olivija,92727,Lithuania
4831978.0,BARNES,David,92749,AUS
4831984.0,ANNEN,Jolanda,92098,Switzerland
4832023.0,VILJOEN,Sunette,91331,South Africa
4832029.0,TALLENT,Rachel,96375,Australia
4832034.0,ZAKHAROV,Artyom,91484,Kazakhstan
4832038.0,LEE,Bo Na,92351,Republic of Korea
4832039.0,CALDWELL,Patrick,91559,United States
4832133.0,SAMUELSSON,Sebastian,91473,Sweden
4832179.0,RIPPEL,Cássio,90500,Brazil
4832194.0,URBANCZYK-OLEJARCZYK,Aleksandra,94476,Poland
4832221.0,LEWIS,Yvette,94472,Panama
4832227.0,VOIGT,Brooke,94050,Canada
4832248.0,KOCERGINA,Natalja,93120,Lithuania
4832258.0,WILLIAMS,Isadora,98559,Brazil
4832273.0,MOKOENA,Godfrey,91331,South Africa
4832276.0,ARBOLEDA OSPINA,Diego,97795,Colombia
4832304.0,HEINTZ,Philip,92362,Germany
4832318.0,MULLER,Luke,96400,United States
4832450.0,ITO,Mai,91841,Japan
4832459.0,BUALONG,Keerati,95207,Thailand
4832477.0,YAP,Timothee,95813,Singapore
4832500.0,ST-GELAIS,Marianne,91610,Canada
4832572.0,HAYTER,Ethan,89899,Great Britain
4832606.0,QUAH,Zheng Wen,89956,Singapore
4832642.0,CHANTAL LIEW,Li-Shan,102126,Singapore
4832763.0,MOORBY,Tori,95176,New Zealand
4832773.0,LINGUA,Marco,91594,Italy
4832816.0,MURATA,Arisa,92019,Japan
4832821.0,GUMBS,Ieva,94493,Lithuania
4832844.0,OLIVIER,Esti,92754,South Africa
4832859.0,XIANG,Yanmei,92887,China
4832861.0,DRINOVEC,Mitja,91444,Slovenia
4832906.0,GOWER,Jack,91607,Ireland
4833010.0,RAHMAN,Siddikur,98190,Bangladesh
4833028.0,HACKETT,Margaux,99966,New Zealand
4833076.0,ÖNDER,Ahmet,93662,Türkiye
4833106.0,GEIGER,Karl,93128,Germany
4833115.0,KIBIWOT,Abraham,95235,Kenya
4833116.0,MIYAKAWA,Sae,94494,Japan
4833118.0,AL YASEN,Mazen,96931,Saudi Arabia
4833120.0,TURNER,Jessica,92761,Great Britain
4833152.0,HANSSEN,Alex,92374,Norway
4833277.0,BARNA,Andrej,94520,Serbia
4833320.0,CHAPMAN,David,96380,Australia
4833376.0,DÍAZ,Jorge,91458,Spain
4833378.0,WASSMUTH,Conny,91606,Germany
4833379.0,BEVERIDGE,Allison,91483,Canada
4833404.0,GALBADRAKH,Khishigsaikhan,95287,Mongolia
4833441.0,ZYUZINA,Ekaterina,194738,ROC
4833445.0,HUSKOVA,Hanna,94023,Belarus
4833467.0,GUSTIN ŠIPEK,Valentina,92770,Croatia
4833507.0,EFREMOV,Ivan,91572,Uzbekistan
4833525.0,JUNGBLUT,Tanumafili,91595,American Samoa
4833580.0,CARLIN,Jazmin,95254,Great Britain
4833587.0,DEMIDOVA,Valeria,170773,Olympic Athlete from Russia
4833597.0,EHARA,Naito,95181,Japan
4833607.0,SEITZ,Elisabeth,92884,GER
4833627.0,ISAKOV,Vladimir,91639,Russia
4833693.0,PETERS,Artuur,91316,Belgium
4833732.0,YAMAMOTO,Seito,91841,Japan
4833739.0,COUZY,Mélanie,90493,France
4833747.0,HOFFMANN,Chantal,95737,Luxembourg
4833759.0,THAMWONG,Witthaya,96399,Thailand
4833860.0,GÜVENÇ YENIGÜN,Tugba,97543,Türkiye
4833863.0,BALTACI,Özkan,97543,Türkiye
4833903.0,SAFRONOVA,Olga,91386,Kazakhstan
4834056.0,MUÑOZ,David,91441,Panama
4834123.0,LEE,Jongjun,92351,Republic of Korea
4834129.0,LORINCZ,Timea,92567,Romania
4834166.0,NISKANEN,Kerttu,94041,Finland
4834194.0,KASZA,Róbert,91318,Hungary
4834207.0,BISCH,Gwendal,91493,France
4834272.0,ELLER,Glenn,95182,United States
4834290.0,SETO,Yuka,91829,Japan
4834321.0,BAREISHA,Pavel,91502,Belarus
4834336.0,REITSHAMMER,Bernhard,96377,Austria
4834397.0,PARNAT,Reena,93031,Estonia
4834462.0,PARKHILL,Lee,95215,Canada
4834515.0,CATO,Roxroy,95237,Jamaica
4834522.0,LIU,Tingting,89910,China
4834527.0,KUKRLE,Michael,95729,Czech Republic
4834565.0,BELLEMARE,Alex,91843,Canada
4834580.0,PALMER,Josh,91357,Australia
4834634.0,MOLTZAN,Paula,91818,United States
4834639.0,OSTERMAN,Anja,92763,Slovenia
4834642.0,SANTAMANS,Anna,89925,France
4834645.0,VERNICE,Agustin,97547,Argentina
4834713.0,LIM,Freida,93386,Singapore
4834739.0,SCHWANDKE,Tristan,94474,Germany
4834797.0,SPRINGER,Thomas,96385,Austria
4834860.0,SMEDLEY,Cameron,94072,Canada
4834889.0,DOS SANTOS,Felipe,96363,Brazil
4834918.0,BANKES,Charlotte,94437,Great Britain
4834918.0,BANKES,Charlotte,96922,France
4834940.0,WANG,Kaihua,89910,China
4834965.0,CUMMINGS,Steve,102358,Great Britain
4834970.0,SENYUK,Olga,92639,AZE
4835076.0,AYDOSOVA,Diana,91386,Kazakhstan
4835117.0,WU,Chia Ying,95183,Chinese Taipei
4835143.0,SERDYUKOVA,Anastasiya,97143,Uzbekistan
4835151.0,PAŽOUT,Ondrej,91350,Czech Republic
4835158.0,SEO,Joon-Yong,95046,Republic of Korea
4835182.0,SIFUENTES,Nicole,91425,Canada
4835202.0,GAGNÉ,Philippe,94084,Canada
4835239.0,RÉCSEI,Rita,91810,Hungary
4835283.0,KIM,Sun-Woo,92336,Republic of Korea
4835324.0,PÉREZ,Jhonny,96252,Dominican Republic
4835330.0,BIALECKA,Malgorzata,91468,Poland
4835340.0,CHKHEIDZE,Goga,92345,Georgia
4835380.0,BAU,Martin,89908,Slovenia
4835421.0,MAHMOUD,Mohamed,91470,Egypt
4835445.0,DUARTE,Emerson,90500,Brazil
4835453.0,RUELE,Naomi,96258,Botswana
4835465.0,SCHIR,Théry,91036,Switzerland
4835471.0,LI,Zhixuan,89910,China
4835504.0,CORBETT,Kaylene,94594,South Africa
4835513.0,HAVIK,Yoeri,99397,Netherlands
4835536.0,PEARMAN,Maddison,97784,Canada
4835565.0,SMIDT,Nick,91854,Netherlands
4835581.0,NGUYEN,Thanh Ngung,93137,Vietnam
4835636.0,MUKANDANGA,Clémentine,91831,Rwanda
4835649.0,GUO,Dan,98001,China
4835650.0,MANASSERO,Matteo,91739,Italy
4835672.0,WATSON,Bubba,94484,United States
4835690.0,FANG,Yaoqing,89910,China
4835744.0,MOHAMED,Hamada,92545,Egypt
4835812.0,AL-KHULAIFI,Noah,92981,Qatar
4835835.0,RYLOV,Evgeniy,194639,ROC
4835835.0,RYLOV,Evgeniy,92343,Russia
4835864.0,CHOI,Kyungsun,96937,Republic of Korea
4835873.0,CARRERA,Pablo,91458,Spain
4835966.0,CERNOGORAZ,Giovanni,92770,Croatia
4835981.0,COSTA,Keila,96363,Brazil
4836011.0,BACKSCHEIDER,Adrien,95262,France
4836090.0,RASHCHUPKINA,Viktoryia,91502,Belarus
4836135.0,LONG,Nicholas,101310,United States
4836152.0,FOIDL,Max,90478,Austria
4836184.0,MEREDOVA,Valentina,95292,Turkmenistan
4836201.0,OBEREMKO,Maksim,91523,Russia
4836207.0,EYKENS,Renée,91068,Belgium
4836208.0,GERKEN SCHOFIELD,Makayla,91583,Great Britain
4836221.0,SEBGHATOLLAHI,Golnoush,93115,Iran
4836243.0,FRATUS,Bruno,95178,Brazil
4836258.0,PEBLEY,Jacob,95184,United States
4836335.0,ITAHASHI,Minami,95252,Japan
4836380.0,CACHOVÁ,Katerina,91602,Czech Republic
4836396.0,JÄGER,Stephan,92136,Germany
4836485.0,DASAOLU,James,92761,Great Britain
4836514.0,YELISTRATOVA,Yuliya,97561,Ukraine
4836549.0,JOHNSON,Breezy,91818,United States
4836613.0,AVVAKUMOVA,Irina,201551,ROC
4836613.0,AVVAKUMOVA,Irina,161312,Olympic Athlete from Russia
4836631.0,KLOBUCNÍK,Tomáš,92037,Slovakia
4836634.0,LOLLOBRIGIDA,Francesca,98002,Italy
4836663.0,BONDARENKO,Yaroslava,98076,Russia
4836681.0,SHKURENYOV,Ilya,192506,ROC
4836712.0,PLUIM,Femke,91854,Netherlands
4836761.0,HAPPIO,Wilfried,91520,France
4836779.0,CHOUKOUD,Khalid,91854,Netherlands
4836822.0,GRANERUD,Halvor Egner,92606,Norway
4836840.0,D'ARTOIS,Simon,91843,Canada
4836890.0,MIRZA,Yousif,95639,United Arab Emirates
4836975.0,WILSON,Jamal,96929,Bahamas
4837062.0,ALI AHMED,Menatalla,99187,Egypt
4837090.0,TUGARYEV,Oleksandr,94491,Ukraine
4837117.0,MARIOTTI,Alessandro,93359,San Marino
4837119.0,NÖRL,Martin,95203,Germany
4837152.0,LAVALLEE,Catrine,91843,Canada
4837153.0,SISSONS,Ryan,92100,New Zealand
4837159.0,LI,Bingjie,91428,China
4837209.0,MUZE-SIRMA,Lina,89947,Latvia
4837242.0,HANNES,Pieter-Jan,91068,Belgium
4837383.0,NGUYEN,Thi Anh Vien,92814,Vietnam
4837410.0,TOURETSKI,Sasha,91334,Switzerland
4837513.0,WILKINSON,Callum,92761,Great Britain
4837536.0,GEBRE,Trihas,95223,Spain
4837549.0,BAUMEISTER,Stefan,95203,Germany
4837677.0,FRANKLIN,Missy,95184,United States
4837692.0,BELETEW,Yehualeye,94034,Ethiopia
4837723.0,LEE,Kyerim,92351,Republic of Korea
4837763.0,RUVALCABA,Jonathan,95322,Dominican Republic
4837773.0,MERKER-WALTER,Bianca,94088,Germany
4837819.0,CHRISTIE,Nick,91849,United States
4837920.0,TORREZ,Karen,95308,Bolivia
4837956.0,BUKOWIECKI,Konrad,96888,Poland
4837959.0,MIHALJEVIC,Filip,91770,Croatia
4837968.0,CHACHA,Rosa,91997,Ecuador
4837984.0,ŠTURSA,Vojtech,89942,Czech Republic
4838007.0,JOHN,Alexander,94474,Germany
4838013.0,SOW,Mariama,93367,Guinea
4838015.0,BI,Ye,96573,China
4838052.0,CRUMPTON,Nathan,91636,American Samoa
4838052.0,CRUMPTON,Nathan,91455,American Samoa
4838069.0,MUZATON,Maxence,92765,France
4838112.0,MICHAEL,Peter,94302,New Zealand
4838123.0,WATNDAL,Erik,91321,Norway
4838172.0,BECK,Laetitia,93183,Israel
4838191.0,KUCMÍN,Anton,91884,Slovakia
4838193.0,ANDRULYTE,Viktorija,95190,Lithuania
4838199.0,KHALMURATOV,Muradjan,95647,Uzbekistan
4838210.0,MAAG,Natalie,97531,Switzerland
4838213.0,PULLI,Kristian,92122,Finland
4838259.0,RUFFINI,Simone,108272,Italy
4838264.0,IIJIMA,Manami,209432,Guam
4838265.0,PIATRENIA,Tatsiana,91990,Belarus
4838375.0,DAVTYAN,Vahagn,99220,Armenia
4838376.0,GARGAUD-CHANUT,Denis,91449,France
4838386.0,CUMMINGS,Clarence,92092,United States
4838470.0,COCKNEY,Jesse,92054,Canada
4838479.0,MCRAE,Kimberley,91517,Canada
4838523.0,SAAD,Atef,96919,Tunisia
4838527.0,BRUNI,Roberta,91594,Italy
4838533.0,THACH,Kim Tuan,91424,Vietnam
4838549.0,ARAFI,Rababe,91445,Morocco
4838568.0,SLOWIOK,Pawel,92755,Poland
4838591.0,THOMSEN,Marcus,94497,Norway
4838614.0,WESTER,Alexandra,94474,Germany
4838654.0,VARGA,Roland,96895,Canada
4838677.0,LÓPEZ,Yeison,91454,Colombia
4838695.0,NIYONSABA,Francine,92934,Burundi
4838699.0,FOURNEL,Amelia,91973,Argentina
4838786.0,KNIGHT,Justyn,91425,Canada
4838818.0,TSINZOV,Veselin,94055,Bulgaria
4838843.0,RAŠMANE,Agate,90503,Latvia
4838880.0,PIMENTA,Fernando,92121,Portugal
4838929.0,POPA,Roxana,96950,Spain
4838938.0,ELLIS,Burkheart,90510,Barbados
4838971.0,ZIEMINSKI,Kacper,91468,Poland
4838979.0,PIZZINI,Luca,91971,Italy
4838985.0,USTIUGOV,Sergey,201552,ROC
4838986.0,LEHATA,Mosito,91378,Lesotho
4839062.0,SPAJARI,Pedro,95178,Brazil
4839108.0,MANE,Udayan,95830,India
4839111.0,HAYASHI,Yuki,92310,JPN
4839113.0,DUKURS,Martins,92042,Latvia
4839117.0,BOVELL,George,92279,Trinidad & Tobago
4839156.0,HANSEN,Joachim,92568,Denmark
4839215.0,ERDÉLYI,Zsófia,91810,Hungary
4839233.0,DALDOSSI,Yvonne,98002,Italy
4839260.0,RUIZ,Marcos,95782,Spain
4839261.0,DIAMOND,Emily,92761,Great Britain
4839275.0,CHAIDEE,Duangaksorn,91046,Thailand
4839304.0,ALIPOV,Alexey,194614,ROC
4839304.0,ALIPOV,Alexey,91639,Russia
4839329.0,SAGNIA,Khaddi,91373,Sweden
4839384.0,LINKLETTER,Rory,91425,Canada
4839489.0,KUZIN,Denis,94306,Kazakhstan
4839578.0,LEE,Hup Wei,92006,Malaysia
4839721.0,PELLEGRINI,Sara,92055,Italy
4839801.0,JERZYK,Agnieszka,96299,Poland
4839826.0,RAVNJAK,Tim-Kevin,94024,Slovenia
4839852.0,MATSUMOTO,Yayoi,95181,Japan
4839859.0,SAKAZUME,Ryosuke,91764,Japan
4839860.0,NANYONDO,Winnie,91575,Uganda
4839868.0,VAN DER KAAY,Nicole,92100,New Zealand
4839912.0,BANKES,Megan,92064,Canada
4839962.0,MIYAHARA,Satoko,89921,Japan
4840014.0,TAAM,Rik,91854,Netherlands
4840019.0,PACHABUT,Darya,92249,Belarus
4840104.0,JAKABOS,Zsuzsanna,94021,Hungary
4840173.0,HAN,Yucheng,89910,China
4840231.0,FARHAN,Gaber,91470,Egypt
4840253.0,ZAMORANO,África,91571,Spain
4840281.0,KÖNZ,Elena,92367,Switzerland
4840287.0,FRIMPONG,Akwasi,93759,Ghana
4840324.0,WILLIS,Nicholas,95176,New Zealand
4840402.0,NELSON,Ella,96375,Australia
4840409.0,RICHEZE,Maximiliano,99401,Argentina
4840422.0,KOMAROV,Evgeny,98076,Russia
4840425.0,GANKHUYAG,Nandinzaya,94501,Mongolia
4840445.0,JACK,Shayna,91357,Australia
4840537.0,PLOTITSYNA,Anna,91581,Ukraine
4840566.0,TRATNIK,Jan,105594,Slovenia
4840615.0,BEREZINA,Polina,92376,Spain
4840640.0,NEL,Grant,91751,Australia
4840689.0,BRIFFOD,Adrien,92098,Switzerland
4840748.0,MUÑOZ,Jonathan,91792,Mexico
4840795.0,BAINBRIDGE,Connor,96894,Great Britain
4840917.0,LEE,Chaewon,92675,Republic of Korea
4840951.0,AMLOSOM,Nguse,97583,Eritrea
4840990.0,MARGAGLIO,Valentina,94471,Italy
4841016.0,STRAUB,Ramona,93128,Germany
4841029.0,JAEGER,Connor,95184,United States
4841066.0,RIEKMANN,Jonathan,96363,Brazil
4841090.0,LOBE,Ricarda,94474,Germany
4841103.0,PEATY,Adam,95254,Great Britain
4841105.0,AYDARSKI,Ventsislav,108280,Bulgaria
4841130.0,JOCK,Charles,91849,United States
4841156.0,BØKKO,Håvard,101293,Norway
4841188.0,KULIZHNIKOV,Pavel,201553,ROC
4841262.0,MVUMVURE,Gabriel,92313,Zimbabwe
4841281.0,SAWE,Mathew,95235,Kenya
4841344.0,FONTES,Ignacio,95223,Spain
4841380.0,LITVINCHUK,Maryna,92298,Belarus
4841397.0,COWLEY,Rhydian,96375,Australia
4841401.0,SMITH,Nathan,92064,Canada
4841421.0,GENTLE,Ashleigh,91994,Australia
4841446.0,PERSSON,Linn,91473,Sweden
4841475.0,KIRSCH,Alex,95737,Luxembourg
4841542.0,LÆGREID,Sturla Holm,91421,Norway
4841552.0,MIALESHKA,Pavel,91502,Belarus
4841580.0,WHITTLE,Laura,92761,Great Britain
4841604.0,KOSTEVYCH,Olena,94461,Ukraine
4841625.0,BERTOLINA,Mirco,92055,Italy
4841630.0,AZEVEDO,Cátia,91452,Portugal
4841739.0,POZZI,Andrew,92761,Great Britain
4841769.0,EINARSDOTTIR,Freydis-Halla,92304,Iceland
4841799.0,SKARDINO,Nadezhda,91776,Belarus
4841808.0,MARKOVIC,Martin,91770,Croatia
4841833.0,EILERTSEN,Hanne,91372,Norway
4841849.0,MELADINIS,Odyssefs,94631,Greece
4841868.0,AYALA,Derlys,97584,Paraguay
4841895.0,FERNÁNDEZ,María Pía,89913,Uruguay
4841962.0,MA,Qing,91535,China
4841974.0,BOL,Peter,96375,Australia
4841978.0,LENHERR,Jonas,96896,Switzerland
4841991.0,SPENCER,Ashley,91849,United States
4842060.0,FREITAS,Patricia,89924,Brazil
4842063.0,GAUDRY,Blake,92263,Australia
4842101.0,HANSSON,Sophie,91826,Sweden
4842124.0,VONGVORACHOTI,Jane,92143,Thailand
4842140.0,HYRYLÄINEN,Anne-Mari,92122,Finland
4842143.0,BONK,Bartlomiej,92277,Poland
4842165.0,ASSEFA,Sofia,94034,Ethiopia
4842186.0,BROWN,Alicia,91425,Canada
4842211.0,WUNRAM,Finnia,101044,Germany
4842277.0,VILLARREAL,Andrés,95164,Mexico
4842408.0,LEANTSIUK,Yuliya,91502,Belarus
4842484.0,MARTÍN,Diana,95223,Spain
4842531.0,TKACHENKO,Sergey,94076,Kazakhstan
4842560.0,YUAN,Qiqi,89910,China
4842600.0,DICK,Marisa,99214,Trinidad & Tobago
4842658.0,ALAPHILIPPE,Julian,105584,France
4842669.0,VILIC,Sara,96385,Austria
4842804.0,ROBLES,Sarah,92092,United States
4842841.0,BÜCHLER,Nicole,95229,Switzerland
4842942.0,FEDOROV,Stepan,164517,Olympic Athlete from Russia
4842998.0,MYHRVOLD,Mathilde,94487,Norway
4842999.0,PETRONI,Pierpaolo,96379,Italy
4843046.0,GUY,James,95254,Great Britain
4843071.0,FRINTOVÁ,Vendula,92911,Czech Republic
4843074.0,LEE,Eun Ju,91524,Republic of Korea
4843081.0,ESPAÑA,Jesús,95223,Spain
4843082.0,PAYNE,Keri-Anne,104359,Great Britain
4843214.0,SZUCS,Valdó,91810,Hungary
4843218.0,URBANIK,Danuta,96888,Poland
4843235.0,FURGESON,Colleen,96248,Marshall Islands
4843312.0,AL KHATRI,Said,92327,Oman
4843313.0,CHIHUÁN,Pavel,92612,Peru
4843320.0,LEE,Minjee,92777,Australia
4843357.0,HOSHI,Natsumi,95181,Japan
4843388.0,WALKER,Jessica,91527,Great Britain
4843429.0,SIMONOVIC,Katarina,94520,Serbia
4843435.0,BARTOLOMEI,Martina,91868,Italy
4843461.0,APAK,Esref,97543,Türkiye
4843486.0,AKINYEMI,Jonathan,99196,Nigeria
4843533.0,CORREA,Harold,91520,France
4843540.0,SHCHERBATSEVICH,Yury,89928,Belarus
4843567.0,USUNA,Leandro,92687,Argentina
4843608.0,GARCIA,Jonathan,94702,United States
4843611.0,PALMER,James,101307,Canada
4843681.0,SCHEIRE,Ruben,91410,Belgium
4843710.0,ALMAHMEED,Fatema,96256,Bahrain
4843774.0,LAMOLLE,Mathilde,90493,France
4843775.0,SMULDERS,Merel,93603,Netherlands
4843789.0,PAYER,Alexander,91417,Austria
4843802.0,BACH,Helena,91774,Denmark
4843805.0,ŠAMŠAL,Dalibor,94016,Hungary
4843824.0,KESAR,Viktoriya,92109,Ukraine
4843910.0,BAKI,Abdullah Hel,91728,Bangladesh
4843926.0,HENDERSON,Rebecca,96375,Australia
4844112.0,CHAND,Dutee,91760,India
4844146.0,FRIIS,Lotte,91774,Denmark
4844165.0,ZHANG,Dongshuang,91462,China
4844274.0,RAPP,Clemens,92362,Germany
4844275.0,BARTHEL,Timo,92352,Germany
4844293.0,MONTAÑA,José,91368,Colombia
4844363.0,ISMAYILOVA,Olga,96872,Azerbaijan
4844403.0,CSIZMADIA,Kolos,95242,Hungary
4844423.0,DRY,Mark,92761,Great Britain
4844431.0,AZZIMANI,Samir,96830,Morocco
4844491.0,NAKAYAMA,Yosuke,91588,Japan
4844493.0,LEYVA,Danell,92027,United States
4844497.0,BLOMBERG,Emil,91373,Sweden
4844539.0,MOGUENARA,Sosthene,94474,Germany
4844548.0,NIKITINA,Liubov,170773,Olympic Athlete from Russia
4844548.0,NIKITINA,Liubov,201529,ROC
4844632.0,YEMELYANOV,Sergey,92235,Kazakhstan
4844646.0,BROCHU,Baptiste,94050,Canada
4844662.0,BASCOU,Dimitri,91520,France
4844742.0,STEWARTOVÁ,Moira,91602,Czech Republic
4844746.0,MIER,David,91846,Mexico
4844762.0,CRUZ,Eglys,91045,Cuba
4844765.0,ROUSSEAU,Sebastien,94594,South Africa
4844772.0,NYMBURSKÝ,Petr,91460,Czech Republic
4844793.0,NOR HASRIN,Muhammad Akmal,92131,Malaysia
4844805.0,SRBIC,Tin,91642,Croatia
4844842.0,MONTCALM,Noelle,91425,Canada
4844865.0,ESCOBAR,Catalina,100759,Colombia
4844875.0,HERNÁNDEZ,Dolores,95164,Mexico
4844896.0,YUDIN,Andrey,195349,ROC
4844896.0,YUDIN,Andrey,91433,Russia
4844964.0,GALLAGHER,Laura,91329,Great Britain
4844997.0,BUITENDAG,Bianca,96854,South Africa
4845036.0,MECHIELSEN,Drew,101307,Canada
4845072.0,BOAL,Elyane,93528,Cape Verde
4845092.0,LARSEN,Andreas Sargent,94640,Italy
4845107.0,VELOSO,Juliana,94635,Brazil
4845214.0,MISKOLCZI,Julianna,94477,Hungary
4845222.0,ITOKAZU,Yoichi,91588,Japan
4845224.0,BONVALOT,Teresa,96847,Portugal
4845228.0,CARRIER,Marina,91563,Australia
4845297.0,LOBZHENIDZE,Yulia,92324,Georgia
4845313.0,MOSAVI,Kaveh,93136,Iran
4845327.0,SHI,Zhiyong,92887,China
4845374.0,NILSEN,Simen Spieler,101293,Norway
4845422.0,SCHNIDER,Ueli,92781,Switzerland
4845448.0,BAUM,Sarah,96854,South Africa
4845461.0,NAKAMURA,Shota,93591,Japan
4845520.0,KAUL,Niklas,94474,Germany
4845544.0,ELZEINY,Sherin,91611,Egypt
4845601.0,BOBROVS,Daniils,91552,Latvia
4845619.0,SHERRET,India,91843,Canada
4845646.0,ROLEDER,Cindy,94474,Germany
4845686.0,WOITHA,Charlene,94474,Germany
4845695.0,ZEPEDA,Omar,93121,Mexico
4845749.0,EDSETH,Marte Berg,95919,Norway
4845754.0,JUŠKA,Radek,91602,Czech Republic
4845776.0,FILL,Peter,96391,Italy
4845785.0,WEI,Meng,92331,China
4845786.0,GÉLINAS-BEAULIEU,Antoine,97784,Canada
4845796.0,BATTY,Emily,96342,Canada
4845829.0,DREESENS,Dion,95179,Netherlands
4845850.0,ABEYSINGHE,Matthew,96250,Sri Lanka
4845868.0,LAFOND,Thea,94666,Dominica
4845904.0,YUN,Seung-Hyun,96937,Republic of Korea
4845918.0,SANFILIPPO,Federica,92341,Italy
4845959.0,GUEI,Floria,91520,France
4846067.0,GEBREMEDHIN,Mekonnen,94034,Ethiopia
4846085.0,DOTTO,Luca,91971,Italy
4846104.0,XU,Xiaoxiao,96573,China
4846212.0,ZHANG,Mengxue,92331,China
4846235.0,KLAAS,Kathrin,94474,Germany
4846248.0,BRUNI,Rachele,108272,Italy
4846282.0,CASSIGNOL,Océane,99639,France
4846333.0,ZHAO,Yang,91066,China
4846345.0,MENDEZ,Arley,91476,Chile
4846399.0,REPINA,Polina,91386,Kazakhstan
4846406.0,MESSAOUDI,Ali,95764,Algeria
4846423.0,SPEIGHT,Peter,91583,Great Britain
4846448.0,HALLER,Marco,98862,Austria
4846454.0,MARTINS,Fernanda,96363,Brazil
4846510.0,PÉREZ,María,95223,Spain
4846526.0,WONG,Johnathan,92319,Malaysia
4846605.0,STANIOUTA,Melitina,94037,Belarus
4846639.0,BISHOP-NRIAGU,Melissa,91425,Canada
4846659.0,BRAZ,Thiago,96363,Brazil
4846665.0,FELLNER,Adam,91603,Czech Republic
4846712.0,BRUTTO,Raffaella,91794,Italy
4846736.0,ZIOMEK-NOGAL,Kaja,94308,Poland
4846744.0,PORTELA,Teresa,92121,Portugal
4846778.0,HALASIMA,Taina,92947,Tonga
4846819.0,RAHMANI,Miloud,95764,Algeria
4846831.0,HE,Zi,89939,China
4846858.0,LAITINEN,Heikki,92563,Finland
4846871.0,WRIGHT,Casey,95225,Australia
4846942.0,BARIOZ,Taina,92765,France
4846952.0,GASTALDI,Sebastiano,92339,Argentina
4846985.0,STASKIEWICZ,Szymon,92767,Poland
4846995.0,YATSEVICH,Nastassia,91502,Belarus
4847000.0,ALLEN,Nathon,95237,Jamaica
4847141.0,RUTTER,Amber,95224,Great Britain
4847161.0,WELLS,Samantha,91375,Australia
4847248.0,SMELYK,Serhiy,91581,Ukraine
4847262.0,AL-OUTAIBI,Moukhled,96931,Saudi Arabia
4847319.0,EDELMAN,Adam,93758,Israel
4847337.0,HERASIMENIA,Aliaksandra,92082,Belarus
4847410.0,ROSSI,Sebastian,97319,Argentina
4847412.0,PHAN,Thanh,93671,Vietnam
4847436.0,MKRTCHYAN,Yervand,95228,Armenia
4847494.0,ARANDA,Nathalee,94472,Panama
4847502.0,CHERNOUSOVA,Margarita,194614,ROC
4847609.0,TAPLIN,Bralon,92608,Grenada
4847642.0,BERTASIO,Nino,91739,Italy
4847675.0,PUKITIS,Roberto,93505,Latvia
4847686.0,PARRATTO,Jessica,91613,United States
4847744.0,CHEN,He,91462,China
4847852.0,PALTRINIERI,Gregorio,91971,Italy
4847852.0,PALTRINIERI,Gregorio,108272,Italy
4847900.0,MINAZOVA,Alsu,194741,ROC
4847906.0,PEZER,Mesud,94033,Bosnia & Herzegovina
4847913.0,MEDEIROS,Etiene,95178,Brazil
4847924.0,LENDEL,Vasilijus,92727,Lithuania
4847988.0,CHURYLA,Andrei,91502,Belarus
4848029.0,KUCHIN,Zakhar,94077,Kazakhstan
4848119.0,NASRI,Chahinez,96919,Tunisia
4848122.0,PAULÁTHOVÁ,Katerina,96381,Czech Republic
4848132.0,FOX,Jessica,94613,Australia
4848156.0,KENNEDY,Russell,92054,Canada
4848198.0,KEANE,Bryan,91339,Ireland
4848248.0,RASOVSZKY,Kristóf,103835,Hungary
4848248.0,RASOVSZKY,Kristóf,94021,Hungary
4848251.0,MCMENEMY,Dorian,96252,Dominican Republic
4848261.0,DOS SANTOS,Mário,96363,Brazil
4848295.0,CORDES,Kevin,95184,United States
4848311.0,ROWDEN,Daniel,92761,Great Britain
4848324.0,CASTLIN,Kristi,91849,United States
4848350.0,GOVEIA,Ralph,93370,Zambia
4848370.0,SWAN,Kyle,96375,Australia
4848540.0,WILLIAMS,Kendell,91849,United States
4848576.0,YAMAMOTO,Kohei,90473,Japan
4848659.0,SOUZA,Caio,91777,Brazil
4848679.0,STRAVIUS,Jérémy,89925,France
4848722.0,JUNGMAN,Phillip,95182,United States
4848746.0,MEZENTSEV,Fyodor,94306,Kazakhstan
4848789.0,GEISREITER,Moritz,97780,Germany
4848797.0,HOOGERWERF,Dylan,94048,Netherlands
4848853.0,DELOACH SOUKUP,Janay,91849,United States
4848874.0,HIRECHE,Fatima,92110,Algeria
4848978.0,NGUYEN,Anasztázia,91810,Hungary
4848999.0,ZHANG,Peimeng,89910,China
4849008.0,SHIOJIRI,Kazuya,91841,Japan
4849082.0,DISTELBERGER,Dominik,92900,Austria
4849114.0,RACHIK,Yassine,91594,Italy
4849119.0,RAWAT,Nitendra Singh,91760,India
4849163.0,HYVÄRINEN,Perttu,94041,Finland
4849238.0,SWANEY,Elizabeth Marian,99962,Hungary
4849253.0,MECHAAL,Adel,95223,Spain
4849282.0,PLESNIEKS,Arturs,91450,Latvia
4849396.0,PERINCHIEF,Jah-Nhai,92116,Bermuda
4849421.0,MOLDOVEANU,Alin,91354,Romania
4849425.0,VILAS,María,91571,Spain
4849449.0,BROERSEN,Nadine,91854,Netherlands
4849453.0,LELO,Manuel,97601,Angola
4849530.0,BOUSQUET,Frédérick,89925,France
4849566.0,BELIBASAKI,Maria,97537,Greece
4849605.0,MEYLEMANS,Kim,98619,Belgium
4849627.0,COSCORAN,Andrew,96910,Ireland
4849628.0,WATTEL,Marie,89925,France
4849652.0,ASHIRBAYEVA,Sabina,95766,Kazakhstan
4849681.0,SMOLNIKOVA,Irina,91386,Kazakhstan
4849685.0,STENSON,Henrik,94090,Sweden
4849700.0,DROUIN,Derek,91425,Canada
4849712.0,VOLLEMAN,Tisha,96969,Netherlands
4849748.0,ALBIERO,Nicolas,95178,Brazil
4849783.0,EVANS,Blair,91357,Australia
4849814.0,VAN AERT,Wout,98863,Belgium
4849841.0,SCHOPF,Jacob,91606,Germany
4849886.0,COCIORAN,Marius,91838,Romania
4849892.0,MCMORRIS,Mark,94050,Canada
4849904.0,LEE,Hye-Jin,91408,Republic of Korea
4850087.0,KROGH,Finn Hågen,94487,Norway
4850115.0,ESCOBAR,Alexandra,92222,Ecuador
4850148.0,MAZZETTI,Riccardo,91868,Italy
4850180.0,SCHÖNEBORN,Deborah,94474,Germany
4850210.0,PECHSTEIN,Claudia,97780,Germany
4850213.0,HERNÁNDEZ,Ismael,97551,Mexico
4850219.0,FERREIRA,Tiago,89888,Portugal
4850251.0,WILD,Vic,170911,Olympic Athlete from Russia
4850251.0,WILD,Vic,200954,ROC
4850267.0,NABIEVA,Muattar,91572,Uzbekistan
4850360.0,WILLIAMS,Michelle,91621,Canada
4850371.0,IRVINE,Kaylin,97784,Canada
4850421.0,GYGAX,Nicolas,96896,Switzerland
4850461.0,KOBLET,Kalle,92367,Switzerland
4850504.0,WAKIMOTO,Yuta,94015,Japan
4850520.0,KONG,Fanyu,91066,China
4850528.0,SAIKHOM,Mirabai Chanu,89946,India
4850535.0,CHEN,Qian,92896,China
4850594.0,JENSEN,Julie,91774,Denmark
4850610.0,BEVAN,Brinn,94067,Great Britain
4850688.0,SAARINEN,Jenni,94453,Finland
4850740.0,GUERRA,Lisandra,96344,Cuba
4850746.0,MANGIONE,Alice,91594,Italy
4850750.0,FALDUM,Gábor,92559,Hungary
4850796.0,OBERGFÖLL,Christina,94474,Germany
4850802.0,BOREL,Cleopatra,91503,Trinidad & Tobago
4850836.0,DE FABIANI,Francesco,92055,Italy
4850869.0,HE,Wenna,100771,China
4850920.0,VAN BAARLE,Dylan,99397,Netherlands
4850977.0,AKROUT,Youssef,95305,Tunisia
4851011.0,TZORTZAKIS,Polychronis,102345,Greece
4851072.0,LASA,Emiliano,89913,Uruguay
4851081.0,COLLIE-MINNS,Latario,96929,Bahamas
4851095.0,NEMES,Rita,91810,Hungary
4851139.0,WANG,Yan,91858,China
4851143.0,CHOIRUNISA,Diananda,91839,Indonesia
4851161.0,LEMAN,Brady,91843,Canada
4851162.0,VALJAS,Len,92054,Canada
4851206.0,JUNGBLUT,Viviane,100243,Brazil
4851206.0,JUNGBLUT,Viviane,95178,Brazil
4851361.0,FROLOV,Serhiy,89938,Ukraine
4851430.0,SNORRASON,Sturla-Snaer,92304,Iceland
4851448.0,HUANG,Changzhou,89910,China
4851467.0,MEKHISSI,Mahiedine,91520,France
4851563.0,LALLY,Jade,92761,Great Britain
4851573.0,VELDÁKOVÁ,Dana,91884,Slovakia
4851576.0,JUTANUGARN,Ariya,93185,Thailand
4851623.0,RUSSELL,Alonzo,96929,Bahamas
4851644.0,RODITI,Matan,104354,Israel
4851678.0,LAUKKANEN,Jenna,92601,Finland
4851682.0,THIANGKATHOK,Orasa,96642,Thailand
4851695.0,SHEGUMO,Yared,96888,Poland
4851735.0,JÖRG,Selina,95203,Germany
4851790.0,VAUGHAN,Shelbi,91849,United States
4851856.0,BLANCO,Joaquín,91496,Spain
4851863.0,LAMDASSEM,Ayad,95223,Spain
4851897.0,KIVIOJA,Kaidi,92624,Estonia
4851909.0,BATASHOVA,Uliana,196276,ROC
4851965.0,LANGREHR,Rebecca,91511,Germany
4852004.0,GRANGEON,Lara,99639,France
4852004.0,GRANGEON,Lara,89925,France
4852068.0,TAFTIAN,Hassan,93136,Iran
4852117.0,GRILLO,Emiliano,92217,Argentina
4852121.0,CARINI,Giacomo,91971,Italy
4852146.0,MA,Kwan Ching,91592,"Hong Kong, China"
4852151.0,AL KHALDI,Hajar,95288,Bahrain
4852159.0,TYSSE,Erik,94497,Norway
4852189.0,KWAYIE,Lisa Marie,94474,Germany
4852203.0,NAKAYAMA,Yukie,91618,Japan
4852209.0,EINARSSON,Snorri,96566,Iceland
4852234.0,PFEIFER,Jacqueline,97549,Germany
4852260.0,GAVIRIA,Fernando,90471,Colombia
4852292.0,LU,Teresa,92993,Chinese Taipei
4852294.0,DAVIS-WOODHALL,Tara,91849,United States
4852398.0,BUTLER,Geoffrey,93374,Cayman Islands
4852492.0,ZAZZERI,Lorenzo,91971,Italy
4852522.0,VÍTKOVÁ,Veronika,91429,Czech Republic
4852570.0,POLIAKOVA,Mariia,195348,ROC
4852582.0,FITZGIBBONS,Sally,93502,Australia
4852648.0,WILMSMANN,Florian,94060,Germany
4852723.0,RUPRECHT,Nicol,92752,Austria
4852802.0,DERKACH,Dariya,91594,Italy
4852822.0,GLATZER,Leon,93496,Germany
4852879.0,OETTINGHAUS,Saskia,92352,Germany
4852880.0,FRAGAPANE,Claudia,94067,Great Britain
4852904.0,MILLER-KOCH,Heather,91849,United States
4852924.0,FAK,Jakov,91444,Slovenia
4852953.0,CHEPELIN,Vladimir,91776,Belarus
4853018.0,WANG,Zhendong,89910,China
4853091.0,LYLES,Noah,91849,United States
4853145.0,SAHUTOGLU,Tugçe,97543,Türkiye
4853151.0,OUEDRAOGO,Adama,96257,Burkina Faso
4853154.0,LESCAY,Yoandys,89943,Cuba
4853186.0,GIGLER,Heiko,96377,Austria
4853215.0,HITCHON,Sophie,92761,Great Britain
4853216.0,MATSUDA,Tomoyuki,91618,Japan
4853308.0,NUNN,John,91849,United States
4853405.0,MOON,Katie,91849,United States
4853418.0,GONZÁLEZ,Angie,92743,Venezuela
4853444.0,ABRAMASHVILI,Iason,91616,Georgia
4853456.0,HEATH,Liam,91527,Great Britain
4853457.0,ABICHT,Lorena,95205,Austria
4853458.0,ZHANG,Qibin,91428,China
4853590.0,KÜNG,Stefan,95642,Switzerland
4853655.0,IKEE,Rikako,95181,Japan
4853662.0,KIM,Mi Rae,92333,DPR Korea
4853705.0,LAHAYE-GOFFART,Tom,91413,Belgium
4853734.0,SALIMIKORDASIABI,Behdad,91738,Iran
4853790.0,SEMAKOV,Vladimir,90491,Ukraine
4853806.0,ZDRÁHALOVÁ,Nikola,93592,Czech Republic
4853861.0,MORAN,Chloe,92742,Australia
4853897.0,TSINOPOULOU,Panagiota,97537,Greece
4853935.0,TOMMASONE,Cyril,95194,France
4853981.0,SANMOOGAN,Jamila,95309,Guyana
4853988.0,PINEDA,Daniel,95866,COL
4854028.0,PEDERSEN,Lisa Brix,89902,Denmark
4854029.0,ABBOTT,Mara,95637,United States
4854032.0,BOHONNON,Mac,94642,United States
4854036.0,BIBIK,Olha,91581,Ukraine
4854067.0,BURNELL,Jack,104359,Great Britain
4854072.0,LUZAN,Liudmyla,95191,Ukraine
4854080.0,FRISCH,Aileen,91813,Republic of Korea
4854207.0,MURER,Fabiana,96363,Brazil
4854216.0,SKOOG,Sofie,91373,Sweden
4854217.0,MALAGICH,Emina,163939,Olympic Athlete from Russia
4854259.0,VALENTE,Jennifer,89887,United States
4854283.0,BRYSON,Kerenza,92045,Great Britain
4854450.0,SAVANOVIC,Vladimir,101446,Serbia
4854479.0,CHANI,Hassan,95288,Bahrain
4854535.0,LAMY CHAPPUIS,Jason,92586,France
4854606.0,LAMARRE,Kim,91843,Canada
4854656.0,MACHAVA,Creve Armando,96370,Mozambique
4854670.0,MURAKAMI,Eishiro,91588,Japan
4854690.0,GAKEME,Antoine,92934,Burundi
4854751.0,GRESSIER,Jimmy,91520,France
4854752.0,JURKOWSKA-KOWALSKA,Katarzyna,91859,Poland
4854817.0,PELTONEN,Emmi,94453,Finland
4854836.0,BERGÈRE,Léo,91855,France
4854922.0,SEDOVA,Anastasia,170910,Olympic Athlete from Russia
4854951.0,SQUIRES,Tom,96894,Great Britain
4854952.0,VELDÁKOVÁ,Jana,91884,Slovakia
4855078.0,D'ARRIGO,Andrea,91971,Italy
4855114.0,SIMANOVICH,Dzianis,91502,Belarus
4855144.0,SJÖSTRÖM,Sarah,91826,Sweden
4855194.0,BREZINOVÁ,Eliška,91540,Czech Republic
4855240.0,BERTEMES,Bob,91596,Luxembourg
4855308.0,MO,Tae-Bum,97997,Republic of Korea
4855436.0,PASTRANA,Sara,92812,Honduras
4855442.0,MELCONIAN,Martín,92972,Uruguay
4855521.0,AL MOHAMMAD,Ghofrane,91972,Syria
4855529.0,TAKÁCS,Júlia,95223,Spain
4855530.0,GOODARZI,Arvin,99390,Iran
4855534.0,VINCENT,Katharine,96895,Canada
4855600.0,VADNAI,Benjamin,91593,Hungary
4855606.0,TRAN,Le Quoc Toan,91424,Vietnam
4855623.0,IRABARUTA,Olivier,92934,Burundi
4855748.0,GOWDA,Vikas,91760,India
4855862.0,DEKKER,Inge,95179,Netherlands
4855905.0,HANSDOTTER,Frida,92322,Sweden
4855920.0,PALACIOS,Rolando,96364,Honduras
4855921.0,MÄGI,Rasmus,92083,Estonia
4855938.0,MESSERSCHMIDT,Nadine,91640,Germany
4856210.0,WILLIAMS,Sada,90510,Barbados
4856225.0,DOUGLAS,Sarah,95215,Canada
4856239.0,COUTTS,Alicia,91357,Australia
4856246.0,STRAKA,Sepp,98185,Austria
4856328.0,CONNERS,Corey,92265,Canada
4856343.0,MAGANA,Nicholas,95748,Peru
4856399.0,PERTAKHIYA,Marika,170773,Olympic Athlete from Russia
4856401.0,MCGONAGLE,Leilani,93736,Costa Rica
4856425.0,LACROIX,Audrey,91621,Canada
4856489.0,MILLER,Lotte,93022,Norway
4856495.0,PLATNITSKI,Dzmitry,91502,Belarus
4856503.0,PAVÓN FUNES,Cristopher,95876,Honduras
4856537.0,HA,Jeemin,92753,Republic of Korea
4856575.0,ALMEIDA,João,98873,Portugal
4856599.0,PÉREZ,Madaí,93121,Mexico
4856618.0,TAKAO,Hiroaki,91588,Japan
4856647.0,ALLAN,Florence,92560,Cayman Islands
4856878.0,RICKETTS,Shanieka,95237,Jamaica
4856900.0,MOURÃO,Jaqueline,93716,Brazil
4856900.0,MOURÃO,Jaqueline,91032,Brazil
4856933.0,BANDEY,Haris,93379,Pakistan
4856946.0,ZAKHAROV,Ilya,92245,Russia
4857008.0,UCCELLARI,Davide,91514,Italy
4857031.0,ILYASHENKO,Pavel,95196,Kazakhstan
4857056.0,HOZA,Volodymyr,92893,Ukraine
4857145.0,LASITSKENE,Maria,192506,ROC
4857169.0,VELAGIC,Almir,94499,Germany
4857209.0,NOWACKA,Oktawia,92767,Poland
4857240.0,FERNÁNDEZ,Yonathan,96831,Chile
4857296.0,HIDVÉGI,Vid,96368,Hungary
4857330.0,MIR,Amidou,97797,France
4857352.0,HILDEBRAND,Franziska,91837,Germany
4857480.0,LIANG,Xiaojing,89910,China
4857503.0,KIKUCHI,Yuki,91764,Japan
4857547.0,MURRAY,Samantha,92045,Great Britain
4857552.0,WILLOUGHBY,Alise,101310,United States
4857555.0,KIM,Sangdo,92351,Republic of Korea
4857579.0,TORRES,Albert,92736,Spain
4857592.0,NABOKAU,Dmitri,91502,Belarus
4857622.0,DERS,Lester,95779,Cuba
4857727.0,HASTINGS,Natasha,91849,United States
4857869.0,VAN AANHOLT,Philipine,92954,Aruba
4857904.0,ROQUE,Bredni,91792,Mexico
4857932.0,DIAS,Daiene,95178,Brazil
4857952.0,HUOT MARCHAND,Tifany,94438,France
4857965.0,AGNEL,Yannick,89925,France
4857968.0,SAKILU,Jackline,94593,Tanzania
4857982.0,WOJTUSCISZYN,Natalia,95167,Poland
4857995.0,MCKEOWN,Kaylee,91357,Australia
4858046.0,ASHMAWY,Maggy,92077,Egypt
4858082.0,BRETHAUER,Luis,93600,Germany
4858184.0,BOBOCEL,Ancuta,91838,Romania
4858190.0,CAMBRIDGE,Aska,91841,Japan
4858240.0,DE BLOIS,Glenn,95244,Netherlands
4858266.0,OGOEGBUNAM,Amaka,97539,Nigeria
4858275.0,JÓZSA,Gábor,91810,Hungary
4858295.0,MANSILLA,Humberto,91472,Chile
4858355.0,TAN,Jonathan,89956,Singapore
4858368.0,ARAPTANY,Jacob,91575,Uganda
4858381.0,THORNE,Benjamin,91425,Canada
4858431.0,SAKAI,Sho,95252,Japan
4858483.0,TORTUNGPANICH,Napis,91361,Thailand
4858528.0,PAEZ,Robert,91553,Venezuela
4858545.0,OMELCHUK,Oleh,94461,Ukraine
4858754.0,MERRYWEATHER,Alice,91818,United States
4858763.0,MOREIRA,Sara,91452,Portugal
4858778.0,NOCERA,Gwladys,93402,France
4858797.0,DANCHA,Annamari,94629,Ukraine
4858805.0,IDEN,Gustav,93022,Norway
4858815.0,STEINEGGER,Jördis,96377,Austria
4858825.0,GUTKOWSKI,Lukasz,92767,Poland
4858832.0,JOÃO,Carolina,91414,Portugal
4858929.0,BAILET,Matthieu,92765,France
4858935.0,UNRUH,Lisa,92773,GER
4858948.0,BOUCHARD,Maxim,94084,Canada
4858957.0,LUNYOVA,Anna,91581,Ukraine
4859013.0,LOVETT,Django,91425,Canada
4859022.0,SCHMIDT,Paloma,92915,Peru
4859055.0,SHANGE,Lebogang,91331,South Africa
4859077.0,MCCONNELL,Daniel,90480,Australia
4859109.0,HASLER,Alexandra,92367,Switzerland
4859136.0,MIŠMAŠ ZRIMŠEK,Maruša,91832,Slovenia
4859217.0,HERNÁNDEZ,Vicente,94092,Spain
4859220.0,FISCHNALLER,Roland,91794,Italy
4859266.0,MORALES,Celiangely,92292,Puerto Rico
4859277.0,STEACY,Heather,91425,Canada
4859323.0,NUKURI,Diane,92934,Burundi
4859338.0,FOUQUET,Florian,90493,France
4859359.0,DE BRUIN,Christine,91365,Canada
4859446.0,TANUI,Paul Kipngetich,95235,Kenya
4859447.0,NAING,San,95289,Myanmar
4859483.0,DUKATOVA,Jana,92299,Slovakia
4859502.0,EDNEY,Sam,91517,Canada
4859511.0,ZIEMEK,Zach,91849,United States
4859537.0,CONFIANCE,Rick,91438,Seychelles
4859598.0,SHYMANOVICH,Ilya,92082,Belarus
4859598.0,SHYMANOVICH,Ilya,233512,Individual Neutral Athlete
4859620.0,GUTIÉRREZ,José,92778,Venezuela
4859632.0,VERNON,Andy,92761,Great Britain
4859658.0,SANCHEZ,Kayla,92933,Philippines
4859658.0,SANCHEZ,Kayla,91621,Canada
4859748.0,WISIL,Toea,97582,Papua New Guinea
4859771.0,KUDASHEV,Aleksandr,194639,ROC
4859791.0,PAVLOVA,Anastasia,94643,Ukraine
4859796.0,BARRONDO,José Alejandro,91589,Guatemala
4859853.0,SANCOV,Alexei,91747,Moldova
4859916.0,RAMOS,Beverly,92292,Puerto Rico
4859958.0,KAEWDUANG-NGAM,Siripon,95207,Thailand
4859977.0,REZENDE,Renato,98011,Brazil
4860033.0,CRETU,Valentin,89948,Romania
4860053.0,PROKOPENKO,Anastasiya,93116,Belarus
4860075.0,TKACHUK,Viktoriya,91581,Ukraine
4860084.0,DIMITRIOU,Dimitrios,94631,Greece
4860149.0,DA SILVA,Holder,92611,Guinea-Bissau
4860160.0,HEINER,Nicholas,91584,Netherlands
4860194.0,TAN,Ya,95175,China
4860199.0,IRVINE,Grant,91357,Australia
4860229.0,CONSTABLE,Patrick,92742,Australia
4860285.0,FORBES,Shashalee,95237,Jamaica
4860296.0,POVKH,Mariya,95191,Ukraine
4860357.0,LUITEN,Joost,93179,Netherlands
4860455.0,HELEBRANDT,Máté,91810,Hungary
4860480.0,KONG,Yvette,94465,"Hong Kong, China"
4860507.0,ANGELOV,Pavel,94651,Bulgaria
4860578.0,SZWARNÓG,Agnieszka,96888,Poland
4860639.0,MULLER,Aurélie,99639,France
4860645.0,VIEIRA,Sérgio,91452,Portugal
4860690.0,MCDOWELL,Martyn,96365,New Zealand
4860718.0,PU,Qifeng,92331,China
4860729.0,ERDOGAN,Meryem,97543,Türkiye
4860767.0,DICKINSON,Samuel,92070,Great Britain
4860773.0,FAUR,Remus,91326,Romania
4860821.0,POPOVA,Stefani,91541,Bulgaria
4860864.0,HIS,Loan,95194,France
4860867.0,WOTE,Aman,94034,Ethiopia
4860889.0,ACHTEREEKTE,Carlijn,93590,Netherlands
4860901.0,WELLENS,Tim,98863,Belgium
4860941.0,NEWMAN,Alysha,91425,Canada
4860960.0,KOHLMANN,Fabienne,94474,Germany
4860965.0,SUMGONG,Jemima,95235,Kenya
4860981.0,PONTVIANNE,Jean-Marc,91520,France
4861050.0,CARTER,Tristan,94613,Australia
4861067.0,VLADINOVA,Neviana,94030,Bulgaria
4861077.0,GÁDORFALVI,Áron,91593,Hungary
4861144.0,SOCHOWICZ,Mateusz,95167,Poland
4861204.0,DAMANTSEVICH,Maryna,91502,Belarus
4861244.0,MOSHI,Magdalena,93154,Tanzania
4861256.0,TARNOVSKYI,Serhii,92922,Moldova
4861293.0,ELLIS,Lauren,94432,New Zealand
4861300.0,HAZER,Ahmad,92610,Lebanon
4861302.0,CAPTARI,Dumitru,96396,Romania
4861427.0,TAVERNIER,Alexandra,91520,France
4861451.0,OLIVEIRA,Flavia,95048,Brazil
4861452.0,EDWARDS,Ruth,95637,United States
4861453.0,SHARP,Alena,92265,Canada
4861534.0,RUIZ,Paula,100250,Spain
4861581.0,MARANHÃO,Joanna,95178,Brazil
4861604.0,BERTAGNA,Silvia,92135,Italy
4861621.0,THOMSEN,Benjamin,95279,Canada
4861661.0,ELSHARNOUBY,Fatma,92545,Egypt
4861701.0,LETER,Evita,92320,Suriname
4861766.0,RIEßLE,Fabian,92931,Germany
4861861.0,OSHIGIRI,Misaki,93591,Japan
4861951.0,BEZZINA,Luke,95815,Malta
4861962.0,CUEVA,Fiorella,94040,Peru
4861963.0,IRWIN,Calynn,94050,Canada
4861985.0,YAZAWA,Wataru,91841,Japan
4862000.0,RENTE,Ana,97552,Portugal
4862007.0,STREMPFL,Martin,91443,Austria
4862017.0,SEIDEL,Anna,94088,Germany
4862048.0,ZIMMERMANN,Moacir,96363,Brazil
4862059.0,JOHANSSON,Victor,91826,Sweden
4862059.0,JOHANSSON,Victor,103840,Sweden
4862074.0,BASSETO,Guilherme,95178,Brazil
4862075.0,IORDACHE,Larisa,89958,Romania
4862079.0,NORDÉN,Lisa,92582,Sweden
4862093.0,ADRIAN,Nathan,95184,United States
4862127.0,CLÉIRIGH BÜTTNER,Síofra,96910,Ireland
4862139.0,MADDALENA,Sagen,95182,United States
4862159.0,BURKARD,Elena,94474,Germany
4862209.0,ÖRKEN,Ahmet,95911,Türkiye
4862226.0,IIZUKA,Shota,91841,Japan
4862236.0,TREACY,Farrell,97572,Great Britain
4862321.0,FULLER,Aimee,94437,Great Britain
4862348.0,CHÁVEZ,Arturo,92612,Peru
4862358.0,PEDERSEN,Sverre Lunde,101293,Norway
4862403.0,KOUDELKA,Roman,89942,Czech Republic
4862430.0,BOWMAN,Noah,91843,Canada
4862438.0,BRACHNER,Patrick,92155,Azerbaijan
4862440.0,BROL,Jean Pierre,92766,Guatemala
4862449.0,BALTA,Ksenija,92083,Estonia
4862492.0,LILLIS,Christopher,94642,United States
4862511.0,NOWAKOWSKA,Weronika,94444,Poland
4862604.0,IGNACIO,Judit,91571,Spain
4862652.0,TOIMIL,María Belén,95223,Spain
4862730.0,KOROTKOV,Egor,170773,Olympic Athlete from Russia
4862752.0,DUGONJIC,Damir,89908,Slovenia
4862793.0,MENEGHINI,Elisa,94443,ITA
4862868.0,DEL SOLAR,Matías,92876,Chile
4862916.0,MILLER,Larrissa,92756,Australia
4862928.0,ANASTASAKIS,Michail,97537,Greece
4862937.0,DORIS,Troy,91975,Guyana
4863000.0,BURROWS,Brian,95182,United States
4863029.0,KAUANIVI,Mynhardt,91467,Namibia
4863085.0,ERIKSSON,Sandra,92122,Finland
4863093.0,KANAI,Taio,91841,Japan
4863140.0,MENDES,José,98873,Portugal
4863144.0,BROWNLEE,Alistair,92070,Great Britain
4863193.0,VAN DER POEL,Nils,94132,Sweden
4863242.0,MUKTAN,Jit Bahadur,94872,Nepal
4863262.0,ERMITS,Regina,92297,Estonia
4863312.0,FUKUSHI,Kayoko,91841,Japan
4863319.0,HANNEMAN,Logan,91559,United States
4863384.0,ORYNBAY,Assem,92879,Kazakhstan
4863429.0,DAVIDE,Kleberson,96363,Brazil
4863496.0,GUDERZO,Tatiana,95033,Italy
4863509.0,TRAN,Quoc Cuong,96952,Vietnam
4863535.0,REGINI-MORAN,Giarnni,94067,Great Britain
4863680.0,COLES,Laura,96380,Australia
4863741.0,VENIER,Stephanie,92026,Austria
4863755.0,WICKI,Silvan,95229,Switzerland
4863804.0,MARTINS,Filipa,93831,Portugal
4863837.0,AHOUANWANOU,Odile,97580,Benin
4863874.0,ZAMORA,Andrés,89913,Uruguay
4863898.0,BUCHANAN,Caroline,98010,Australia
4863950.0,HIGGINS,David,95182,United States
4863952.0,HO,Chin-Ping,95199,Chinese Taipei
4863956.0,KENWORTHY,Gus,91583,Great Britain
4863956.0,KENWORTHY,Gus,94642,United States
4863961.0,ZHENG,Pengfei,91535,China
4863973.0,GOOSSENS,Dennis,91355,Belgium
4863979.0,SCHRUB,Yann,91520,France
4864025.0,BREZINA,Michal,91540,Czech Republic
4864060.0,LOPES,Gabriel,91070,Portugal
4864073.0,SCOTT,Giles,96894,Great Britain
4864086.0,MOFFATT,Emma,91994,Australia
4864126.0,WOLF,Lara,90490,Austria
4864145.0,KOZUBEK,Matej,101046,Czech Republic
4864152.0,NESTERENKO,Mykyta,91581,Ukraine
4864155.0,RABAYA,Ekaterina,91639,Russia
4864251.0,MILLINGTON,Ross,92761,Great Britain
4864252.0,IMPEY,Daryl,95044,South Africa
4864283.0,ZACHÄUS,Stefan,92126,Luxembourg
4864290.0,AGUILAR,Evelis,91368,Colombia
4864291.0,DIAO,Xiao Juan,89892,"Hong Kong, China"
4864362.0,SEEMANOVÁ,Barbora,96908,Czech Republic
4864393.0,BECKETT,Michael,96894,Great Britain
4864465.0,POTAPENKO,Elena,95196,Kazakhstan
4864491.0,CHIMROVA,Svetlana,194639,ROC
4864491.0,CHIMROVA,Svetlana,92343,Russia
4864543.0,BERHANU,Lemi,94034,Ethiopia
4864582.0,VOGEL,Florian,92362,Germany
4864646.0,LEE,Meng Yuan,95183,Chinese Taipei
4864648.0,AKKAOUI,Malika,91445,Morocco
4864699.0,PINI,Ryan,95803,Papua New Guinea
4864760.0,BJØRNSEN,Susann,89949,Norway
4864795.0,BACHLEDA-CURUS,Katarzyna,94308,Poland
4864802.0,WILLIAMS,McRae,94642,United States
4864825.0,NEKO,Hiroshi,91043,Cambodia
4864872.0,HYLAND,Brendan,92224,Ireland
4864884.0,PIMENTEL,Cameron,94042,Bermuda
4864932.0,VAN DER BURG,Dave,93603,Netherlands
4864991.0,DRASKAU-PETERSSON,Jess,89902,Denmark
4865049.0,MAROSI,Ádám,91318,Hungary
4865076.0,NICHOLSON,Tyler,94050,Canada
4865142.0,KUBOKURA,Satomi,91841,Japan
4865161.0,CAIRNS,Anne,97129,Samoa
4865211.0,ISLER,Dimitri,96896,Switzerland
4865248.0,MAUS,Jannis,92378,Germany
4865252.0,CASTRO,Luis,92292,Puerto Rico
4865261.0,ENGEL,Mark,91818,United States
4865280.0,HEYLIGER,Rebecca,92878,Bermuda
4865350.0,SHANG,Jincai,94904,China
4865370.0,CLARK,Milly,96375,Australia
4865383.0,ALEV,Alvar Johannes,92125,Estonia
4865392.0,HILBERT,Jonathan,94474,Germany
4865400.0,STUPAK,Yulia,201552,ROC
4865400.0,STUPAK,Yulia,170910,Olympic Athlete from Russia
4865401.0,BARDIS,Giovanni,92377,France
4865465.0,WALLACE,Lloyd,91583,Great Britain
4865481.0,KOSYNSKYY,Dmytro,91581,Ukraine
4865503.0,KUPCZAK,Szczepan,92755,Poland
4865520.0,COSTA,Melani,91571,Spain
4865526.0,FREI,Sina,91480,Switzerland
4865555.0,KIPRUTO,Brimin,95235,Kenya
4865569.0,ELDER,Robert,93445,FIJ
4865594.0,TUKHTAEV,Kamiljon,96357,Uzbekistan
4865607.0,FISCHNALLER,Dominik,94452,Italy
4865641.0,KONOPKO,Bartosz,95246,Poland
4865676.0,FISIKOVICI,Lilia,91393,Moldova
4865714.0,CHEONG,Jun Hoong,90516,Malaysia
4865729.0,EDWARD,Alonso,94472,Panama
4865791.0,KIDD,Gabriella,89924,Brazil
4865812.0,RAHNEVA,Mirela,93122,Canada
4865821.0,NAVAKAUSKAS,Ignas,95172,Lithuania
4865896.0,POTHAIN,Jordan,89925,France
4865941.0,REN,Qian,89939,China
4865977.0,PETROV,Andrey,91434,Uzbekistan
4866059.0,FORSTER,Lars,91480,Switzerland
4866072.0,PALAZKOV,Ilya,93116,Belarus
4866122.0,VUKAŠINOVIC,Sanja,98339,Serbia
4866200.0,THOMAS,Justin,94484,United States
4866228.0,RAMA,Urata,98291,Kosovo
4866299.0,CANCELLARA,Fabian,95642,Switzerland
4866310.0,SKINNER,Mykayla,92027,United States
4866329.0,HATHERLY,Alan,90485,South Africa
4866344.0,DE SMET,William,95204,Belgium
4866478.0,HELCELET,Adam,91602,Czech Republic
4866586.0,SHARPE,Darcy,94050,Canada
4866591.0,LAHRICHI,Driss,93161,Morocco
4866636.0,PRIBOŠIC,Urška,94024,Slovenia
4866715.0,FERGUSON,Ben,92538,United States
4866736.0,VEGA,Luis,92058,Cuba
4866780.0,MALAVE,Elias,94664,Venezuela
4866826.0,THOMPSON,Yanique,95237,Jamaica
4866939.0,TÁTRAI,Miklós,94477,Hungary
4866961.0,SANZULLO,Mario,108272,Italy
4866993.0,MEKONEN,Tigest Getent,95288,Bahrain
4866996.0,CHIRAULT,Thomas,92105,FRA
4866998.0,KIKUCHI,Sumire,91764,Japan
4867003.0,CLAYE,Will,91849,United States
4867035.0,TUMOLERO,Nicola,98002,Italy
4867049.0,PONCELL,María José,92876,Chile
4867091.0,NEITA,Daryll,92761,Great Britain
4867151.0,KYKKÄNEN,Julia,96943,Finland
4867208.0,THOMSON,Kathryn,97572,Great Britain
4867249.0,MARCHANT,Armand,92540,Belgium
4867287.0,ODUDURU,Divine,97539,Nigeria
4867392.0,SIMPSON,Jenny,91849,United States
4867394.0,ANEV,Krasimir,91541,Bulgaria
4867435.0,ROBINSON,Toby,104359,Great Britain
4867444.0,O'HARE,Chris,92761,Great Britain
4867447.0,DANILUK,Piotr,90517,Poland
4867608.0,COLOMBO,Filippo,91480,Switzerland
4867610.0,VINCENT,Julia,91345,South Africa
4867650.0,MEHILLI,Suela,92787,Albania
4867692.0,MARCIA,Stefano,92022,South Africa
4867711.0,NÖCKLER,Dietmar,92055,Italy
4867719.0,MORRISON,Keri,97784,Canada
4867806.0,MUTO,Hiroki,92310,JPN
4867834.0,KANG,Dong-Jin,91408,Republic of Korea
4867865.0,BIRD-SMITH,Dane,96375,Australia
4867898.0,BICKNER,Kevin,94066,United States
4867913.0,IANCULESCU,Alexandra,94131,Romania
4867954.0,KACHELHOFFER,An-Li,95044,South Africa
4867981.0,YORDANOVA,Emilia,91541,Bulgaria
4868002.0,MIRZOYAN,Arakel,91980,Armenia
4868011.0,BURNETT,Derek,94633,Ireland
4868019.0,GOVOROV,Andriy,89938,Ukraine
4868042.0,OSKAN-CLARKE,Shelayna,92761,Great Britain
4868081.0,SAWADOGO,Tindwendé,96257,Burkina Faso
4868088.0,SRESTHAPORN,Savate,91361,Thailand
4868106.0,DURÃES,Diana,91070,Portugal
4868141.0,PAN,Cheng Tsung,92993,Chinese Taipei
4868202.0,EVERARD,Ciara,96910,Ireland
4868254.0,ORTEGA,Mauricio,91368,Colombia
4868300.0,WALZ,Marcus,91881,Spain
4868315.0,GRUEST,Valerie,96243,Guatemala
4868348.0,PAPPAS,Alexi,97537,Greece
4868424.0,FELIX,Allyson,91849,United States
4868426.0,CANDRIAN,Sina,92367,Switzerland
4868432.0,TAPIA,Felipe,91749,Chile
4868469.0,PIPI,Ama,92761,Great Britain
4868484.0,KING,Morghan,92092,United States
4868492.0,SIGUENI,Hicham,91445,Morocco
4868505.0,COURTNEY,Kate,94014,United States
4868617.0,DIAME,Fátima,95223,Spain
4868700.0,SAWYERS,Jazmin,92761,Great Britain
4868782.0,POZZATTI,Gianluca,91514,Italy
4868807.0,STRENIUS,Patricia,96930,Sweden
4868850.0,PRONKIN,Valeriy,192506,ROC
4868864.0,BANIÓTIS,Konstadínos,97537,Greece
4868883.0,SHIOURA,Shinri,95181,Japan
4868906.0,MUSSABAYEV,Danil,97346,Kazakhstan
4868944.0,ZWOLINSKA,Klaudia,94597,Poland
4868975.0,SAWANT,Tejaswini,94600,India
4868985.0,GREGURIC,Matija,91770,Croatia
4869096.0,TUDELA,Miguel,96853,Peru
4869137.0,NAKAMURA,Akihiko,91841,Japan
4869155.0,JIN,Yun-Seong,91812,Republic of Korea
4869161.0,BRENNAN,Rosie,91559,United States
4869183.0,CAO,Hui,94636,CHN
4869188.0,ANDRÈ,Thiago,96363,Brazil
4869252.0,DAVIDOVICH,Maayan,91765,Israel
4869282.0,LAMPELA,Elina,92122,Finland
4869409.0,MENNING,Petter,92332,Sweden
4869522.0,FERGUSON,Sheniqua,96929,Bahamas
4869541.0,KEHR,Gabriel,91472,Chile
4869611.0,GOLDBERG,Jared,91818,United States
4869629.0,PARCHMENT,Hansle,95237,Jamaica
4869649.0,AYOVI,Lisseth,92222,Ecuador
4869706.0,RODRÍGUEZ,Déborah,89913,Uruguay
4869878.0,ESPINOZA,Ahymará,91508,Venezuela
4869935.0,ATKINSON,Alia,95218,Jamaica
4869958.0,PONSON,Allyson,92166,Aruba
4869960.0,KENZEL,Alina,94474,Germany
4869998.0,JANTSAN,Gantugs,92888,Mongolia
4870016.0,SOTO,Nercely,91508,Venezuela
4870021.0,BONGIORNI,Anna,91594,Italy
4870071.0,DEKKER,Michelle,95244,Netherlands
4870140.0,ALAFASI,Ahmad,95268,Independent Olympic Athlete
4870141.0,GÜNES,Viktoria,92048,Türkiye
4870164.0,HILDEBRAND,Nadine,94474,Germany
4870188.0,SASNAL,Gabriela,91859,Poland
4870192.0,TANII,Takayuki,91841,Japan
4870245.0,FESIKOVA,Anastasia,92343,Russia
4870245.0,FESIKOVA,Anastasia,194639,ROC
4870251.0,WON,Jeong-Sik,91812,Republic of Korea
4870305.0,KRAGELJ,Ursa,94020,Slovenia
4870310.0,TOUTANT,Sébastien,94050,Canada
4870326.0,YAKIMUSHKIN,Ivan,201552,ROC
4870347.0,ŠUTEJ,Tina,91832,Slovenia
4870466.0,CHA,Min Kyu,97997,Republic of Korea
4870486.0,SIAME,Sydney,96376,Zambia
4870499.0,ANDREEV,Bozhidar,92566,Bulgaria
4870506.0,PHONOPPHARAT,Natthaphong,95207,Thailand
4870618.0,HLAVA,Lukáš,89942,Czech Republic
4870623.0,DALEY,Thomas,89933,Great Britain
4870726.0,HAWKINS,Derek,92761,Great Britain
4870731.0,TARADIN,Denis,91474,Cyprus
4870751.0,CALVO,Jossimar,100759,Colombia
4870752.0,MÜLLER,Lisa,91640,Germany
4870827.0,BLASHKO,Daria,90491,Ukraine
4870866.0,PARS,Krisztián,91810,Hungary
4870907.0,SELTENREICH-HODGSON,Erika,91621,Canada
4870918.0,KOSKI,Matias,92601,Finland
4870970.0,EISENLAUER,Sebastian,96925,Germany
4871040.0,HAUGEN,Sofie Karoline,101293,Norway
4871093.0,HOWARD,Marisa,91849,United States
4871134.0,FRENCH,Camille,95176,New Zealand
4871141.0,AVDALYAN,Nazik,91980,Armenia
4871189.0,RODRÍGUEZ,Marco Antonio,96955,Bolivia
4871196.0,KAMWOROR,Geoffrey,95235,Kenya
4871253.0,BADRUTDINOV,Ildar,92236,Kazakhstan
4871308.0,PRSKAVEC,Jirí,97526,Czech Republic
4871318.0,DAWSON,Michael John,92885,New Zealand
4871351.0,FROOME,Chris,102358,Great Britain
4871368.0,WESTER,Oscar,91754,Sweden
4871417.0,HALKINA,Katsiaryna,94037,Belarus
4871523.0,LEMMERER,Harald,91415,Austria
4871535.0,VELÁSQUEZ,Carolina,89935,Colombia
4871539.0,HOUSTON III,Harold,92116,Bermuda
4871626.0,CHETCUTI,William,92375,Malta
4871672.0,HAJDARI,Musa,101187,Kosovo
4871698.0,CARDOSO,André,98873,Portugal
4871711.0,ANKIEWICZ,Emilia,96888,Poland
4871792.0,AZHGALIYEV,Abzal,92578,Kazakhstan
4871809.0,SCHAEFFER,Juan Ramón,92766,Guatemala
4871815.0,DUCÓ,Natalia,91472,Chile
4871820.0,KHVORIKOVA,Anna,194738,ROC
4871833.0,MEITÉ,Ben Youssef,91544,Côte d'Ivoire
4871888.0,IPSEN,Kristian,91613,United States
4871899.0,VUKICEVIC,Marko,93906,SRB
4871933.0,DMYTRENKO,Ruslan,91581,Ukraine
4871977.0,PARK,Seung-Hi,97997,Republic of Korea
4872022.0,FERRER,Laila,96363,Brazil
4872034.0,ABADÍA,Antonio,95223,Spain
4872041.0,STEPANYUK,Darya,89938,Ukraine
4872063.0,BOESCH,Fabian,96896,Switzerland
4872068.0,ŠUŠKEVICIUS,Tadas,94493,Lithuania
4872130.0,KRUŽEL,Ondrej,92095,Slovakia
4872139.0,FAIVRE,Mathieu,92765,France
4872141.0,CALDWELL,Hilary,91621,Canada
4872143.0,SKAGESTAD,Sven Martin,94497,Norway
4872148.0,BARTHELEMY,Valerie,92774,Belgium
4872151.0,CERNÝ,Dominik,91884,Slovakia
4872180.0,SALMAN,Kivilcim,97543,Türkiye
4872225.0,BASSIL,Ray,91622,Lebanon
4872230.0,MCCARTNEY,Eliza,95176,New Zealand
4872390.0,GSCHWANDTNER,Selina,91640,Germany
4872513.0,HANCOCK,Vincent,95182,United States
4872552.0,STUART,Bianca,96929,Bahamas
4872604.0,OTEIZA,Marie,90507,France
4872617.0,TESFAYE,Homiyu,94474,Germany
4872630.0,HYNCICOVÁ,Petra,91603,Czech Republic
4872666.0,MATINTALO,Johanna,94041,Finland
4872670.0,CHERUIYOT,Vivian,95235,Kenya
4872675.0,CICHOCKA,Angelika,96888,Poland
4872700.0,AYANA,Almaz,94034,Ethiopia
4872732.0,KOLYADA,Mikhail,170772,Olympic Athlete from Russia
4872754.0,GLAETZER,Matthew,92742,Australia
4872780.0,SAUVOUREL,Chloé,93371,Central African Republic
4872794.0,YOSHIDA,Keishin,91882,Japan
4872867.0,BURTASOVA,Evgeniya,201554,ROC
4872880.0,PÉREZ,Paola,91997,Ecuador
4872896.0,JENNEKE,Michelle,96375,Australia
4872996.0,PAPP,Mark,103835,Hungary
4873018.0,HORVAT,Anita,91832,Slovenia
4873019.0,AKRAM,Ahmed,92010,Egypt
4873088.0,KOSEKI,Yasuhiro,95181,Japan
4873098.0,VRHOVNIK,Vid,97566,Slovenia
4873110.0,WILSON,Nile,94067,Great Britain
4873125.0,FLOOD,Naomi,91723,Australia
4873146.0,GARZA,Alejandra,91792,Mexico
4873147.0,KEMBOI,Ezekiel,95235,Kenya
4873232.0,OLIJNIK,Andrej,95172,Lithuania
4873233.0,SMITS,Seppe,91490,Belgium
4873240.0,GLANC,Zaneta,96888,Poland
4873320.0,KELLY,Ashley,92289,British Virgin Islands
4873332.0,YU,Dong-Ju,91812,Republic of Korea
4873364.0,GROTHEER,Christopher,97549,Germany
4873375.0,HOLTMANN,Mina Fürst,91509,Norway
4873396.0,ALKHALDI,Jasmine,92933,Philippines
4873423.0,ZHOU,Min,91428,China
4873500.0,GREGSON,Genevieve,96375,Australia
4873525.0,KAJAN,Selma,96375,Australia
4873550.0,HAIMY,Shlomi,93511,Israel
4873559.0,MIRCHEVA,Militsa,91802,Bulgaria
4873571.0,PUTALOVÁ,Iveta,91884,Slovakia
4873585.0,STATEFF,Delian,91514,Italy
4873591.0,BEREND,Ben,92303,United States
4873602.0,AL HUMIYD,Mahmoud Mohammed,96314,Saudi Arabia
4873618.0,RANDALL,Kikkan,91559,United States
4873661.0,NIASTSIARENKA,Maksim,91502,Belarus
4873675.0,SHIKLER,Zohar,92897,Israel
4873684.0,LEE,Hui-Sol,91812,Republic of Korea
4873713.0,BENSON,Craig,95254,Great Britain
4873749.0,KONINI,Manjola,94660,Albania
4873784.0,NOVALES,Tariku,95223,Spain
4873817.0,PACHNER,Lukas,91417,Austria
4873838.0,YANOVSKA,Olena,91581,Ukraine
4873889.0,FAIVRE PICON,Anouk,95262,France
4873908.0,CHO,Won-Woo,92753,Republic of Korea
4873929.0,MITAS,Efthimios,96966,Greece
4873956.0,MARUSAVA,Hanna,91385,Belarus
4873965.0,WILD,Kirsten,89885,Netherlands
4874081.0,SHIDA,Leni,91575,Uganda
4874093.0,KORMOS,Villõ,95759,Hungary
4874095.0,FÖRSTER,Katharina,94060,Germany
4874100.0,GONTCHAROV,Vladimir,91639,Russia
4874127.0,STECCHI,Claudio,91594,Italy
4874151.0,YU,Ai Wen,95183,Chinese Taipei
4874201.0,RÍGA,Sofía,97537,Greece
4874238.0,LAUSTSEN,Niklas,98012,Denmark
4874240.0,GAGNÉ,Raphaël,96342,Canada
4874259.0,SUGIMOTO,Kousuke,92019,Japan
4874261.0,HASEGAWA,Junya,95181,Japan
4874263.0,SCHMIDHOFER,Nicole,92026,Austria
4874290.0,ESHETE,Shitaye,95288,Bahrain
4874304.0,RIVOLTA,Matteo,91971,Italy
4874321.0,RYZHYKOVA,Anna,91581,Ukraine
4874328.0,GRECHIN,Andrey,92343,Russia
4874356.0,NESPOLI,Mauro,91529,ITA
4874367.0,MONTEIRO,Gideoni,90472,Brazil
4874382.0,LIEBIG,Fabian,91511,Germany
4874385.0,REID,Joanne,94039,United States
4874393.0,ST. PIERRE,Elle,91849,United States
4874442.0,HÄMMERLE,Alessandro,91417,Austria
4874475.0,KIM,Jong Su,91885,DPR Korea
4874501.0,SOLOMON,Steven,96375,Australia
4874511.0,ROCO,Karen,91989,Chile
4874531.0,VOGEL,Kristina,90116,Germany
4874595.0,PERLAZA,Jhon Alejandro,91368,Colombia
4874599.0,PATTERSON,Ryan,96890,South Africa
4874632.0,CHEN,Peina,91462,China
4874657.0,NAWRATH,Philipp,91837,Germany
4874690.0,SMITH,Anabelle,91751,Australia
4874772.0,BRAVO,Elizabeth,95862,Ecuador
4874781.0,RIGONI,Sergio,92055,Italy
4874873.0,RAGETTLI,Andri,96896,Switzerland
4874886.0,PETERSEN,Sara Slott,89902,Denmark
4874889.0,KILLICK,Graeme,92054,Canada
4874908.0,KAYMER,Martin,92136,Germany
4874910.0,TCHATCHET II,Cyrille,195592,Refugee Olympic Team
4875012.0,ZAMBRANO,Anthony José,91368,Colombia
4875018.0,CHANG,Hao,91996,Chinese Taipei
4875027.0,KLEIN,Hanna,94474,Germany
4875049.0,ROBERT-MICHON,Mélina,91520,France
4875131.0,PEEL,Laura,91375,Australia
4875153.0,LEHTONEN,Lari,94041,Finland
4875173.0,YANG,Kun-Pi,95183,Chinese Taipei
4875229.0,DOS SANTOS,Lucas Marcelino,96363,Brazil
4875238.0,YUDENKOV,Yevgen,91376,Ukraine
4875318.0,SASAKI,Satoru,91841,Japan
4875371.0,SU,Bingtian,89910,China
4875380.0,CHEVALIER-BOUCHET,Anaïs,95788,France
4875438.0,KRIGERS,Kristens,94317,Latvia
4875439.0,OLSBU RØISELAND,Marte,91421,Norway
4875486.0,NIYONKURU,Abraham,92934,Burundi
4875498.0,ACET,Alperen,97543,Türkiye
4875517.0,KRESTOVA,Anastassiya,92578,Kazakhstan
4875550.0,FATKULINA,Olga,201553,ROC
4875552.0,PASTARE,Agnese,89947,Latvia
4875632.0,KOHALA,Svante,91340,Sweden
4875879.0,KALNYSH,Natallia,94461,Ukraine
4875885.0,DOMINIAK,Natalia,92767,Poland
4875898.0,LEVINS,Cameron,91425,Canada
4875925.0,TYSHCHENKO,Artem,90491,Ukraine
4875989.0,LOOSER,Vera,105590,Namibia
4875991.0,SOLIZ,Óscar,95485,Bolivia
4876027.0,ŠKARNITZL,Jan,91402,Czech Republic
4876055.0,MASTRO,Maddie,92538,United States
4876075.0,BURGHARDT,Alexandra,94474,Germany
4876096.0,ORTIZ,Mirna,91589,Guatemala
4876099.0,GALLINA,Francesca,91794,Italy
4876120.0,BAILEY,Tavis,91849,United States
4876147.0,TSIMANOUSKAYA,Krystsina,96888,Poland
4876147.0,TSIMANOUSKAYA,Krystsina,91502,Belarus
4876148.0,JOHANSSON,Karin,92332,Sweden
4876169.0,HOXHA,Sidni,98156,Albania
4876185.0,QUINION,Aurélien,91520,France
4876217.0,HORTON,Mack,91357,Australia
4876227.0,RIPSRUD,Martine,101293,Norway
4876229.0,JUUL-JENSEN,Christopher,95914,Denmark
4876276.0,LOSEVA,Inna,91581,Ukraine
4876282.0,KOZLOWSKI,Artur,96888,Poland
4876299.0,MARIN,Lluís,94503,Andorra
4876301.0,NUMMEDAL,Christian,92062,Norway
4876347.0,THÉAUX,Adrien,92765,France
4876348.0,MCMILLAN,Patrick,91607,Ireland
4876362.0,OLDERSHAW,Mark,96895,Canada
4876365.0,CHEBAN,Yuriy,95191,Ukraine
4876439.0,GUT-BEHRAMI,Lara,94036,Switzerland
4876482.0,SKUJINŠ,Toms,102351,Latvia
4876487.0,MAYER,Lisa,94474,Germany
4876506.0,UNO,Shoma,89921,Japan
4876535.0,SARROU,Jordan,91409,France
4876543.0,MATHESON,James,91375,Australia
4876556.0,JIYA,Tasa,91854,Netherlands
4876596.0,MEZULIÁNÍKOVÁ,Diana,91602,Czech Republic
4876602.0,AUGIER,Jordan,95807,Saint Lucia
4876650.0,LEE,Hsuan-Yen,94601,Chinese Taipei
4876750.0,SICHENIKOVA,Lidiia,94643,Ukraine
4876767.0,MERDINYAN,Harutyun,99220,Armenia
4876772.0,KIM,Min-Seok,97997,Republic of Korea
4876775.0,KIM,Dong-Woo,91731,Republic of Korea
4876793.0,KINSEY,Erika,91373,Sweden
4876808.0,BONILLA,Magaly,91997,Ecuador
4876815.0,OMELKO,Rafal,96888,Poland
4876817.0,LUCZ,Dora,95242,Hungary
4876846.0,CRAWFORD,Candace,95279,Canada
4876882.0,DODDS,Tony,92100,New Zealand
4876910.0,MCKAY,Caeli,94084,Canada
4876962.0,CHAMAUNE,Mussa,97312,Mozambique
4877021.0,OKORI,Reïna-Flor,95290,Equatorial Guinea
4877107.0,HROBAT,Miha,96892,Slovenia
4877117.0,TAKEUCHI,Taku,91829,Japan
4877170.0,MEZGEC,Luka,105594,Slovenia
4877199.0,AYALE,Gashau,94450,Israel
4877253.0,RAJABI,Leyla,93136,Iran
4877295.0,CHALOYAN,Davit,10785,Armenia
4877297.0,NANIEV,Timur,194613,ROC
4877345.0,EL KAMASH,Marwan,92010,Egypt
4877355.0,GLINTA,Robert,91977,Romania
4877356.0,BARBER,Kelsey-Lee,96375,Australia
4877390.0,TRACEY,Ristananna,95237,Jamaica
4877469.0,GALLARDO,Karen,91472,Chile
4877478.0,BOUCHICHA,Hicham,95764,Algeria
4877505.0,TALANOVA,Daria,92806,Kyrgyzstan
4877590.0,KIS,Gergõ,94021,Hungary
4877638.0,REMME,Roni,95279,Canada
4877667.0,FRASSE SOMBET,Coralie,92765,France
4877688.0,GÓMEZ,Jesús,95223,Spain
4877729.0,MCDOWELL,Kevin,95777,United States
4877770.0,GUO,Jianli,92896,China
4877783.0,RIES,Michel,95737,Luxembourg
4877806.0,FENLATOR,Jazmine,93125,Jamaica
4877812.0,THORUP,Sofia-Prosvirnova,163939,Olympic Athlete from Russia
4877812.0,THORUP,Sofia-Prosvirnova,201556,ROC
4877897.0,PORTILLA,Yohany,89943,Cuba
4878022.0,CHEPTEGEI,Joshua,91575,Uganda
4878025.0,SATO,Taishu,92323,Japan
4878048.0,CHISCA,Tatiana,91747,Moldova
4878085.0,WILSON,Andrew,95184,United States
4878110.0,MAVROMMATIS,Nikolaos,96966,Greece
4878113.0,CSEMEZ,Andrej,14616,Slovakia
4878119.0,HENDRICKX,Loena,91617,Belgium
4878144.0,CARNOL,Laurent,93152,Luxembourg
4878210.0,YANG,Zhe,92887,China
4878262.0,JEVTIC,Olivera,101446,Serbia
4878315.0,VITTOZZI,Lisa,92341,Italy
4878352.0,JAGACIAK,Anna,96888,Poland
4878353.0,WAITE,Lennie,92761,Great Britain
4878472.0,KAY,Emily,91033,Ireland
4878479.0,MARQUIS,Philippe,91843,Canada
4878520.0,ZAFERES,Katie,95777,United States
4878635.0,PLUMMER,David,95184,United States
4878677.0,JONES,Luuka,92885,New Zealand
4878806.0,PIERRON,Veronique,94438,France
4878813.0,THOMAS,Martin,91449,France
4878826.0,REUVENY,Tom,91765,Israel
4878851.0,KABASAWA,Wakana,91841,Japan
4878904.0,KERSCHBAUMER,Gerhard,91031,Italy
4878920.0,VYTRVAL,Jan,91350,Czech Republic
4878953.0,THORUP,Viktor Hald,101292,Denmark
4878956.0,CHIKUNOVA,Daria,92343,Russia
4879000.0,BONDARUK,Roman,94461,Ukraine
4879008.0,RAHIMOV,Nijat,95165,Kazakhstan
4879060.0,WARAKOMSKA,Magdalena,95246,Poland
4879102.0,MCTAVISH,Simon,96895,Canada
4879128.0,YANG,Hakseon,91524,Republic of Korea
4879208.0,BLEDMAN,Keston,91503,Trinidad & Tobago
4879213.0,TEKDAL,Ayse,97543,Türkiye
4879226.0,MCCANN,Melanie,92256,Canada
4879310.0,ROBINSON,Owen,92049,New Zealand
4879343.0,SCHEIDT,Robert,89924,Brazil
4879359.0,RUSSO,Fernanda,91973,Argentina
4879399.0,KISLINGER,Sebastian,91417,Austria
4879412.0,KYLLÖNEN,Anne,94041,Finland
4879520.0,VAN DER BURGH,Cameron,94594,South Africa
4879540.0,BROCKHOFF,Belle,95230,Australia
4879551.0,TOLEDO,Braian,94602,Argentina
4879553.0,ELISTRATOV,Semen,201556,ROC
4879553.0,ELISTRATOV,Semen,163939,Olympic Athlete from Russia
4879574.0,WEERTMAN,Ferry,100240,Netherlands
4879603.0,ALMGREN,Andreas,91373,Sweden
4879616.0,MCINTOSH,Seonaid,95224,Great Britain
4879638.0,MERCADO,Scarleth,94480,Nicaragua
4879723.0,HENDRICKSON,Sarah,94066,United States
4879844.0,BOUANANI,Amine,95764,Algeria
4879869.0,MEYNEN,Julie,93152,Luxembourg
4879964.0,SOULEIMAN,Ayanleh,92227,Djibouti
4880031.0,HOLLIDAY,Tanya,96375,Australia
4880160.0,GASPARIN,Elisa,96387,Switzerland
4880163.0,BRENDEL,Sebastian,91606,Germany
4880235.0,WANG,Chunyu,89910,China
4880296.0,CHEPTAI,Irine Chepet,95235,Kenya
4880366.0,GOLOVATSIUK,Ignat,98000,Belarus
4880390.0,FRÄBEL,Antonia,96925,Germany
4880398.0,MEUCCI,Daniele,91594,Italy
4880440.0,LESSING,Roland,92297,Estonia
4880444.0,IWABUCHI,Reira,91769,Japan
4880468.0,CHELIMO,Paul,91849,United States
4880471.0,GONTIER,Nicole,92341,Italy
4880514.0,WAHI,Sunayna,94498,Suriname
4880534.0,NAGAY,Agnieszka,90517,Poland
4880555.0,RUDOLF,Žan,91832,Slovenia
4880617.0,DUKURS,Tomass,92042,Latvia
4880686.0,ASHER-SMITH,Dina,92761,Great Britain
4880712.0,FLANAGAN,Ben,91425,Canada
4880735.0,SCHWANITZ,Christina,94474,Germany
4880764.0,RODRÍGUEZ,Juan Miguel,91045,Cuba
4880847.0,MATTIS,Sam,91849,United States
4880867.0,KOROKNAI,Máté,91810,Hungary
4880907.0,OKEZIE,Chidi,97539,Nigeria
4880914.0,AGUILAR CHAVEZ PEON,Mariana,91846,Mexico
4880943.0,RIVEROS,Bárbara,92023,Chile
4880955.0,LI,Qishi,98001,China
4880957.0,FLORIANI,Yuri,91594,Italy
4880978.0,ENKHTAIVAN,Davaakhuu,94501,Mongolia
4881067.0,VOLKOVA,Ekaterina,90498,Finland
4881093.0,LEE,Min-Sik,92760,Republic of Korea
4881170.0,SUTER,Gaël,91036,Switzerland
4881182.0,BODEN,Lauren,96375,Australia
4881206.0,GÁLVEZ,Fátima,91458,Spain
4881209.0,FUKUBE,Mako,91841,Japan
4881252.0,BERENGUER,Ignacio,91846,Mexico
4881280.0,PODMANÍKOVÁ,Andrea,92037,Slovakia
4881316.0,RASTELLI,Maicol,92055,Italy
4881372.0,SAZONOVA,Irina,91325,Iceland
4881472.0,DE GENNARO,Giovanni,97569,Italy
4881556.0,ABREU,Diogo,97552,Portugal
4881557.0,ASANOVA,Natalya,91434,Uzbekistan
4881624.0,OETTL REYES,Ornella,95296,Peru
4881737.0,VANDERBEMDEN,Robin,91068,Belgium
4881757.0,RODALLEGA,Santiago,91454,Colombia
4881783.0,WOODRUFF,Gianna,94472,Panama
4881865.0,STEVIC,Ivan,105585,Serbia
4881880.0,PAPACHRISTOU,Paraskevi,97537,Greece
4881885.0,KOMŠIC,Andrea,94646,Croatia
4881914.0,CLARKE,Lawrence,92761,Great Britain
4881920.0,DALALOYAN,Artur,194642,ROC
4881969.0,WHYTE,Ronda,95237,Jamaica
4881983.0,CLUGNET,James,93719,Great Britain
4882006.0,HORVAT,Ivan,91770,Croatia
4882027.0,CHOCHO,Andrés,91997,Ecuador
4882090.0,BRO,Signe,91774,Denmark
4882112.0,RATEJ,Martina,91832,Slovenia
4882134.0,PORTER,Chanice,95237,Jamaica
4882171.0,MITAKIS,Ioannis,91766,Greece
4882195.0,ZHANG,Yan,90487,China
4882199.0,STÅHL,Daniel,91373,Sweden
4882200.0,KLYMETS,Iryna,91581,Ukraine
4882271.0,HYNNE,Hedda,94497,Norway
4882335.0,WILLOUGHBY,Sam,98010,Australia
4882396.0,GALLANTREE,Rebecca,89933,Great Britain
4882577.0,NOMURA,Harukyo,91637,Japan
4882601.0,TANNENBAUM,Katie,93613,Virgin Islands
4882602.0,SINAPOV,Anton,91541,Bulgaria
4882630.0,SMITH,David,92292,Puerto Rico
4882635.0,MARQUES,Eduardo,91414,Portugal
4882643.0,SCHWAIGER,Dominik,92764,Germany
4882647.0,GREIG,Daniel,94698,Australia
4882702.0,MILANO,Jefferson,98014,Venezuela
4882740.0,WAISS,Abdi,92227,Djibouti
4882774.0,MUN,Ji-Hee,91620,Republic of Korea
4882786.0,HAJDÚ,Jonatán,95242,Hungary
4882820.0,ER,Necati,97543,Türkiye
4882866.0,BATAGELJ,Polona,105594,Slovenia
4882905.0,TERAUCHI,Ken,95252,Japan
4882959.0,SIUTSOU,Kanstantsin,102343,Belarus
4882980.0,PALMA,Isaac,93121,Mexico
4883011.0,DENNIS,Rohan,95039,Australia
4883038.0,KHADASEVICH,Pavel,92249,Belarus
4883102.0,VALERO,David,92735,Spain
4883149.0,GRESZCZYSZYN,Dave,93122,Canada
4883160.0,DA SILVA,Adriana Aparecida,96363,Brazil
4883233.0,QUEIROZ DOS SANTOS,Isaquias,95220,Brazil
4883322.0,GILLINGS-BRIER,Zoë,94437,Great Britain
4883356.0,KO,Jin Young,91969,Republic of Korea
4883384.0,HERRERA,Arnoldo,91371,Costa Rica
4883412.0,TAN,Ya-Ting,91526,Chinese Taipei
4883542.0,MICKA,Jan,96908,Czech Republic
4883567.0,KUBACKI,Dawid,93126,Poland
4883598.0,CHERONO,Mercy,95235,Kenya
4883628.0,MIYAMOTO,Masanori,91588,Japan
4883652.0,BORELLO,Fernando,91973,Argentina
4883688.0,ABDALLA,Abubaker Haydar,96945,Qatar
4883704.0,LYSDAHL,Kristin,91509,Norway
4883707.0,ASTAKHOV,Anton,91639,Russia
4883727.0,REPACHOLI,Daniel,96380,Australia
4883765.0,PHALULA,Diana,91331,South Africa
4883778.0,KUDINOVA,Anastasiya,91386,Kazakhstan
4883798.0,HUANG,Shih-Feng,95199,Chinese Taipei
4883805.0,VARABEI,Maksim,91776,Belarus
4883825.0,MIKEC,Damir,98339,Serbia
4883839.0,BINGHAM,Khamica,91425,Canada
4883908.0,KUDRYAVTSEVA,Yana,95783,Russia
4883915.0,TURRINI,Federico,91971,Italy
4883968.0,RUKAJÄRVI,Enni,91852,Finland
4883970.0,HANCHAROU,Uladzislau,91990,Belarus
4884005.0,GANDULLA,Arialis,89943,Cuba
4884015.0,CORMENIER,Carole,90493,France
4884046.0,SÁNCHEZ,David,95782,Spain
4884073.0,NDJOUME,Charly,95316,Cameroon
4884114.0,ERMITS,Kalev,92297,Estonia
4884122.0,VAN ZYL,Irvette,91331,South Africa
4884123.0,HANSEN,Simon,89902,Denmark
4884135.0,ROWBURY,Shannon,91849,United States
4884143.0,VEDDER,Jake,92538,United States
4884189.0,PEREIRA,João,92102,Portugal
4884226.0,TOTH,Celina,94084,Canada
4884299.0,LAKKA,Elmo,92122,Finland
4884301.0,FLÜTSCH,Kaspar,92367,Switzerland
4884319.0,BEN ISMAIL,Afef,97313,Tunisia
4884326.0,CHANNELL,Jane,93122,Canada
4884339.0,MAMIÉ,Lisa,91334,Switzerland
4884355.0,RANAIVOSOA,Hanitra,94626,Mauritius
4884407.0,YANGPAIBOON,Naphaswan,91361,Thailand
4884410.0,BOCCHI,Tobia,91594,Italy
4884432.0,DREISSIGACKER,Emily,94039,United States
4884453.0,PRINSLOO BENEKE,Lynique,91331,South Africa
4884463.0,STEPHENS,Laura,95254,Great Britain
4884477.0,DÍAZ,Daniel,99401,Argentina
4884524.0,DURU,Joan,93735,France
4884552.0,BOWDEN,Scott,95039,Australia
4884552.0,BOWDEN,Scott,90480,Australia
4884562.0,MICKLE,Kimberley,96375,Australia
4884566.0,TUTKHALIAN,Seda,96404,Russia
4884568.0,CUBELOS,Francisco,91881,Spain
4884578.0,PRYMA,Artem,90491,Ukraine
4884580.0,BRAISAZ-BOUCHET,Justine,95788,France
4884647.0,HIRSCHBICHLER,Gabriele,97780,Germany
4884682.0,AMADO,Isabella,93669,Panama
4884698.0,IOANE,Vaipava,91440,Samoa
4884701.0,HRISTOV,Stefan,102346,Bulgaria
4884759.0,LILL,Candice,90485,South Africa
4884810.0,PAN,Chien-Hung,91850,Chinese Taipei
4884881.0,URIBE,Mariajo,92992,Colombia
4884889.0,JOBODWANA,Anaso,91331,South Africa
4884917.0,KLEIN,Sascha,92352,Germany
4884949.0,DÖNERTAS,Nazli Çagla,91044,Türkiye
4884962.0,SAGSTRÖM,Madelene,94090,Sweden
4884978.0,NKOKA,Lebenya,91378,Lesotho
4885072.0,AHMED,Esraa,91470,Egypt
4885080.0,SALCEDO,Claudia,96831,Chile
4885082.0,CERVENKOVÁ,Markéta,91602,Czech Republic
4885114.0,KARALIOK,Yauheni,90475,Belarus
4885186.0,PARK,Hae Mi,92351,Republic of Korea
4885213.0,CIEPLUCHA,Tessa,91621,Canada
4885242.0,FISHER,Ryan,91994,Australia
4885251.0,MARQUART,Simon,94143,Switzerland
4885316.0,TAKAHASHI,Yuko,91775,Japan
4885341.0,THOMAS HUGUE,Coraline,95262,France
4885371.0,ISMAIL,Mohammad Fakhri,92290,Brunei Darussalam
4885372.0,LIM,Kyunghee,96937,Republic of Korea
4885374.0,YAN,Zibei,91428,China
4885408.0,BERGSMA,Heather,94702,United States
4885450.0,ROMANOVA,Aleksandra,91386,Kazakhstan
4885462.0,SKARPNORD,Marianne,98186,Norway
4885512.0,TABAKAUCORO,Ratu Banuve,91488,Fiji
4885520.0,KIM,Un Hyang,92333,DPR Korea
4885542.0,KOBAYASHI,Ryoyu,91829,Japan
4885552.0,KACHANOVA,Daria,201553,ROC
4885613.0,GLEBAUSKAS,Adrijus,94493,Lithuania
4885675.0,PÉREZ,Irving,96951,Mexico
4885686.0,COXSEY,Shauna,98738,Great Britain
4885735.0,ARTYMATA,Eleni,96373,Cyprus
4885747.0,ILIAS,Periklis,93345,Greece
4885787.0,MCCULLOCH,Kaarle,92742,Australia
4885829.0,BUCHAN,Murray,91583,Great Britain
4885884.0,TOMECEK,Jakub,91460,Czech Republic
4885908.0,CHEN,Po-Jen,91850,Chinese Taipei
4886010.0,TEPLY,Viktor,91475,Czech Republic
4886020.0,YEE,Regan,91425,Canada
4886021.0,CHARNI,Olfa,94054,Tunisia
4886037.0,ESTOPIÑÁN,Reinier,91045,Cuba
4886116.0,TRENTINI,Alessio,98002,Italy
4886182.0,KODEDOVÁ,Barbora,91312,Czech Republic
4886230.0,WINDISCH,Dominik,92341,Italy
4886260.0,BUNDY-DAVIES,Seren,92761,Great Britain
4886261.0,FERNÁNDEZ,Javier,91457,Spain
4886440.0,MOJALALI,Adel,96639,Iran
4886459.0,THOMAS,Geraint,102358,Great Britain
4886491.0,HORN,Carina,91331,South Africa
4886500.0,TACHIZAKI,Mikito,94485,Japan
4886507.0,KAMEYAMA,Kohei,94494,Japan
4886518.0,CHESANG,Stella,91575,Uganda
4886522.0,BREKNE,Odd Arne,91321,Norway
4886643.0,BILES,Simone,92027,United States
4886657.0,KIM,Junho,97997,Republic of Korea
4886664.0,NAGY,Konrád,94700,Hungary
4886733.0,AMUSAN,Tobi,97539,Nigeria
4886739.0,MANDABA,Elisabeth,92283,Central African Republic
4886764.0,ERVIN,Anthony,95184,United States
4886808.0,POLANC,Jan,105594,Slovenia
4886835.0,BROWN-CONNOLLY,Erika,95184,United States
4886967.0,KIM,Se-Hee,92336,Republic of Korea
4886987.0,RISELEY,Jeffrey,96375,Australia
4887050.0,PERETTI,Lucia,92553,Italy
4887090.0,KRUAITHONG,Sinphet,91046,Thailand
4887116.0,VASILTSOVA,Mariya,170911,Olympic Athlete from Russia
4887116.0,VASILTSOVA,Mariya,200954,ROC
4887121.0,STERCKENDRIES,Vanessa,91068,Belgium
4887149.0,BINDRA,Abhinav,94600,India
4887184.0,ANTSYBOR,Maryna,89907,Ukraine
4887222.0,KONISHI,Anna,95181,Japan
4887224.0,RADFORD,Kane,108282,New Zealand
4887284.0,YUASA,Naoki,95174,Japan
4887361.0,MATSUMOTO,Haruna,91769,Japan
4887390.0,JAGERS,Reggie,91849,United States
4887407.0,VAN NIEKERK,Wayde,91331,South Africa
4887441.0,JANSSEN,Henrik,94474,Germany
4887459.0,COMENENTIA,Denzel,91854,Netherlands
4887575.0,WYNTER,Timothy,95218,Jamaica
4887618.0,MANAUDOU,Florent,89925,France
4887619.0,VANHOOF,Elke,93599,Belgium
4887630.0,IZAGIRRE,Ion,95650,Spain
4887662.0,XING,Yu,94636,CHN
4887715.0,OPUAKPO,Samson,92804,Nigeria
4887830.0,MUKTAR,Abdelmalik,92169,Ethiopia
4887844.0,BRANDL,Maximilian,91399,Germany
4887911.0,CARLIN,Jack,89899,Great Britain
4888020.0,RUTTO,Stella,91838,Romania
4888025.0,OCHNER,Nadya,91794,Italy
4888055.0,FECK,Stephan,92352,Germany
4888070.0,ANDERSEN,Brooke,91849,United States
4888107.0,BIAGIOLI,Cecilia,103834,Argentina
4888156.0,DRAHOTOVÁ,Anežka,91602,Czech Republic
4888192.0,MOLA,Mario,94092,Spain
4888197.0,BUHL,Philipp,92378,Germany
4888203.0,ESSALHI,Youness,91445,Morocco
4888216.0,SADOVNIKOV,Aleksandr,92343,Russia
4888304.0,LAMADRID TRUEBA,Pilar,91496,Spain
4888331.0,MOHBAT,Natacha,94019,Lebanon
4888383.0,MALEC,Vedrana,93321,Croatia
4888415.0,OH,Joohan,96937,Republic of Korea
4888425.0,TSIKLAURI,Nino,91616,Georgia
4888430.0,WISSMER,Nele,91640,Germany
4888457.0,LÜDI,Sanna,96896,Switzerland
4888471.0,WHITTAKER,Ben,10820,Great Britain
4888475.0,SADOVSKY,Roman,94623,Canada
4888477.0,RUPP,Galen,91849,United States
4888499.0,BEAULIEU-MARCHAND,Alex,91843,Canada
4888722.0,ROPONEN,Riitta-Liisa,94041,Finland
4888745.0,ZHANG,Guowei,89910,China
4888746.0,HAFFARI,Driss,93698,Morocco
4888795.0,ŽAMPA,Andreas,92115,Slovakia
4888798.0,LOWE,Daniel,95182,United States
4888866.0,EKE,Nadia,95193,Ghana
4889032.0,GRANDA,Ángel,91496,Spain
4889104.0,BIELA-NOWACZYK,Weronika,91845,Poland
4889128.0,BAZHINA,Nadezhda,92245,Russia
4889192.0,FINN,Michelle,96910,Ireland
4889231.0,BIRTWHISTLE,Jacob,91994,Australia
4889236.0,DOBEK,Patryk,96888,Poland
4889268.0,PARK,Inbee,91969,Republic of Korea
4889297.0,SHEVCHUK,Hanna,91581,Ukraine
4889340.0,MOHAMMED,Nour,92077,Egypt
4889376.0,REHRL,Franz-Josef,91995,Austria
4889391.0,ETELÄTALO,Lassi,92122,Finland
4889425.0,DELAUNAY,Eric,90493,France
4889468.0,MARSAGLIA,Lorenzo,94640,Italy
4889565.0,SUNANG,Marestella,95257,Philippines
4889618.0,KANG,Chae Young,91328,Republic of Korea
4889687.0,DYRBYE,Casper,91976,Denmark
4889698.0,SOHAIL,Minhal,91743,Pakistan
4889790.0,GROENEWOUD,Marijke,93590,Netherlands
4889815.0,POU,Sovijja,95311,Cambodia
4889834.0,STROLIA,Vytautas,93120,Lithuania
4889980.0,SAMILIDIS,Panagiotis,94631,Greece
4890048.0,CHOPRA,Neeraj,91760,India
4890058.0,CLAES,Hanne,91068,Belgium
4890135.0,DA SILVA,Solonei,96363,Brazil
4890213.0,DA SILVA,Izabela,96363,Brazil
4890217.0,BARRATT,Bronte,91357,Australia
4890237.0,WIKSTRÖM,Ursula,92869,Finland
4890385.0,HUG,Tim,91435,Switzerland
4890412.0,BETT,Nicholas,95235,Kenya
4890476.0,BUCIK JOGAN,Ana,96892,Slovenia
4890485.0,CHEN,Ying,92331,China
4890504.0,DESCOMBES SEVOIE,Vincent,91748,France
4890605.0,TÓTH,Matej,91884,Slovakia
4890644.0,JARMOLINSKA,Aleksandra,90517,Poland
4890656.0,MANNIO,Ari,92122,Finland
4890669.0,GASPARIN,Aita,96387,Switzerland
4890672.0,GHEBRESLASSIE,Ghirmay,97583,Eritrea
4890677.0,CONTIN,Alexis,93593,France
4890680.0,BENNETT,Chris,92761,Great Britain
4890682.0,ABRAMENKO,Oleksandr,91353,Ukraine
4890683.0,THOMPSON,Cherelle,92279,Trinidad & Tobago
4890765.0,LAVILLENIE,Valentin,91520,France
4890795.0,GUSTENAU,Gustav,92651,Austria
4890854.0,JACKSON,Abeiku,92165,Ghana
4890939.0,ZDELAR,Bojan,94524,Serbia
4890993.0,EJIMA,Masaki,91841,Japan
4891033.0,PALAMEIKA,Madara,89947,Latvia
4891105.0,INGA,Evelyn,92612,Peru
4891164.0,HIRANO,Ayumu,91769,Japan
4891164.0,HIRANO,Ayumu,101350,JPN
4891184.0,FIRFIRICA,Alin Alexandru,91838,Romania
4891215.0,BRUNO,Federico,94602,Argentina
4891275.0,STÓJ,Bartlomiej,96888,Poland
4891276.0,OLEZZA,Facundo,95243,Argentina
4891306.0,FORBES,Ronald,91582,Cayman Islands
4891322.0,NUMA,Teariki,97600,Papua New Guinea
4891348.0,KASPER,Romy,98857,Germany
4891354.0,HIRAOKA,Taku,91769,Japan
4891401.0,WEBER,Terence,92931,Germany
4891452.0,STRAUTMANIS,Lauris,90503,Latvia
4891486.0,JOLY,Damien,89925,France
4891495.0,FIORAVANTI,Leonardo,93330,Italy
4891544.0,MEILUTYTE,Ruta,90494,Lithuania
4891577.0,FERGUSON,Grant,94434,Great Britain
4891603.0,EGOROVA,Anna,194639,ROC
4891651.0,ANDREWS,Robby,91849,United States
4891711.0,DICKSON,Emily,92064,Canada
4891737.0,IUSCO,Florentina,91838,Romania
4891739.0,PETTY,Angie,95176,New Zealand
4891751.0,BRÓDKA,Zbigniew,94308,Poland
4891777.0,ABU DRAIS,Methkal,92285,Jordan
4891832.0,RODEŠ,Istok,94646,Croatia
4891892.0,TIBERI,Andrea,91031,Italy
4891941.0,SCHMID,Constantin,93128,Germany
4891943.0,SCHMITS,Roberto,90500,Brazil
4891989.0,GO,Arisa,93591,Japan
4892070.0,EBERHARD,Tobias,91415,Austria
4892140.0,STARIKOVA,Olena,89889,Ukraine
4892188.0,LEONI,Tommaso,91794,Italy
4892214.0,BARTKO,Simon,92348,Slovakia
4892240.0,PHEE,Jinq-En,95805,Malaysia
4892260.0,JEBET,Ruth,95288,Bahrain
4892279.0,NEWELL,Andrew,91559,United States
4892291.0,TULLIUS,Rexford,95310,Virgin Islands
4892352.0,VLHOVÁ,Petra,92115,Slovakia
4892376.0,VERMEULEN,Mika,96382,Austria
4892437.0,SCHEPER,Jeanelle,92576,Saint Lucia
4892449.0,DURANGO,Diana,91804,Ecuador
4892494.0,TAMOURIDIS,Ioannis,102345,Greece
4892539.0,GALIABOVITCH,Elena,96380,Australia
4892552.0,BALLA,Musaeb Abdulrahman,96945,Qatar
4892558.0,SOTSKOVA,Maria,170772,Olympic Athlete from Russia
4892576.0,VIVAS,Borja,95223,Spain
4892589.0,SENDRIUTE,Zinaida,94493,Lithuania
4892606.0,CARTER,Michelle,91849,United States
4892651.0,STANKO-KLYMENKO,Svitlana,91581,Ukraine
4892748.0,IGNJATOVIC,Nevena,93906,SRB
4892828.0,BOCKARIE,Solomon,91854,Netherlands
4892865.0,MONTOYA,Felipe,91457,Spain
4892886.0,CABRAL,Donald,91849,United States
4892887.0,EDER,Simon,91415,Austria
4892944.0,DUFFY,Flora,92867,Bermuda
4892969.0,WILLIAMS,Bianca,92761,Great Britain
4892985.0,KRECH,Roman,94306,Kazakhstan
4893036.0,HALL,Georgia,92268,Great Britain
4893065.0,VASBÁNYAI,Henrik,95242,Hungary
4893135.0,DENSHCHIKOV,Semen,170773,Olympic Athlete from Russia
4893178.0,IGARASHI,Kanoa,93498,Japan
4893190.0,LANG,Salome,95229,Switzerland
4893201.0,KOFSTAD,Espen,98186,Norway
4893229.0,VERSTUYFT,Katrien,92774,Belgium
4893262.0,ÖSTLUND,Anita,91522,Sweden
4893275.0,DEBUES-STAFFORD,Gabriela,91425,Canada
4893283.0,FERNÁNDEZ,Jorge,89943,Cuba
4893373.0,NAKAMURA,Miki,92310,JPN
4893423.0,KOSTNER,Aaron,92543,Italy
4893434.0,HABLÜTZEL,David,92367,Switzerland
4893440.0,TRUSKAUSKAS,Gediminas,94493,Lithuania
4893490.0,FARRELL,Megan,94050,Canada
4893677.0,SCOTT,Duncan,95254,Great Britain
4893689.0,JACOBS,Lamont Marcell,91594,Italy
4893694.0,STENE,Jenny,91321,Norway
4893718.0,LUTSENKO,Alexey,102341,Kazakhstan
4893738.0,GUADIE,Ageze,94450,Israel
4893766.0,HOLTERMAN,Jill,91854,Netherlands
4893814.0,FATTOUH,Mahassen Hala,95271,Lebanon
4893852.0,ANGELSEN,Tonje,94497,Norway
4893962.0,ZANNI,Mirko,92758,Italy
4894011.0,HÖRNBLAD,Lisa,92322,Sweden
4894033.0,DUO,Bujie,89910,China
4894047.0,HO,Chad,107900,South Africa
4894204.0,SUTANTO,Glenn,93156,Indonesia
4894230.0,TYULENEVA,Valeriya,96968,Kazakhstan
4894251.0,TRIKI,Yasser,95764,Algeria
4894260.0,BÖSIGER,Jonas,92367,Switzerland
4894265.0,IKAWA,Hiroyuki,91618,Japan
4894271.0,SALAMATINA,Valeria,194639,ROC
4894375.0,VANDERPOOL-WALLACE,Arianna,96927,Bahamas
4894440.0,SEIFERT,Bernhard,94474,Germany
4894492.0,MELVERTON,Kiah,91357,Australia
4894514.0,SMITH,Tatjana,94594,South Africa
4894615.0,DIDERIKSEN,Amalie,96341,Denmark
4894677.0,AMOAH,Christian,93290,Ghana
4894712.0,RIZZELLI,Martina,94443,ITA
4894754.0,KOTZMANN,Adam,96381,Czech Republic
4894799.0,NAPLOSZEK,Slawomir,91067,POL
4894837.0,FÖLDHÁZI,Zsófia,91318,Hungary
4894926.0,RAJASEKARA,Niluka Geethani,94442,Sri Lanka
4894941.0,FIGUEROA,Yusleidy,94647,Venezuela
4895076.0,SMELLIE,Gavin,91425,Canada
4895095.0,MORALES,Sebastián,92901,Colombia
4895119.0,ROSSET,Matthieu,91493,France
4895129.0,HTWE,San Yu,96352,Myanmar
4895308.0,DAVIES,Rose,96375,Australia
4895320.0,KOWAL,Matylda,96888,Poland
4895334.0,SKINNER,Callum,89899,Great Britain
4895358.0,DELACOUR,Perrine,93402,France
4895365.0,BEHAN,Kieran,100760,Ireland
4895398.0,ANDREASSEN,Simon,92739,Denmark
4895409.0,FÉLIX,Ana Dulce,91452,Portugal
4895457.0,LIU,Lingling,100771,China
4895461.0,BÁTOVSKÁ FIALKOVÁ,Paulína,92348,Slovakia
4895489.0,BROMER,Viktor,91774,Denmark
4895493.0,MUNTEAN,Andrei,89958,Romania
4895506.0,ZEQIRI,Rita,98493,Kosovo
4895529.0,KHARITONOVA,Marta,93648,Russia
4895558.0,MATHLOUTHI,Ahmed,92808,Tunisia
4895569.0,NAERT,Koen,91068,Belgium
4895593.0,VANDERELST,Elise,91068,Belgium
4895600.0,BRAUN,Maxim,94063,Kazakhstan
4895615.0,BRUNNER,Stephanie,92026,Austria
4895687.0,SATILA,Ana,92891,Brazil
4895781.0,DUKACH,Anton,91557,Ukraine
4895850.0,FURGER,Roman,92781,Switzerland
4895895.0,HOUGH,Nicholas,96375,Australia
4895960.0,KNABL,Alois,96385,Austria
4896020.0,MUNOZ HERRERA,Carlos Alberto,93736,Costa Rica
4896039.0,BOISVERT-LACROIX,Alex,97784,Canada
4896047.0,HOANG,Quy Phuoc,92814,Vietnam
4896139.0,KOMATZ,David,91415,Austria
4896143.0,THOMAS,Reyare,91503,Trinidad & Tobago
4896219.0,TAYLOR,Ryan,92049,New Zealand
4896269.0,KOVACEVIC,Lazar,98339,Serbia
4896275.0,JENSEN,Arne,93448,Tonga
4896284.0,KUDEJOVA,Katerina,97526,Czech Republic
4896285.0,YI,Siling,92331,China
4896292.0,FERRAIOLI,Erika,91971,Italy
4896322.0,ABELE,Arthur,94474,Germany
4896352.0,JEONG,Jongwon,92675,Republic of Korea
4896376.0,KURJO,Maria,92352,Germany
4896454.0,OPELOGE,Mary,91440,Samoa
4896476.0,GUZEL,Ecem,91044,Türkiye
4896489.0,VASKOUSKAYA,Iryna,91502,Belarus
4896608.0,NAGASU,Mirai,91516,United States
4896625.0,DABA,Tejitu,95288,Bahrain
4896674.0,WEIBRECHT,Andrew,91818,United States
4896689.0,SPIRIDONOVA,Daria,96404,Russia
4896708.0,MUKHIN,Alexandr,94063,Kazakhstan
4896729.0,DUSMUROTOV,Sardorbek,91572,Uzbekistan
4896743.0,PESIRIDOU,Elisavet,97537,Greece
4896841.0,GORDON,Lalonde,91503,Trinidad & Tobago
4896847.0,LIVINGSTON,Derek,94050,Canada
4896918.0,BURKS,Quanesha,91849,United States
4896950.0,CHARHEIKA,Illia,89928,Belarus
4896982.0,CALLISTER,Kent,95230,Australia
4896994.0,SÝKORA,Jirí,91602,Czech Republic
4896998.0,OSIPOVA,Elena,194612,ROC
4897006.0,CHETCUTI,Gianluca,92375,Malta
4897015.0,PUJOL,Cristina,91496,Spain
4897028.0,BOUWMEESTER,Marit,91584,Netherlands
4897047.0,HASSAN,Suldan,91373,Sweden
4897143.0,PARK,Tae-Hwan,92558,Republic of Korea
4897170.0,BECK,Leonie,101044,Germany
4897170.0,BECK,Leonie,92362,Germany
4897219.0,ZHANG,Dong,91535,China
4897224.0,HADI,Sudirman,95812,Indonesia
4897283.0,VAN BERKEL,Martina,91334,Switzerland
4897358.0,JÄRVILEHTO,Kalle,91852,Finland
4897426.0,BEZZINA,Eleanor,92375,Malta
4897441.0,LAGAB,Azzedine,98871,Algeria
4897449.0,ODELE,Tega,97539,Nigeria
4897478.0,LAIDLAW,Harry,92318,Australia
4897539.0,AUGIS,Axel,95194,France
4897567.0,BOYD-CLOWES,Mackenzie,92257,Canada
4897635.0,CLARKE,Dominic,92263,Australia
4897639.0,BRORSSON,Mona,91473,Sweden
4897653.0,RAHAUTSOU,Stsiapan,91502,Belarus
4897716.0,SURKOVA,Anna,170910,Olympic Athlete from Russia
4897721.0,DIKEÇ,Yusuf,92561,Türkiye
4897830.0,KLIMINA,Darya,94063,Kazakhstan
4897846.0,LE COURT,Kimberley,98860,Mauritius
4897864.0,RUMJANCEVS,Aleksejs,92354,Latvia
4897890.0,GEBREMESKEL,Dejen,94034,Ethiopia
4897980.0,VULETA,Ivana,101446,Serbia
4898063.0,TIMUANI,Etimoni,97761,Tuvalu
4898082.0,PEETERS,Jelena,94697,Belgium
4898123.0,BASHIR,Ghulam Mustafa,91743,Pakistan
4898209.0,WU,Cuicui,92331,China
4898210.0,OKE,Tosin,97539,Nigeria
4898221.0,SCHUBERT,Jakob,95119,Austria
4898222.0,GREEN,Gavin,96283,Malaysia
4898388.0,CAVIEZEL,Gino,94036,Switzerland
4898419.0,HAUGHEY,Siobhán,94465,"Hong Kong, China"
4898447.0,MATHIES,Lukas,91417,Austria
4898474.0,VERZOTTO,Maicol,94640,Italy
4898483.0,MARCH,Aaron,91794,Italy
4898600.0,ZAKARIN,Ilnur,194638,ROC
4898674.0,ANDRIATSITOHAINA,Tojonirina Alain,96897,Madagascar
4898678.0,STRACHAN,Anthonique,96929,Bahamas
4898739.0,CONCEICAO NASCIMENTO,Valdenice,95220,Brazil
4898751.0,GRIFFITH,Adrian,96929,Bahamas
4898762.0,TSOGBADRAKH,Munkhzul,94501,Mongolia
4898823.0,WAEM,Laura,91355,Belgium
4898855.0,QUIQUAMPOIX,Jean,90493,France
4898955.0,ELLISON,Brady,92041,United States
4898960.0,WHYTE,Annsert,95237,Jamaica
4898962.0,BATURINA,Ekaterina,164517,Olympic Athlete from Russia
4898966.0,SILADJI,Caba,94520,Serbia
4899014.0,STJERNEN,Andreas,92606,Norway
4899015.0,AL FAIHAN,Abdulrahman,95268,Independent Olympic Athlete
4899015.0,AL FAIHAN,Abdulrahman,91366,Kuwait
4899033.0,MERZOUGUI,Abdelaziz,95223,Spain
4899072.0,GREGSON,Ryan,96375,Australia
4899120.0,AHMED,Sara,91470,Egypt
4899133.0,PEÑA,José,91508,Venezuela
4899147.0,TORRES,Nicolas Exequiel,94316,Argentina
4899156.0,THOMPSON,Frank,95182,United States
4899223.0,BAUMANN,Jonas,92781,Switzerland
4899231.0,DE SOUZA,Alessandro,96397,Peru
4899247.0,SUÁREZ,Leonel,89943,Cuba
4899249.0,SHIN,Da-Hye,92760,Republic of Korea
4899358.0,SONGHURST,Isabelle,91329,Great Britain
4899389.0,KACZMAREK,Pawel,91364,Poland
4899417.0,VAICIULIS,Modestas,92671,Lithuania
4899425.0,INGLESE,Veronica,91594,Italy
4899467.0,CHEN,Ding,89910,China
4899475.0,LENDEL,Miglè,92727,Lithuania
4899599.0,CHEEVER,Jonathan,92538,United States
4899641.0,OLIVEIRA,Ingrid,94635,Brazil
4899657.0,KÄSER,Yannick,91334,Switzerland
4899664.0,CAMERON,Lloydricia,95237,Jamaica
4899716.0,KULHAVÝ,Jaroslav,91402,Czech Republic
4899734.0,BENUŠ,Matej,92299,Slovakia
4899772.0,MARINO,Julia,92538,United States
4899835.0,BADEN,Joel,96375,Australia
4899876.0,BRÄGGER,Pablo,94608,Switzerland
4899897.0,KNIBB,Kellion,95237,Jamaica
4899909.0,VEITH,Anna,92026,Austria
4899938.0,MCEVOY,Cameron,91357,Australia
4899980.0,FERLAZZO,Alex,92350,Australia
4900061.0,DRAKOU,Theodora,94631,Greece
4900083.0,SHEVCHENKO,Anna,96968,Kazakhstan
4900186.0,ROJAS,Yulimar,91508,Venezuela
4900188.0,CHEN,Lijun,92887,China
4900204.0,CARIOLOU,Andreas,91474,Cyprus
4900230.0,ANDRADE,Rebeca,91777,Brazil
4900261.0,COCUZZI,Luiz,91032,Brazil
4900325.0,KUMAR,Sandeep,91760,India
4900402.0,VERRASZTÓ,Evelyn,94021,Hungary
4900430.0,MALISZEWSKA,Natalia,95246,Poland
4900486.0,THOMPSON,Marielle,91843,Canada
4900599.0,STAREGA,Maciej,91629,Poland
4900652.0,VORSSELMAN,Ruth,92363,Netherlands
4900653.0,CHRISTENSEN,Simone,98012,Denmark
4900664.0,PUENTES,Adrián,97557,CUB
4900681.0,WOODWARD,Freddie,89933,Great Britain
4900742.0,JUWAWO,Wirimanyu,92313,Zimbabwe
4900773.0,DREßEN,Thomas,92764,Germany
4900782.0,SETO,Daiya,95181,Japan
4900783.0,CALVO,Tania,92736,Spain
4900802.0,KWON,Sun-Oo,92760,Republic of Korea
4900816.0,HOLLAND,Vicky,92070,Great Britain
4900916.0,FREITAG,Richard,93128,Germany
4900919.0,SIRSE,Tilen,95232,Slovenia
4901057.0,VONN,Lindsey,91818,United States
4901124.0,AL HARTHI,Barakat,95816,Oman
4901131.0,HASEGAWA,Tsubasa,93591,Japan
4901132.0,BULTHEEL,Michaël,91068,Belgium
4901144.0,VITA,Claudine,94474,Germany
4901145.0,LILIK,Elena,91626,Germany
4901181.0,GEBESHIAN,Houry,99220,Armenia
4901226.0,ROLLE,Jamial,96929,Bahamas
4901355.0,FONUA,Amini,98164,Tonga
4901395.0,BAUER,Klemen,91444,Slovenia
4901460.0,RODRÍGUEZ,Joaquim,95650,Spain
4901517.0,GEZAHEGNE,Kalkidan,95288,Bahrain
4901582.0,STROLIA,Mantas,92671,Lithuania
4901603.0,KRAFT,Stefan,94661,Austria
4901617.0,PRONZHENKO,Kristina,91873,Tajikistan
4901647.0,MIRESSI,Alessandro,91971,Italy
4901657.0,PEJPKOVÁ,Katarína,91884,Slovakia
4901663.0,HOOPER,Gloria,91594,Italy
4901665.0,LYAKHOVA,Olha,91581,Ukraine
4901693.0,PROTSENKO,Andrii,91581,Ukraine
4901748.0,HOLUB,Tamila,91070,Portugal
4901800.0,SOTO,Waleska,92766,Guatemala
4901807.0,VUKOVIC,Marija,94371,Montenegro
4901916.0,RITO,Sofia,95800,Uruguay
4901921.0,VIZZI,Dania,95182,United States
4902039.0,GAO,Lei,100771,China
4902063.0,ONDRA,Adam,93874,Czech Republic
4902090.0,MALIN,Markus,91852,Finland
4902117.0,BOUZAYANI,Marwa,96919,Tunisia
4902141.0,IVANOV,Tihomir,91802,Bulgaria
4902171.0,DE MARCHI,Alessandro,95033,Italy
4902220.0,HAUKENES,Håvard,94497,Norway
4902226.0,SAUBIDET BIRKNER,Bautista,95243,Argentina
4902248.0,SAMASSEKOU,Fatoumata,93158,Mali
4902272.0,MOUSTAFAEVA,Kseniya,96901,France
4902295.0,GYURTA,Gergely,94021,Hungary
4902319.0,FUCHS,Markus,92900,Austria
4902337.0,KOSTELECKÝ,David,91460,Czech Republic
4902354.0,HUI,Zicheng,92331,China
4902508.0,BJØRNSTAD,Espen,94456,Norway
4902521.0,ALI,Ahmed,91327,Sudan
4902522.0,VIEIRA,João,91452,Portugal
4902535.0,TANAKA,Keiji,89921,Japan
4902542.0,AGHASYAN,Levon,95228,Armenia
4902548.0,HARVEY,Jak Ali,97543,Türkiye
4902579.0,KOSTYUK,Denys,95038,Ukraine
4902583.0,TITIMETS,Anna,91581,Ukraine
4902639.0,AHMMED,Masbah,92614,Bangladesh
4902659.0,ILIEV,Vladimir,91541,Bulgaria
4902667.0,KIRYIENKA,Vasil,102343,Belarus
4902710.0,BOYCE,Brendan,96910,Ireland
4902729.0,BURY,Kamil,91629,Poland
4902746.0,YUSOF,Eddy,94608,Switzerland
4902749.0,GRANZ,Caterina,94474,Germany
4902763.0,SEAWARD,Kevin,96910,Ireland
4902795.0,PATES,Jake,92538,United States
4902829.0,HOPJÁKOVÁ,Vendula,92004,Czech Republic
4902837.0,RUSSELL,Janieve,95237,Jamaica
4902875.0,SVAB,Filip,94611,Czech Republic
4902895.0,WELLBROCK,Sarah,92362,Germany
4902927.0,FEIERABEND,Denise,94036,Switzerland
4902938.0,KUDLICKA,Jan,91602,Czech Republic
4902945.0,UCHIMA,Kohei,99399,Japan
4903028.0,GUÐNASON,Guðni Valur,96911,Iceland
4903079.0,COMBOT,Sébastien,91449,France
4903085.0,VILLUMSEN,Linda,105593,New Zealand
4903107.0,DORSAINVIL,Frantz,92974,Haiti
4903141.0,JULIE,Allan,91507,Seychelles
4903147.0,SCHAAD,Roman,92781,Switzerland
4903154.0,FUREY,Sean,91849,United States
4903167.0,RIGAUDO,Elisa,91594,Italy
4903225.0,MARGUC,Rok,94024,Slovenia
4903229.0,IVANYUK,Ilya,192506,ROC
4903234.0,LEKAMGE,Dilhani,94442,Sri Lanka
4903244.0,VARGAS,Richard,91508,Venezuela
4903315.0,MORALES,Yeziel,92234,Puerto Rico
4903319.0,LI,Nan,91066,China
4903363.0,GILAVERT,Louis,91520,France
4903372.0,LIN,Yuemei,92331,China
4903392.0,SMITH,Zoe,91864,Great Britain
4903472.0,WOODWARD,Bradley,91357,Australia
4903488.0,JEKOVA,Alexandra,91465,Bulgaria
4903494.0,AGUILAR,Yulenmis,89943,Cuba
4903494.0,AGUILAR,Yulenmis,95223,Spain
4903566.0,HALSALL,Francesca,95254,Great Britain
4903637.0,BAGIO,José Alessandro,96363,Brazil
4903651.0,MARCHENKO,Veronika,94643,Ukraine
4903662.0,CONSTANTINO,Gabriel,96363,Brazil
4903679.0,KODAIRA,Nao,93591,Japan
4903740.0,AL ALAWI,Mazoon,95816,Oman
4903744.0,RIMMER,Michael,92761,Great Britain
4903772.0,ZHANG,Fusheng,92331,China
4903859.0,SCHÖNEBORN,Lena,91511,Germany
4903860.0,BÜCHLI,Matthijs,89885,Netherlands
4903884.0,ISAKSEN,Margaux,91348,United States
4903885.0,VOZEL,Tjaša,89908,Slovenia
4903891.0,FAZLOULA,Saeid,195790,Refugee Olympic Team
4903994.0,LO,Ryan,92053,Singapore
4904019.0,DE LAAT,Itzhak,94048,Netherlands
4904026.0,ANIS,Rami,155330,Refugee Olympic Team
4904034.0,HUANG,Mei Chien,94601,Chinese Taipei
4904054.0,SHANG,Chunsong,91858,China
4904126.0,PUUSTA,Ingrid,91530,Estonia
4904142.0,DAHLGREN,Jennifer,94602,Argentina
4904190.0,BUADROMO,Matelita,98162,Fiji
4904206.0,ROSSETTI,Gabriele,91868,Italy
4904207.0,KLJAKOVIC-GAŠPIC,Ivan,92084,Croatia
4904254.0,CAMPBELL,Kemoy,95237,Jamaica
4904256.0,RAHEEM,Kimiko,96250,Sri Lanka
4904272.0,MILEV,Emil,95182,United States
4904273.0,ADKINS,Bradley,91849,United States
4904372.0,ZSIVOCZKY-FARKAS,Györgyi,91810,Hungary
4904392.0,BALANDIN,Dmitriy,97528,Kazakhstan
4904423.0,RIM,Jong Sim,91532,DPR Korea
4904430.0,ZHOU,Vincent,91516,United States
4904481.0,ESTIFANOS,Tewelde,97583,Eritrea
4904512.0,CARRE,Cyrille,92104,France
4904638.0,BARBOSA,Vera,91452,Portugal
4904718.0,GASSER,Anna,91417,Austria
4904727.0,KHAMIDOVA,Sitora,91434,Uzbekistan
4904728.0,SWEENEY,Emily,92051,United States
4904744.0,GLANIA,Jan-Philip,92362,Germany
4904775.0,LUKA,Tintu,91760,India
4904824.0,DAS,Atanu,92057,India
4904869.0,CONDORELLI,Santo,91621,Canada
4904869.0,CONDORELLI,Santo,91971,Italy
4904876.0,HORSKÁ,Kristýna,96908,Czech Republic
4904912.0,SAUVEPLANE,Valérian,90493,France
4904919.0,VILLANUEVA,Claudio,91997,Ecuador
4904951.0,ZHANG,Jingjing,92331,China
4905043.0,DE VRIES,Bob,93590,Netherlands
4905089.0,ODERMATT,Marco,94036,Switzerland
4905236.0,BRANDL,David,96377,Austria
4905285.0,CASTILLO,Rut,91383,Mexico
4905291.0,LABICHE,Lissa,96903,Seychelles
4905296.0,FANARA,Thomas,92765,France
4905358.0,ADLERTEG,Jonna,92572,Sweden
4905374.0,CONLEY,Kim,91849,United States
4905395.0,ROBICHAUD,Audrey,91843,Canada
4905397.0,HRONEK,Tim,94060,Germany
4905399.0,LEGAULT,Emy,91732,Canada
4905403.0,COOK,Kassidy,91613,United States
4905410.0,DEL BOSCO,Christopher,91843,Canada
4905463.0,FOURNEL,Emilie,96895,Canada
4905469.0,LI,Tong,95175,China
4905494.0,FRENCH,Kate,92045,Great Britain
4905495.0,ŠTANTE,Tit,94024,Slovenia
4905517.0,SARRAZIN,Cyprien,92765,France
4905666.0,SON,Yeon-Jae,95769,Republic of Korea
4905722.0,BRAMMEIER,Nikki,102358,Great Britain
4905743.0,CAMPOS,Rafael,92204,Puerto Rico
4905752.0,ZAKURDAEV,Igor,94077,Kazakhstan
4905768.0,DIXON,Aly,92761,Great Britain
4905784.0,BABIKOV,Anton,164519,Olympic Athlete from Russia
4905818.0,MOHAMED,Abdelrahman,91470,Egypt
4906111.0,BARSHIM,Mutaz Essa,96945,Qatar
4906139.0,GROZDEVA,Maria,91609,Bulgaria
4906143.0,SCHMIDT,Casimir,96969,Netherlands
4906147.0,CHI,Chunxue,94904,China
4906148.0,KIM,Seon-Su,91620,Republic of Korea
4906232.0,ALMUDHAF,Khaled,95268,Independent Olympic Athlete
4906232.0,ALMUDHAF,Khaled,91366,Kuwait
4906302.0,STEVENSON,Colby,94642,United States
4906337.0,PERNSTEINER,Hermann,98862,Austria
4906434.0,PETRASHOV,Denis,92806,Kyrgyzstan
4906472.0,DERUNGS,Isabel,92367,Switzerland
4906534.0,KIM,Ji-Hyon,96836,Republic of Korea
4906539.0,BOUIH,Yassin,91594,Italy
4906549.0,FRAGA,Samory,96363,Brazil
4906561.0,HOSNI,Wissem,96919,Tunisia
4906659.0,ALVARINO GARCIA,Miguel,97541,Spain
4906712.0,TOULSON,Lois,89933,Great Britain
4906765.0,NYANTAI,Bayaraa,94501,Mongolia
4906907.0,MAHIEU,Romain,97797,France
4906917.0,BAKER,Kathleen,95184,United States
4906925.0,LEITÃO,Iúri,90469,Portugal
4906989.0,ŽAKELJ,Tanja,96333,Slovenia
4907028.0,BABAYEV,Nazim,92613,Azerbaijan
4907036.0,ZAPATA,Rayderley,96950,Spain
4907048.0,KIM,Si Woo,91969,Republic of Korea
4907062.0,GUTIÉRREZ,Long,91598,Mexico
4907067.0,CLARKE,Kendra,91425,Canada
4907069.0,RIZOV,Anton,91609,Bulgaria
4907156.0,IRFANALUTHFI,Rifda,93664,Indonesia
4907209.0,TUTTON,Chloe,95254,Great Britain
4907223.0,FEASEY,Willis,94028,New Zealand
4907270.0,KENDRICKS,Sam,91849,United States
4907305.0,KIM,Hansol,91524,Republic of Korea
4907342.0,GROBERT,Helen,91399,Germany
4907343.0,SCARANTINO,Mirco,92758,Italy
4907382.0,CANO,Juan Manuel,94602,Argentina
4907418.0,GEORGE,Winston,91975,Guyana
4907447.0,ELBE,Jenny,94474,Germany
4907466.0,PARROT,Maxence,94050,Canada
4907491.0,GEIGER,Vinzenz,92931,Germany
4907529.0,HART,Shavez,96929,Bahamas
4907542.0,WILLIAMS,Toni-Ann,99223,Jamaica
4907579.0,WEIDLE-WINKELMANN,Kira,92764,Germany
4907606.0,DZIARNOWSKA,Maja,91468,Poland
4907649.0,TABTI,Bilal,95764,Algeria
4907685.0,BOS,Theo,89885,Netherlands
4907736.0,FEDACZYNSKI,Rafal,96888,Poland
4907769.0,MOHAMAD,Khairul Anuar,92131,Malaysia
4907850.0,RYABOVA,Yelena,95292,Turkmenistan
4907979.0,ALI,Nia,91849,United States
4907991.0,MOGES,Tesema,94450,Israel
4907998.0,BELAK,Teja,95236,Slovenia
4908041.0,GISIN,Michelle,94036,Switzerland
4908049.0,VILLA,Sebastián,92901,Colombia
4908114.0,POLIASHOV,Vladislav,194642,ROC
4908115.0,KIM,Hyun Yung,97997,Republic of Korea
4908145.0,CHU,Sidney K,92309,"Hong Kong, China"
4908169.0,RAJICOVÁ,Nicole,91825,Slovakia
4908196.0,NADDOUR,Alexander,92027,United States
4908234.0,MATSUYAMA,Hideki,91637,Japan
4908239.0,SOUKUP,Matthew,92257,Canada
4908243.0,KALONTAROV,Ziv,92897,Israel
4908297.0,HANSEN,Brian,94702,United States
4908336.0,ASENJO,Sabina,95223,Spain
4908358.0,SINGH RAWAT,Manish,91760,India
4908422.0,ZHOU,Yang,94496,China
4908431.0,KARDASZ,Klaudia,96888,Poland
4908550.0,ZANGERL,Thomas,90490,Austria
4908565.0,QUINTERO,Rafael,92021,Puerto Rico
4908585.0,ARIAS,Pol,92807,Andorra
4908597.0,MÄÄTTÄNEN,Eveliina,92122,Finland
4908599.0,VIŠNAR,Katja,91525,Slovenia
4908628.0,JENOT,Olivier,97593,Monaco
4908680.0,HADADI,Ehsan,93136,Iran
4908699.0,LLOYD,Ieuan,95254,Great Britain
4908701.0,LUIK,Leila,92083,Estonia
4908704.0,NYANG'AU,Mike Mokamba,95235,Kenya
4908731.0,XIN,Xin,108274,China
4908836.0,OLIVEIRA,Larissa,95178,Brazil
4908869.0,MATT,Michael,92026,Austria
4908910.0,BANDARENKA,Artsiom,91502,Belarus
4908951.0,ODINE,Meryeta,94050,Canada
4908962.0,HASHIMOTO,Eiya,94015,Japan
4908989.0,BROOKS,Taliyah,91849,United States
4909019.0,LARSEN,Niklas,96341,Denmark
4909050.0,VAZAIOS,Andreas,94631,Greece
4909107.0,SOBALEVA,Alena,91502,Belarus
4909193.0,HEDWIG,Grzegorz,94597,Poland
4909234.0,SINGH,Gurpreet,94600,India
4909273.0,TANASAN,Sopita,91046,Thailand
4909294.0,VORONINA,Ekaterina,91434,Uzbekistan
4909298.0,LEDECKY,Katie,95184,United States
4909594.0,LAMBERT,Adam,95230,Australia
4909597.0,LU,Shao-Chuan,95183,Chinese Taipei
4909714.0,MÜHLLEITNER,Henning,92362,Germany
4909745.0,COWARD-HOLLEY,Matthew,95224,Great Britain
4909775.0,GRIVKO,Andriy,95038,Ukraine
4909860.0,SAINA,Betsy,95235,Kenya
4909893.0,KILLI,Johanne,92062,Norway
4909915.0,ARUNOVIC,Zorana,98339,Serbia
4909980.0,TJON-A-JOE,Renzo,92320,Suriname
4909980.0,TJON-A-JOE,Renzo,95179,Netherlands
4909993.0,BAUER,Katharina,92773,GER
4909997.0,PARATORE,Renato,91739,Italy
4910015.0,CÁCERES,Eusebio,95223,Spain
4910060.0,DAHLMEIER,Laura,91837,Germany
4910076.0,KALLA,Charlotte,94446,Sweden
4910101.0,OESER,Jennifer,94474,Germany
4910105.0,GENNERO,Lorenzo,91794,Italy
4910125.0,BRAND,Isabel,92783,Guatemala
4910163.0,JELONEK,Jakub,96888,Poland
4910223.0,SITKOVSKYY,Oleksandr,91581,Ukraine
4910248.0,RODRÍGUEZ,Rosa,91508,Venezuela
4910258.0,HAMILTON,Simeon,91559,United States
4910286.0,ALLMAN,Valarie,91849,United States
4910315.0,ZU,Lijun,108274,China
4910357.0,ELGAMEL,Mostafa,92545,Egypt
4910361.0,PATTERSON,Scott,91559,United States
4910387.0,BERTEMES-HOFFMANN,Vera,91596,Luxembourg
4910427.0,BROWN,Grace,95039,Australia
4910516.0,DUZELBAYEV,Sultan,96395,Kazakhstan
4910536.0,BOVOLENTA,Arnaud,92112,France
4910620.0,ALESSANDRIA,Arnaud,97593,Monaco
4910685.0,SCHOMBURG,Jonas,91498,Germany
4910694.0,LAPSHIN,Timofey,91620,Republic of Korea
4910703.0,VOS,Marianne,99397,Netherlands
4910764.0,NEDOBIGA,Anastasiya,92109,Ukraine
4910810.0,MILANOV,Philip,91068,Belgium
4910823.0,PROBST,Marius,94474,Germany
4910870.0,KONSTANTINOU,Dimitris,94085,Cyprus
4910898.0,UMARALIEVA,Olga,92349,Uzbekistan
4910940.0,ANTIKAINEN,Noora,94670,Finland
4910945.0,FACEY,Simone,95237,Jamaica
4910989.0,CAMPRIANI,Niccolò,91868,Italy
4910992.0,SMYKALA,Zuzanna,91845,Poland
4911047.0,BARKOV,Viacheslav,201586,ROC
4911053.0,GONZÁLEZ,María Guadalupe,93121,Mexico
4911097.0,KOLAK,Sara,91770,Croatia
4911108.0,BURJAN,Csaba,91820,Hungary
4911120.0,BROWN,Jason,91516,United States
4911170.0,OLESEN,Thorbjørn,92568,Denmark
4911262.0,ISHIHARA,Naoko,91618,Japan
4911286.0,ESPINOSA,Paola,95164,Mexico
4911311.0,MANNIMA,Tatjana,92125,Estonia
4911349.0,SALAZAR,Yerenman,91508,Venezuela
4911380.0,CHAN,Chun Hing,96586,"Hong Kong, China"
4911401.0,SAMOOJA,Kalle,92869,Finland
4911448.0,KROL,Nataliia,91581,Ukraine
4911607.0,STUY,Hrystyna,91581,Ukraine
4911650.0,GONSKA,Nadine,94474,Germany
4911710.0,KARACHALIOU,Vasileia,91766,Greece
4911724.0,GATHIMBA,Samuel,95235,Kenya
4911771.0,TAVARES,Maria Leonor,91452,Portugal
4911778.0,KORNILOV,Denis,161312,Olympic Athlete from Russia
4911853.0,ARAVENA,Víctor,91472,Chile
4911913.0,ONNEN,Imke,94474,Germany
4911922.0,YAO,Jie,89910,China
4911962.0,ANDREJCZYK,Maria,96888,Poland
4911968.0,ANDRÉ,Angélica,99627,Portugal
4911972.0,SCARVELIS,Stamatia,97537,Greece
4911992.0,ABSALON,Julien,91409,France
4912018.0,ALUSALU,Saskia,94130,Estonia
4912053.0,KALMURZAYEVA,Akmarzhan,92236,Kazakhstan
4912074.0,GAILLARD,Jean Marc,95262,France
4912109.0,HEIDEGGER,Linus,97783,Austria
4912164.0,ROMERO,Marisol,93121,Mexico
4912185.0,BØ,Tarjei,91421,Norway
4912199.0,ORTUÑO,Valeria,93121,Mexico
4912309.0,QUISPE,Ronald,96955,Bolivia
4912373.0,ICHINOHE,Seitaro,93591,Japan
4912392.0,KLAISUBAN,Pim-On,91361,Thailand
4912404.0,BRUINTJIES,Henricho,91331,South Africa
4912468.0,GARCÍA,Carina,98232,Bolivia
4912521.0,SCHOUTENS,Carlijn,94702,United States
4912536.0,CHOLNOKY,Sára,91593,Hungary
4912574.0,WEITZEIL,Abbey,95184,United States
4912622.0,TRAJKOVIC,Milan,96373,Cyprus
4912630.0,BUTCHER,Finn,92885,New Zealand
4912687.0,MCCURLEY,Shannon,91033,Ireland
4912689.0,TOBAR,Bernardo Julián,92230,Colombia
4912754.0,WEST,Tucker,92051,United States
4912790.0,CAMPOS,Juliana,96363,Brazil
4912821.0,MÜLLER,Nico,94499,Germany
4912825.0,LOKMIC,Emir,96374,Bosnia & Herzegovina
4912859.0,LANGENHAN,Andi,91469,Germany
4912867.0,DIRADO,Maya,95184,United States
4912899.0,WATKINS,Daniel,94613,Australia
4912925.0,SZOST,Henryk,96888,Poland
4912955.0,PESONEN,Lari,94670,Finland
4913050.0,ŽIUKAS,Marius,94493,Lithuania
4913061.0,SKINNER,Catherine,96380,Australia
4913077.0,JANICS,Natasa,95242,Hungary
4913136.0,HUSILLOS,Óscar,95223,Spain
4913217.0,AN,Se-Hyeon,92558,Republic of Korea
4913235.0,SHIM,Jungsub,96937,Republic of Korea
4913253.0,SONNENSCHEIN,Jannah,95313,Mozambique
4913255.0,CHINSHANLO,Zulfiya,95165,Kazakhstan
4913319.0,KOECHLIN,Thomas,92124,Switzerland
4913323.0,WU,Felipe,90500,Brazil
4913380.0,SHIMAZU,Rena,92323,Japan
4913413.0,PECHOUŠEK,Jan,91603,Czech Republic
4913463.0,KHAN,Mairaj Ahmad,94600,India
4913476.0,RICKARDSSON,Daniel,94446,Sweden
4913515.0,ROCHE,Nicolas,99391,Ireland
4913533.0,KOLMAKOV,Pavel,92236,Kazakhstan
4913551.0,WRIGHT,Matthew,92857,Barbados
4913591.0,VEGAS,Jhonattan,93405,Venezuela
4913593.0,FAKHRUTDINOVA,Alise,93133,Uzbekistan
4913618.0,MENGANA,Yusmary,92231,Cuba
4913658.0,OTTESEN,Jeanette,91774,Denmark
4913664.0,VARGAS,Andrea,94607,Costa Rica
4913670.0,MASKELYNE,Ryan,95803,Papua New Guinea
4913689.0,JUNIO,Gilmore,97784,Canada
4913700.0,BOGDANOVSKI,Anastasia,92342,North Macedonia
4913714.0,SEMBER,Cindy,92761,Great Britain
4913739.0,ZHAO,Shengbo,92331,China
4913754.0,KORDA,Jessica,94484,United States
4913861.0,BEISEL,Elizabeth,95184,United States
4913887.0,FOX,Ryan,89917,New Zealand
4913954.0,PELLUARD,Vincent,97795,Colombia
4913967.0,MULDER,Ronald,93590,Netherlands
4913981.0,SEBOKA,Tafese,94034,Ethiopia
4913995.0,POLACZYK,Mateusz,94597,Poland
4914043.0,ATKIN,Isabel,91583,Great Britain
4914045.0,EMILIANOV,Alexandra,91393,Moldova
4914091.0,CHOI,Da-Bin,91042,Republic of Korea
4914142.0,TAYLOR-BROWN,Georgia,92070,Great Britain
4914166.0,KRUPECKAITE,Simona,92727,Lithuania
4914236.0,MIKHAILOVA,Tatyana,98000,Belarus
4914258.0,FAN,Yilin,91858,China
4914356.0,LOCHBIHLER,Jan,94504,Switzerland
4914365.0,NARUKA,Anant Jeet Singh,94600,India
4914403.0,TRETIAKOV,Alexander,201600,ROC
4914522.0,KIRILLOVA,Anastasia,90501,Belarus
4914565.0,SINGH,Sudha,91760,India
4914586.0,MARUO,Satoshi,91841,Japan
4914598.0,MEDLOVÁ,Klaudia,96891,Slovakia
4914621.0,WALCZYK,Dylan,94642,United States
4914631.0,EKTOVA,Irina,91386,Kazakhstan
4914659.0,GRABARZ,Robbie,92761,Great Britain
4914694.0,PANZIERA,Margherita,91971,Italy
4914752.0,BARRETTO,Francisco,91777,Brazil
4914784.0,RI,Se Gwang,95195,DPR Korea
4914788.0,ALI MOHAMED,Souhra,92227,Djibouti
4914795.0,MURILLO,María,91368,Colombia
4914800.0,TUDEGESHEVA,Ekaterina,170911,Olympic Athlete from Russia
4914814.0,CHANG,Chu-Han,93106,Chinese Taipei
4914857.0,AL-DAWOODI,Sultan Mubarak,96931,Saudi Arabia
4914908.0,MAJERCZAK,Krzysztof,94597,Poland
4914909.0,DARSIGNY,Tali,91062,Canada
4914913.0,ESPARZA,José Juan,93121,Mexico
4914938.0,GAITHER,Tynia,96929,Bahamas
4914994.0,MONTSHO,Amantle,92017,Botswana
4915006.0,MASTIEV,Samir,201586,ROC
4915018.0,KISHOYIAN,Alphas Leken,95235,Kenya
4915021.0,SCHERRER,Jan,92367,Switzerland
4915050.0,MILLAUER,Clemens,91417,Austria
4915052.0,SAMARDŽIC,Matea,89922,Croatia
4915062.0,SULLIVAN,Monique,91483,Canada
4915157.0,CAVIEZEL,Mauro,94036,Switzerland
4915168.0,KAYA,Ali,97543,Türkiye
4915207.0,ÖZBILEN,Ilham Tanui,97543,Türkiye
4915277.0,AHMADI,Elaheh,93115,Iran
4915297.0,KASHAFUTDINOVA,Rima,91386,Kazakhstan
4915345.0,VODIŠEK,Toni,89931,Slovenia
4915368.0,VERGUTZ,Ana Paula,95220,Brazil
4915373.0,DUFTER,Joel,97780,Germany
4915413.0,ALMAKTOUM,Saeed,91049,United Arab Emirates
4915477.0,VERMEYLEN,Jolien,92774,Belgium
4915527.0,YOUNG,Katrina,91613,United States
4915537.0,TAPPER,Kaarle,94488,Finland
4915652.0,TAVATANAKIT,Patty,93185,Thailand
4915695.0,GRØVDAL,Karoline Bjerkeli,94497,Norway
4915722.0,VAN AVERMAET,Greg,98863,Belgium
4915733.0,OSMAN,Abrar,97583,Eritrea
4915768.0,ANTOINE,Matthew,92904,United States
4915802.0,MURAYAMA,Kota,91841,Japan
4915816.0,RICHTER,Sergey,92584,Israel
4915829.0,BINGANGOYE,Wilfried,92147,Gabon
4915834.0,GAGNON,Sofiane,91843,Canada
4915848.0,VERDNIK,Kaja,94024,Slovenia
4915932.0,MATOŠEVIC,Matea,91770,Croatia
4916098.0,MCGILLIVRAY,Matthew,96854,South Africa
4916114.0,SANDOVAL,Martha,108281,Mexico
4916169.0,ZEITS,Andrey,102341,Kazakhstan
4916192.0,FUJII,Takuro,95181,Japan
4916208.0,KARSCH,Monika,91640,Germany
4916327.0,LOBERT,Jonathan,91359,France
4916339.0,VUAGNOUX,Ken,96922,France
4916361.0,PASQUALUCCI,David,91529,ITA
4916463.0,KOYAMA,Yohei,95174,Japan
4916478.0,VAN RENSBURG,Rynardt,91331,South Africa
4916551.0,BURATTI,Benoit,92112,France
4916626.0,MURPHY,Clayton,91849,United States
4916630.0,KUHNLE,Corinna,91568,Austria
4916642.0,IVANOV,Antani,91601,Bulgaria
4916644.0,VORONINA,Natalya,201553,ROC
4916644.0,VORONINA,Natalya,166947,Olympic Athlete from Russia
4916703.0,TUR,Marc,95223,Spain
4916784.0,ELEFTHERIOU,Andri,94085,Cyprus
4916809.0,KAMINSKI,Jake,92041,United States
4916812.0,NAGL,Miriam,98177,Brazil
4916819.0,SIRIKAEW,Pimsiri,91046,Thailand
4916835.0,KOZENIESKY,Lucas,95182,United States
4916928.0,ZHAO,Zhonghao,92331,China
4916941.0,HEDIGER,Sophie,92367,Switzerland
4917065.0,GILMARTIN,Charlotte,97572,Great Britain
4917079.0,COOK,Tamsin,91357,Australia
4917108.0,CHIA,Danny,96283,Malaysia
4917150.0,MANGA,Aurel,91520,France
4917155.0,AKMENS,Roberts,92354,Latvia
4917191.0,CZYSZCZON,Magdalena,94308,Poland
4917247.0,CONTRERAS,Yidiel,95223,Spain
4917249.0,RISKU,Elina,93589,Finland
4917272.0,PALACIOS,Angie,92222,Ecuador
4917302.0,MARIRHI,Ibtissam,93698,Morocco
4917306.0,CSIPES,Tamara,95242,Hungary
4917323.0,RIVKIN,Neta,94486,Israel
4917324.0,LEE,Sang Wook,91524,Republic of Korea
4917387.0,BATSAIKHAN,Dulguun,96254,Mongolia
4917403.0,KRCMÁR,Michal,91429,Czech Republic
4917459.0,LIN,Xiyu,93182,China
4917505.0,ZHOU,Yilin,91428,China
4917512.0,CHEROUATI,Souad,99630,Algeria
4917547.0,RAVOLOLONIAINA,Elisa,96897,Madagascar
4917548.0,ECKHOFF,Tiril,91421,Norway
4917561.0,MALOY,Joe,95777,United States
4917588.0,GLEIRSCHER,David,91074,Austria
4917667.0,PETROVA,Gabriela,91802,Bulgaria
4917699.0,SCHRIMSHER,Nathan,91348,United States
4917736.0,GERKEN SCHOFIELD,Leonie,91583,Great Britain
4917764.0,OKADA,Kumiko,91841,Japan
4917775.0,IBSEN,Rikke Mæng,95250,Denmark
4917785.0,HILAL,Hilal Hemed,93154,Tanzania
4917797.0,ROGERS,Jason,97542,St. Kitts & Nevis
4917816.0,NARASAKI,Tomoa,98030,Japan
4917846.0,SZÖGI,István,91810,Hungary
4917848.0,DUNFEE,Evan,91425,Canada
4917862.0,RIBOM,Emma,94446,Sweden
4917883.0,ABRO,Borhane Ahmed,92982,Djibouti
4917951.0,KARLSTRÖM,Perseus,91373,Sweden
4917973.0,HUSSEIN,Kariem,95229,Switzerland
4918025.0,SU,Xinyue,89910,China
4918052.0,WALLACE,Dan,95254,Great Britain
4918057.0,CHO,Gwang Hee,93812,Republic of Korea
4918063.0,IMADOUCHENE,Romain,92377,France
4918074.0,PIIROINEN,Peetu,91852,Finland
4918088.0,GROS,Baptiste,95262,France
4918098.0,VAN DER WEIJDEN,Annouk,93590,Netherlands
4918101.0,VERLINDEN,Joeri,95179,Netherlands
4918105.0,ELHODHOD,Afaf,92077,Egypt
4918119.0,RANDAZZO,Filippo,91594,Italy
4918167.0,HOJNISZ-STAREGA,Monika,94444,Poland
4918193.0,ANAGNOSTOPOULOU,Chrysoula,97537,Greece
4918198.0,KLANCAR,Neža,89908,Slovenia
4918204.0,ISLAMI,Drita,92148,North Macedonia
4918234.0,SEO,Yi Ra,92039,Republic of Korea
4918297.0,SALAZAR,Julio César,93121,Mexico
4918299.0,RIGAS,Elena,101292,Denmark
4918337.0,LAHOULOU,Abdelmalik,95764,Algeria
4918339.0,ŠTVRTECKÝ,Jakub,91429,Czech Republic
4918351.0,STAUDINGER,Rupert,94057,Great Britain
4918358.0,MELIH,Amel,95810,Algeria
4918468.0,DINIZ,Yohann,91520,France
4918550.0,SAWRYMOWICZ,Mateusz,94476,Poland
4918642.0,HLADCHENKO,Stanislau,94023,Belarus
4918659.0,QERIMAJ,Erkand,96948,Albania
4918660.0,HARROLD,Ruby,94067,Great Britain
4918685.0,STEINRUCK,Katharina,94474,Germany
4918706.0,MOTTET,Maxime,91560,Belgium
4918792.0,VALOYES,Ubaldina,91454,Colombia
4918795.0,ZABOROWSKI,Filip,94476,Poland
4918798.0,CAICEDO,Andrés,91454,Colombia
4918927.0,HAN,Myeong-Mok,91812,Republic of Korea
4918957.0,DEGRENDELE,Nicky,89895,Belgium
4919004.0,FOKIN,Anton,92258,Uzbekistan
4919022.0,KOLB,Hanna,96925,Germany
4919027.0,MCCOY,Rachel,91849,United States
4919037.0,BENEDETTI,Giordano,91594,Italy
4919054.0,KLAPFER,Lukas,91995,Austria
4919072.0,YAZAWA,Kazuki,92033,Japan
4919103.0,KAUF,Jaelin,94642,United States
4919133.0,STJEPANOVIC,Velimir,94520,Serbia
4919137.0,YANG,Chun-Han,95199,Chinese Taipei
4919145.0,BELETE,Mimi,95288,Bahrain
4919168.0,BURKE,Tim,94039,United States
4919170.0,PICCOLRUAZ,Michael,101328,Italy
4919173.0,MUSSAYEV,Sanzhar,96395,Kazakhstan
4919190.0,EVANS,Kyle,101308,Great Britain
4919262.0,LÜCKENKEMPER,Gina,94474,Germany
4919279.0,DOS SANTOS,Ane Marcelle,94061,BRA
4919320.0,RODRÍGUEZ,Victoria,94310,ARG
4919361.0,SELMON,Kenneth,91849,United States
4919384.0,EFTIMOVA,Inna,91802,Bulgaria
4919387.0,NUGENT,Leah,95237,Jamaica
4919395.0,GOMMERS,Ruben,93599,Belgium
4919469.0,ŠIMIC,Mateja,94844,Slovenia
4919472.0,GEHBAUER,Alexander,90478,Austria
4919480.0,BUE,Tiril,91332,Norway
4919500.0,DEIBLER,Steffen,92362,Germany
4919532.0,LINDVIK,Marius,92606,Norway
4919556.0,KANTOROVÁ,Barbara,92115,Slovakia
4919587.0,LE THANH,Tung,93671,Vietnam
4919605.0,VLOON,Menno,91854,Netherlands
4919607.0,SOLÍS,Leidy,91454,Colombia
4919619.0,SWANSON,Charlie,95184,United States
4919660.0,VALTER,Attila,95036,Hungary
4919704.0,SEMIANKIV,Maksym,91376,Ukraine
4919724.0,HINZ,Vanessa,91837,Germany
4919755.0,ABDELRAHMAN,Ihab,92545,Egypt
4919756.0,MADAYE,Israel,93430,Chad
4919879.0,BAKER,Ronnie,91849,United States
4919896.0,ŠTYBAR,Zdenek,95729,Czech Republic
4919931.0,MIRCA,Alexandra,89914,MDA
4919942.0,KOWAL,Yoann,91520,France
4919973.0,KOROBITSKAYA,Mariya,92895,Kyrgyzstan
4919978.0,OPREA,Marian,91838,Romania
4920042.0,YEGO,Julius,95235,Kenya
4920045.0,XIE,Wenjun,89910,China
4920054.0,RAMSEY,Jessica,91849,United States
4920090.0,HERING,Christina,94474,Germany
4920103.0,JAYET,Maud,94457,Switzerland
4920104.0,MEIN,Derrick,95182,United States
4920218.0,KAMINAGA,Shione,91764,Japan
4920245.0,GYÖRGY,Réka,94021,Hungary
4920292.0,MELO,Alexsandro,96363,Brazil
4920392.0,SCHILD,Bernadette,92026,Austria
4920430.0,QUACH,Thi Lan,93137,Vietnam
4920460.0,HENRY,Eldred,92289,British Virgin Islands
4920476.0,ZBYLUT,Kinga,94444,Poland
4920480.0,VOURNA,Kristel,94631,Greece
4920482.0,KNEGT,Sjinkie,94048,Netherlands
4920500.0,POJE,Urška,91444,Slovenia
4920503.0,BRENNEMAN,Carle,94050,Canada
4920551.0,FLANAGAN,Shalane,91849,United States
4920554.0,HIRONO,Asami,91769,Japan
4920563.0,SUMMERHAYES,Katie,91583,Great Britain
4920570.0,LEA,Bobby,89887,United States
4920586.0,HOLDER,Nikkita,91425,Canada
4920658.0,CHIEN,Pei-Yun,92993,Chinese Taipei
4920660.0,GUERRA,Javier,95223,Spain
4920705.0,DÍAZ,Azucena,95223,Spain
4920753.0,VANREUSEL,Kim,92540,Belgium
4920755.0,JOO,Hyong-Jun,97997,Republic of Korea
4920839.0,EICHINGER,Julia,94060,Germany
4920863.0,GÉRARD,Antoine,92586,France
4920869.0,MUNYAO,Alexander,95235,Kenya
4920932.0,WALCZYKIEWICZ,Marta,91364,Poland
4920999.0,HEDGELAND,Jaz,91994,Australia
4921085.0,PETITJEAN,Mathilde-Amivi,96827,Togo
4921133.0,BOUARD,Lea,94060,Germany
4921145.0,NTOUNTOUNAKI,Anna,94631,Greece
4921186.0,LARDUET,Manrique,96956,Cuba
4921280.0,SALUKVADZE,Nino,92008,Georgia
4921288.0,YAMANAKA,Daichi,93591,Japan
4921333.0,BOCCHIA,Federico,91971,Italy
4921396.0,ZIRK,Kregor,94502,Estonia
4921422.0,DOS SANTOS,Ricardo,91452,Portugal
4921429.0,VIGIER,Sébastien,96340,France
4921471.0,ZUSTAUTAS,Henrikas,95172,Lithuania
4921489.0,KI,Bo Bae,91328,Republic of Korea
4921492.0,REZOLA,Ruben,97547,Argentina
4921502.0,SHURSHIN,Nikita,92737,Russia
4921556.0,HVAS,Tomoe Zenimoto,89949,Norway
4921563.0,TALAKHADZE,Lasha,92345,Georgia
4921570.0,AL BAWWAB,Yazan,92971,Palestine
4921641.0,CHOE,Hyo Sim,91532,DPR Korea
4921678.0,MÜLLER,Vít,91602,Czech Republic
4921717.0,SAQUIPAY,Rolando,91997,Ecuador
4921726.0,BRIGUET,Robin,96896,Switzerland
4921744.0,STEFANIDI,Katerina,97537,Greece
4921851.0,KING,David,92761,Great Britain
4921907.0,WÖHRER,Anke,95203,Germany
4921951.0,FABBRI,Leonardo,91594,Italy
4921990.0,LEVCHENKO,Yuliia,91581,Ukraine
4921999.0,MAGNANI,Margherita,91594,Italy
4922052.0,PENDREL,Catharine,96342,Canada
4922104.0,CLARK,Kelly,92538,United States
4922194.0,CAVIEZEL,Ladina,92367,Switzerland
4922241.0,SALADIN,Veronica,96349,Dominican Republic
4922256.0,JOHNSON,Kibwe,91849,United States
4922257.0,ZOLOTUKHINA,Nataliya,91581,Ukraine
4922343.0,KEITH-MATCHITT,Tracy,93381,Cook Islands
4922388.0,HIGUCHI,Wakaba,89921,Japan
4922449.0,PRAKASH,Sajan,94669,India
4922479.0,PODOLSKAYA,Natalia,195792,ROC
4922537.0,BAATARKHUYAG,Otgonbold,92888,Mongolia
4922649.0,MURILLO,Jhon,91368,Colombia
4922685.0,TSVETKOV,Maxim,201554,ROC
4922710.0,CAILL,Ania Monica,94052,Romania
4922724.0,FARRIS,Kendrick,92092,United States
4922751.0,HYMAN,Ondrej,94095,Czech Republic
4922781.0,BEESLEY,Meghan,92761,Great Britain
4922809.0,BEAULIEU,Sébastien,94050,Canada
4922839.0,DESTHIEUX,Simon,95788,France
4922843.0,GREIDERER,Lukas,91995,Austria
4922852.0,BAPTISTA,Luisa,91768,Brazil
4922889.0,COLAPINTO,Griffin,93497,United States
4922902.0,KANUTE,Ben,95777,United States
4922907.0,MULLETT,Rob,92761,Great Britain
4922912.0,FANTINI,Sara,91594,Italy
4922979.0,KRUGLOVA,Yulia,194614,ROC
4922997.0,KLUCINOVÁ,Eliška,91602,Czech Republic
4923043.0,KHONGWATMAI,Phachara,93185,Thailand
4923061.0,JO,Yong Suk,91885,DPR Korea
4923062.0,SHANG,Keyuan,91428,China
4923072.0,MARCHIANDO,Eleonora,91594,Italy
4923096.0,SERWA,Kelsey,91843,Canada
4923130.0,NIEWIADOMA,Katarzyna,95640,Poland
4923180.0,HARKIN,Abbey,91357,Australia
4923182.0,BURTON,Tom,94466,Australia
4923241.0,ASAYONAK,Petr,92249,Belarus
4923244.0,WILSON,Matthew,91357,Australia
4923256.0,VIDTS,Noor,91068,Belgium
4923264.0,BOUGLAS,Georgios,102345,Greece
4923295.0,RUKA,John,95811,Kiribati
4923397.0,SAHRAOUI,Imane,93361,Algeria
4923413.0,RUEDA,Lizeth,96951,Mexico
4923428.0,BLOCK,Jason,91621,Canada
4923457.0,LIU,Shiying,89910,China
4923511.0,DAJOMES,Neisi,92222,Ecuador
4923543.0,CÁBELICKÁ,Jitka,91402,Czech Republic
4923584.0,AHOURÉ-DEMPS,Murielle,91544,Côte d'Ivoire
4923603.0,TERCELJ,Eva,94020,Slovenia
4923661.0,WEI,Yongli,89910,China
4923697.0,MACKAY,Brendan,91843,Canada
4923747.0,PIKULIK,Daria,91481,Poland
4923837.0,BRETSCHNEIDER,Andreas,92884,GER
4923879.0,CHEREBIN,Oreoluwa,93160,Grenada
4923901.0,KHRIPTA,Andriy,95038,Ukraine
4923903.0,HECTOR,Sara,92322,Sweden
4923938.0,PUJATS,Pauls,89947,Latvia
4923969.0,MALÁCOVÁ,Romana,91602,Czech Republic
4923979.0,KOMINAMI,Takuto,91841,Japan
4924015.0,NIKITINA,Elena,201600,ROC
4924034.0,ALMEIDA,Kaio,95178,Brazil
4924065.0,PIRELLI,Ana Camila,97584,Paraguay
4924083.0,SCHLEPER,Sarah,93127,Mexico
4924094.0,LUZOLO,Maryse,94474,Germany
4924149.0,OVEZOV,Ovez,94053,Turkmenistan
4924166.0,ENNIS-HILL,Jessica,92761,Great Britain
4924299.0,CAMPILLO,Jorge,91495,Spain
4924322.0,MEJÍAS,Marlies,96344,Cuba
4924395.0,MCJAMES,Megan,91818,United States
4924424.0,WATSON,Caylee,95310,Virgin Islands
4924518.0,STEVAUX CARNAVAL,Priscilla,98011,Brazil
4924525.0,NORENDAL,Silje,91372,Norway
4924527.0,LOS,Urszula,91481,Poland
4924610.0,JAKOB,Patrick,91415,Austria
4924617.0,RAMOS SOARES,Augusto,101305,Timor-Leste
4924618.0,PELLIELO,Giovanni,91868,Italy
4924623.0,KUPPER,Martin,92083,Estonia
4924629.0,COSTA,Rui,98873,Portugal
4924709.0,WENZEL,Christine,91640,Germany
4924778.0,BOURHIS,Yves,97324,Senegal
4924786.0,OHURUOGU,Christine,92761,Great Britain
4924871.0,KALEYN,Boryana,94030,Bulgaria
4924880.0,AL-SAYAD,Mayada,97546,Palestine
4924900.0,DEREK,Ana,91642,Croatia
4924945.0,SEPPÄLÄ,Tero,92563,Finland
4924959.0,GODBY,Madalyn,89887,United States
4925006.0,TER MORS,Jorien,93590,Netherlands
4925006.0,TER MORS,Jorien,94048,Netherlands
4925029.0,DELAET,Graham,92265,Canada
4925034.0,RUTH,Kristian,91332,Norway
4925112.0,QUINTERO,Cristian,92607,Venezuela
4925121.0,RICHARDS,Jereem,91503,Trinidad & Tobago
4925181.0,AKIMOVA,Tatiana,164519,Olympic Athlete from Russia
4925250.0,TVIBERG,Maria Therese,91509,Norway
4925302.0,LÜHRS,Lasse,91498,Germany
4925418.0,HENGST,Stefan,91626,Germany
4925425.0,HARALAMBIE,Daniela,91356,Romania
4925445.0,SASAKI,Sergio,91777,Brazil
4925465.0,VERSCHUREN,Sebastiaan,95179,Netherlands
4925547.0,LANZA,Vinicius,95178,Brazil
4925660.0,CONFORTOLA,Yuri,92553,Italy
4925704.0,SANI BROWN,Abdul Hakim,91841,Japan
4925705.0,BJERENDAL,Christine,93129,Sweden
4925714.0,HMELEVSKAYA,Marina,91434,Uzbekistan
4925771.0,MIZBANI,Ghader,99390,Iran
4925848.0,DAL MOLIN,Paolo,91594,Italy
4925871.0,IN-ALBON,Fabienne,93404,Switzerland
4925945.0,PERALTA,María,94602,Argentina
4925972.0,GULNOI,Siripuch,91046,Thailand
4926051.0,MALISZEWSKA,Patrycja,95246,Poland
4926061.0,RØTHE,Sjur,94487,Norway
4926115.0,IBRAHIM,Mubal Azzam,92817,Maldives
4926119.0,SURGELOOSE,Glenn,91432,Belgium
4926132.0,JAPHARIDZE,Soso,91616,Georgia
4926164.0,HAHNER,Anna,94474,Germany
4926186.0,CAMPBELL,Simoya,95237,Jamaica
4926215.0,BASOVA,Lyubov,89889,Ukraine
4926226.0,ARZAMASOVA,Marina,91502,Belarus
4926264.0,SOMRAT,Phetdarin,98854,Thailand
4926413.0,GOOD,Jasper,92303,United States
4926437.0,CALDWELL,Ashley,94642,United States
4926442.0,RALEFY,Anthonny,93382,Madagascar
4926456.0,GOW,Scott,92064,Canada
4926530.0,KHAN,Arif Mohd,92791,India
4926598.0,PETERSON,Teodor,94446,Sweden
4926601.0,TANDIMAN,Jerica,94702,United States
4926603.0,TALBOT,Daniel,92761,Great Britain
4926622.0,SUM,Eunice Jepkoech,95235,Kenya
4926640.0,VAN RIEL,Marten,92774,Belgium
4926642.0,FERCOQ,Quentin,94438,France
4926676.0,KINGSBURY,Mikael,91843,Canada
4926761.0,MÜLLER,Stefanie,92367,Switzerland
4926763.0,EVELYN,Tristan,90510,Barbados
4926768.0,CARVALHO,Lucas,96363,Brazil
4926783.0,NÕMME,Martti,89911,Estonia
4926787.0,SVENSSON,Oskar,94446,Sweden
4926789.0,ESEBUA,Kristine,92324,Georgia
4926795.0,BAMGBOSE,Margaret,97539,Nigeria
4926816.0,SALAZAR,Yajaira,92222,Ecuador
4926838.0,TSONOV,Georgi,91802,Bulgaria
4926842.0,ZHANG,Hong,98001,China
4926931.0,ROGELJ,Špela,94672,Slovenia
4926948.0,GASPARI,Mattia,94471,Italy
4927014.0,POHLE,Hagen,94474,Germany
4927025.0,GREEN,Brendan,92064,Canada
4927166.0,GANKIN,Denis,96395,Kazakhstan
4927198.0,MASHELE,Lesiba,91331,South Africa
4927207.0,IWABUCHI,Kaori,91829,Japan
4927295.0,MAIER,Daniela,94060,Germany
4927315.0,WANDERS,Julien,95229,Switzerland
4927336.0,KROL,Thomas,93590,Netherlands
4927380.0,MCNEAL,Brianna,91849,United States
4927423.0,MAEGLI,Isabella,92158,Guatemala
4927582.0,SCHURTER,Nino,91480,Switzerland
4927632.0,MASON,Michael,91425,Canada
4927657.0,MESINAS,Lucca,96853,Peru
4927665.0,GRUBER,Bernhard,91995,Austria
4927711.0,KAO,Hao-Wen,91526,Chinese Taipei
4927720.0,OLYSLAGERS,Nicola,96375,Australia
4927753.0,ÁLVAREZ,Jorge,91045,Cuba
4927774.0,KANG,Yeoun-Hee,91812,Republic of Korea
4927778.0,SPRATT,Amanda,95039,Australia
4927806.0,PULLIN,Alex,95230,Australia
4927824.0,BACSKAI,Sara Luca,91820,Hungary
4927848.0,KLINE,Boštjan,96892,Slovenia
4927859.0,ALY,Marawan,92010,Egypt
4927894.0,KERR,Josh,92761,Great Britain
4927898.0,CLAIR,Julia,91748,France
4927901.0,TODORAN,Paula,91838,Romania
4927906.0,BRIGNONE,Federica,96391,Italy
4927927.0,RAMÍREZ,Alejandra,91418,Mexico
4927969.0,LUIK,Liina,92083,Estonia
4927998.0,LAISHRAM,Bombayla Devi,92057,India
4928010.0,SANTOS,Melanie,92102,Portugal
4928093.0,PRÜFER,Clemens,94474,Germany
4928189.0,BECKMANN,Jana,91640,Germany
4928212.0,ORLYK,Andrii,89907,Ukraine
4928230.0,BROL,Hebert,92766,Guatemala
4928235.0,RÜDIGER,Lars,92352,Germany
4928307.0,KALLIOINEN,Eetu,94670,Finland
4928326.0,READING,Brendon,96375,Australia
4928338.0,LINDH,Lovisa,91373,Sweden
4928382.0,MATEO,Daniel,95223,Spain
4928435.0,KÓNYA,Ádám,92673,Hungary
4928442.0,PETIT LENOIR,Manon,96922,France
4928489.0,SOBERA,Robert,96888,Poland
4928522.0,TALAY,Alina,91502,Belarus
4928578.0,SAUBIDET BIRKNER,Francisco,95243,Argentina
4928583.0,BAUMANN,Christian,94608,Switzerland
4928641.0,HEARN,David,92265,Canada
4928667.0,ANWAR,Shehzana,91574,KEN
4928668.0,HOGAN,Maggie,91842,United States
4928685.0,KONRAD,Patrick,98862,Austria
4928712.0,GARCÍA,Kimberly,92612,Peru
4928726.0,WOLF,Christine,98185,Austria
4928734.0,SURDU,Dimitriana,91393,Moldova
4928773.0,COLSAERTS,Nicolas,98184,Belgium
4928774.0,HARDING,Tyler,91583,Great Britain
4928793.0,USMAN,Mariam,94091,Nigeria
4928824.0,LOGINOV,Alexander,201554,ROC
4928833.0,AKZHIGIT,Marzhan,92236,Kazakhstan
4928861.0,LANSIQUOT,Imani,92761,Great Britain
4928862.0,MUHAMMAD,Dalilah,91849,United States
4928886.0,DZIUBIN,Dzmitry,91502,Belarus
4928887.0,RENDÓN,James,91368,Colombia
4928964.0,SHI,Jay,95182,United States
4929040.0,LEENSTRA,Marrit,93590,Netherlands
4929061.0,HEDBERG,Måns,94662,Sweden
4929063.0,ERBANOVÁ,Karolína,93592,Czech Republic
4929119.0,KOCHANSKA,Natalia,90517,Poland
4929129.0,BENOVIC,Aurel,91642,Croatia
4929176.0,WOODS,James,91583,Great Britain
4929185.0,NYAHORA,Rutendo,92313,Zimbabwe
4929238.0,WINTER,Chris,91425,Canada
4929289.0,WOODRUFF,Chloe,94014,United States
4929320.0,STENSILS,Linnea,92332,Sweden
4929469.0,GAL,Sandra,92136,Germany
4929472.0,BLANKENSHIP,Benjamin,91849,United States
4929484.0,CULLELL,Jofre,92735,Spain
4929494.0,KÖBRICH,Kristel,91749,Chile
4929528.0,TRANDAFIR,Norbert,91977,Romania
4929565.0,UREÑA,Jorge,95223,Spain
4929600.0,SEIM,Mart,96390,Estonia
4929605.0,SPIVEY,Taylor,95777,United States
4929715.0,TEKLEHAIMANOT,Daniel,98869,Eritrea
4929724.0,RAMADAN,Ebrahim,91470,Egypt
4929771.0,LYSENKO,Anastasiia,92893,Ukraine
4929802.0,OROZCO,Jorge,91418,Mexico
4929887.0,RINGER,Richard,94474,Germany
4929914.0,GIL,Melisa,91973,Argentina
4929939.0,STETSKIV,Olena,91557,Ukraine
4929944.0,YU,Guan-Lin,91526,Chinese Taipei
4929984.0,HIXON,Michael,91613,United States
4930145.0,MCDONALD,Morgan,96375,Australia
4930221.0,GUGGENBERGER,Matthias,91724,Austria
4930267.0,ZEMLYAK,Olha,91581,Ukraine
4930289.0,GREAUX,Kyle,91503,Trinidad & Tobago
4930319.0,COURNOYER,Rene,92018,Canada
4930326.0,PARK,Minsoo,91524,Republic of Korea
4930362.0,VETTER,Johannes,94474,Germany
4930373.0,YATES,Simon,102358,Great Britain
4930391.0,OKUTU,Jean Marie,95223,Spain
4930489.0,NADIRADZE,Zaza,93813,Georgia
4930495.0,LIN,Chia-En,91526,Chinese Taipei
4930553.0,GRAU,Jorge,91045,Cuba
4930562.0,MEILI,Katie,95184,United States
4930593.0,HOU,Zhihui,92887,China
4930608.0,NOGUCHI,Akiyo,98030,Japan
4930612.0,JOSEY,Chase,92538,United States
4930629.0,TOFALVI,Eva,91326,Romania
4930656.0,WILES,Jacqueline,91818,United States
4930710.0,TEKONIEMI,Antti,92117,Finland
4930762.0,DOOLEY,Logan,94473,United States
4930816.0,LEE,Junho,91524,Republic of Korea
4930828.0,FERNÁNDEZ,Sergio,95223,Spain
4930872.0,BÁBEK,Tomáš,92729,Czech Republic
4930890.0,FANNON,Tom,92224,Ireland
4930922.0,NORLANDER,Henrik,94090,Sweden
4930963.0,SIDI,Péter,94477,Hungary
4930968.0,MARTIROSYAN,Simon,91980,Armenia
4931006.0,CHONDROKOÚKIS,Dimítrios,96373,Cyprus
4931037.0,RODEAN,Ana Veronica,91838,Romania
4931056.0,KRUMINS,Susan,91854,Netherlands
4931071.0,ZYZANSKA,Sylwia,91067,POL
4931080.0,FABIAN,Alessandro,91514,Italy
4931097.0,BASIC,Hana,96375,Australia
4931251.0,COBURN,Emma,91849,United States
4931290.0,CAI,Xuetong,96573,China
4931292.0,BERNOTAS,Juozas,95190,Lithuania
4931309.0,POTYE,Tobias,94474,Germany
4931335.0,TYBOR,Patrik,95652,Slovakia
4931362.0,NYHAUG,Tory,101307,Canada
4931464.0,ALIYEV,Pirmammad,97346,Kazakhstan
4931512.0,SAKAI,Natsumi,95181,Japan
4931543.0,BUSCH,Kim,95179,Netherlands
4931563.0,MATSUSHITA,Yuki,91841,Japan
4931564.0,RARD-REUSE,Clélia,95229,Switzerland
4931569.0,ÁLVAREZ,Alberto,93121,Mexico
4931587.0,PFIFFNER,Marco,95794,Liechtenstein
4931646.0,CHIAVARINI,Lorenzo,91740,Italy
4931654.0,VOSS,Sarah,92884,GER
4931658.0,GIRALDO,Gerard,91368,Colombia
4931665.0,GAGNON,Marc-Antoine,91843,Canada
4931677.0,HABIB,Saud,95268,Independent Olympic Athlete
4931690.0,JONGA,Pap,92803,Gambia
4931779.0,HORNER,Stephanie,107898,Canada
4931842.0,RUMYANTSEV,Aleksandr,201553,ROC
4931844.0,DALEMAN,Gabrielle,94623,Canada
4931865.0,KIM,Boreum,97997,Republic of Korea
4931872.0,ANDRÉ,Sylvain,97797,France
4931874.0,SHELLEY,Michael,96375,Australia
4931883.0,WINDLE,Jordan,91613,United States
4931892.0,MUSGRAVE,Andrew,93719,Great Britain
4931898.0,MAIN,Corey,94047,New Zealand
4931934.0,LLORENTE,David,92107,Spain
4931940.0,LI,Xiaohong,89910,China
4931950.0,TORSTI,Samu,92111,Finland
4931974.0,ANDREEVA,Yulia,92895,Kyrgyzstan
4931996.0,FORFANG,Johann André,92606,Norway
4932018.0,HENDRICKX,Jorik,91617,Belgium
4932034.0,FROLINA,Anna,91620,Republic of Korea
4932058.0,ROTICH,Lydia Jebet,95235,Kenya
4932072.0,ATAÝEW,Merdan,92176,Turkmenistan
4932130.0,SCHOUTEN,Tes,95179,Netherlands
4932204.0,PERTILE,Ruggero,91594,Italy
4932205.0,PERATHONER,Emanuel,91794,Italy
4932211.0,MIRONCHYK-IVANOVA,Nastassia,91502,Belarus
4932218.0,PAN,Qiang,92331,China
4932333.0,DOS SANTOS,Almir,96363,Brazil
4932404.0,KIM,Kukyoung,96937,Republic of Korea
4932469.0,KWON,Yong Gwang,91532,DPR Korea
4932485.0,PANG,Yao,89892,"Hong Kong, China"
4932547.0,JOVER,María del Mar,95223,Spain
4932590.0,LITCHFIELD,Max,95254,Great Britain
4932659.0,WARASIHA,Kachakorn,12464,Thailand
4932728.0,CHENG,Chao-Tsun,95199,Chinese Taipei
4932754.0,ZHANG,Yufei,91428,China
4932820.0,DONATO,Franco,92077,Egypt
4932821.0,POP,Gheorghe,91326,Romania
4932884.0,SOMAINI,Carla,92367,Switzerland
4932934.0,TINGAY,Declan,96375,Australia
4932950.0,ZIRNE,Ulla,92325,Latvia
4933022.0,STASIAK,Sebastian,92767,Poland
4933074.0,PAREDES,Lesman,92647,Bahrain
4933083.0,BUZZI,Raffaele,92543,Italy
4933110.0,ARIANA,Ketut,92101,Indonesia
4933136.0,JOFFROY,Stephanie,99969,Chile
4933201.0,VENCKAUSKAITE,Gintare,92598,Lithuania
4933202.0,KAWAMOTO,Sho,91841,Japan
4933206.0,MATTHEWS,Michael,95039,Australia
4933207.0,COVENTRY,Kirsty,91988,Zimbabwe
4933217.0,COURNOYER,Charle,91610,Canada
4933220.0,AVERINA,Dina,196277,ROC
4933236.0,JAKUBCZYK,Lucas,94474,Germany
4933237.0,ALTUKHOV,Pavlo,95191,Ukraine
4933285.0,FARKAS,Vincent,91780,Slovakia
4933286.0,FAUCONNET,Thibaut,94438,France
4933291.0,BARR,Thomas,96910,Ireland
4933365.0,KIPYEKO,Phillip,91575,Uganda
4933409.0,RODRIGUES,Danny,95194,France
4933411.0,CONLEY,Alyssa,91331,South Africa
4933440.0,KONOVALOVAS,Ignatas,98864,Lithuania
4933447.0,HAUSDING,Patrick,92352,Germany
4933496.0,KHARKI,Farkhad,95165,Kazakhstan
4933566.0,FLEISCHER,Sebastian,91539,Denmark
4933591.0,MANSY,Khouloud,95306,Egypt
4933593.0,WANG,Jeunghun,91969,Republic of Korea
4933594.0,BEN YAHIA,Amor,96919,Tunisia
4933602.0,SEGAWA,Kazumasa,91632,Japan
4933687.0,NIKKANEN,Minna,92122,Finland
4933771.0,PIGNATIELLO,Delfina,96924,Argentina
4933780.0,TJÄDER,Jesper,91754,Sweden
4933827.0,BERGREM,Torgeir,91372,Norway
4933892.0,WENGER,Nadja,101297,Switzerland
4933915.0,HAASE,Rebekka,94474,Germany
4933931.0,ALMEIDA,Brandonn,95178,Brazil
4933934.0,CADOGAN,Shane,98155,St. Vincent & the Grenadines
4933968.0,EL GEZIRY,Omar,92065,Egypt
4934008.0,COX,Britteny,91375,Australia
4934018.0,RETZIUS,Lene Onsrud,94497,Norway
4934033.0,MORAUSKAITE,Modesta,94493,Lithuania
4934040.0,BAUGE,Gregory Benoit,96340,France
4934092.0,KARPAK,Deniss,91530,Estonia
4934151.0,CAMARA,Amadou,93367,Guinea
4934197.0,RAZINGER,Nika,91525,Slovenia
4934234.0,DUFOUR-LAPOINTE,Justine,91843,Canada
4934242.0,LEE,Wai Sze,89892,"Hong Kong, China"
4934305.0,BURIÁN,Katalin,94021,Hungary
4934329.0,ELAMRAWY,Marwan,103844,Egypt
4934403.0,CECHIR,Serghei,92539,Moldova
4934413.0,KIEJKO,Lynda,92541,Canada
4934414.0,ARMSTRONG,Kristin,95637,United States
4934536.0,BØHM,Marit Fjellanger,101293,Norway
4934546.0,FAULKNER,Eleanor,95254,Great Britain
4934555.0,ACOSTA,Marcelo,92973,El Salvador
4934567.0,SWOBODA,Ewa,96888,Poland
4934570.0,JITLOFF,Tim,91818,United States
4934608.0,SCHEYER,Christine,92026,Austria
4934610.0,PEDERSEN,Emily,92568,Denmark
4934637.0,MEDVEDEVA,Evgeniya,170772,Olympic Athlete from Russia
4934665.0,HENIQUE,Mélanie,89925,France
4934677.0,ABDUL-RASHID,Mariam,91425,Canada
4934678.0,WINGFIELD,Charlotte,95815,Malta
4934701.0,SPIRIDONOVA,Kristina,170773,Olympic Athlete from Russia
4934715.0,KUZNETSOV,Evgeniy,92245,Russia
4934715.0,KUZNETSOV,Evgeniy,195348,ROC
4934733.0,SHEVTSOV,Sergiy,89938,Ukraine
4934760.0,SON,Young-Hee,91812,Republic of Korea
4934784.0,ÖHRSTRÖM,Isak,94663,Sweden
4934864.0,RANSOM,Julia,92064,Canada
4934866.0,FUKSA,Martin,94611,Czech Republic
4934922.0,LOBINTSEV,Nikita,92343,Russia
4934970.0,ROSEN,Adam,94057,Great Britain
4935031.0,MEILINGER,Melanie,90490,Austria
4935062.0,GONZÁLEZ,Raquel,95223,Spain
4935092.0,MYHRER,André,92322,Sweden
4935141.0,PÉREZ,Andrea,91804,Ecuador
4935148.0,LEDEUX,Tess,92112,France
4935167.0,SOARE,Nicolae,91838,Romania
4935178.0,RAYMUNDO,José María,91589,Guatemala
4935205.0,HYPÓLITO,Diego,91777,Brazil
4935216.0,TAKASE,Kei,91841,Japan
4935221.0,LODDE,Luigi,91868,Italy
4935229.0,DANNHAUER,Judith,97780,Germany
4935246.0,MORIOKA,Koichiro,91841,Japan
4935320.0,KENDZIERA,David,91849,United States
4935390.0,SEJERSTED,Adrian Smiseth,91509,Norway
4935398.0,SÉNÉ,Amy,92379,Senegal
4935420.0,JUNGHÄNEL,Henri,91640,Germany
4935461.0,LYMANN,Jérôme,92367,Switzerland
4935567.0,WATTS,Reid,91517,Canada
4935621.0,NDZINISA,Phumlile,92073,Eswatini
4935655.0,CHIARAVIGLIO,Germán,94602,Argentina
4935669.0,SEGEC,Andrej,92029,Slovakia
4935701.0,MORAVCÍKOVÁ,Martina,96908,Czech Republic
4935708.0,YAKOVENKO,Dmytro,91581,Ukraine
4935735.0,KAWATA,Yuki,92310,JPN
4935750.0,KIPKEMBOI,Margaret Chelimo,95235,Kenya
4935806.0,LONGO BORGHINI,Elisa,95033,Italy
4935822.0,MIELZYNSKI,Erin,95279,Canada
4935847.0,UGOLKOVA,Maria,91334,Switzerland
4935944.0,MUSS,Aaron,92538,United States
4935992.0,SZTOKFISZ,Karolina,91845,Poland
4936027.0,DEMIREVA,Mirela,91802,Bulgaria
4936067.0,MOORE,Carissa,93497,United States
4936095.0,HEßLER,Pauline,93128,Germany
4936116.0,KONYA,Zsofia,91820,Hungary
4936119.0,COLOMBO,Elia,94457,Switzerland
4936123.0,SUNAGA,Yuki,91632,Japan
4936146.0,TERZIC,Amela,101446,Serbia
4936168.0,AIGNER,Hannes,91626,Germany
4936172.0,PEREIRA,Thiago,95178,Brazil
4936228.0,AHRENS,Gaby,92358,Namibia
4936229.0,DAMBADARJAA,Gantulga,95287,Mongolia
4936254.0,SCHEMPP,Simon,91837,Germany
4936291.0,HOWELL,Dara,91843,Canada
4936302.0,SRISURAT,Sukanya,91046,Thailand
4936333.0,SCHILLING,Andreas,96935,Denmark
4936349.0,SIVALINGAM,Sathish,89946,India
4936568.0,GUAMÁ,Byron,105582,Ecuador
4936658.0,FAVROT,Thibaut,92765,France
4936665.0,OLISHEVSKA,Yuliya,91581,Ukraine
4936726.0,RIBERA,María José,95308,Bolivia
4936760.0,ROMASENKO,Olesia,230934,Individual Neutral Athlete
4936760.0,ROMASENKO,Olesia,195792,ROC
4936761.0,BOLOU,Marie,91359,France
4936817.0,OSELEDETS,Dmytro,89938,Ukraine
4936830.0,MACHYNIAKOVÁ,Veronika,92348,Slovakia
4936940.0,PEROVA,Ksenia,91970,Russia
4936940.0,PEROVA,Ksenia,194612,ROC
4936945.0,BOYD,Alana,96375,Australia
4936967.0,STEWART,Murray,91723,Australia
4937078.0,TERRAS,Anthony,90493,France
4937096.0,HASSLER,Julia,92809,Liechtenstein
4937153.0,NEVO,Gal,92897,Israel
4937198.0,PREUß,Franziska,91837,Germany
4937205.0,BIRKELAND,Lars Helge,91421,Norway
4937278.0,MÖRÖ,Oskari,92122,Finland
4937313.0,KARAPETYAN,Andranik,91980,Armenia
4937357.0,SNELLGROVE,Hannah,96894,Great Britain
4937373.0,CLARK RIBEIRO,Isabel,91865,Brazil
4937427.0,FRANKLIN,Tori,91849,United States
4937450.0,BARTOL,Tilen,94672,Slovenia
4937514.0,GAGNON,Marie-Michèle,95279,Canada
4937537.0,BAYAR,Yesui,96254,Mongolia
4937539.0,ARAOUZOU,Kalliopi,104358,Greece
4937594.0,SCHERER,Sarah,95182,United States
4937624.0,BOUAOUD,Chafik,95887,Algeria
4937663.0,SPENCER,Levern,92576,Saint Lucia
4937684.0,HADJICONSTANTINOU,Iacovos,95192,Cyprus
4937691.0,ELMORE,Malindi,91425,Canada
4937708.0,SER,Jasmine,91543,Singapore
4937798.0,JALLOW,Mimosa,92601,Finland
4937802.0,ANDRADE,Rafael,93840,Brazil
4937833.0,GE,Manqi,89910,China
4937849.0,VISHNEVSKAYA SHEPORENKO,Galina,94063,Kazakhstan
4937865.0,LI,Zhuhao,91428,China
4937890.0,TALBI,Zouhair,91445,Morocco
4937935.0,WATABE,Yurie,92019,Japan
4937955.0,YOSHINAGA,Kazuki,91764,Japan
4938008.0,MONONEN,Laura,94041,Finland
4938010.0,NGAWATI,Kotuku,91357,Australia
4938112.0,SLOTINŠ,Roberts,93319,Latvia
4938169.0,MLYNÁR,Peter,92029,Slovakia
4938238.0,ENDERICA,Esteban,95277,Ecuador
4938249.0,LI,Dan,98001,China
4938259.0,LIMTIACO,Tasi,92164,Micronesia
4938283.0,ARBE,Joaquín,94602,Argentina
4938296.0,ELLIOTT,Kiana,89937,Australia
4938301.0,QIU,Bo,89939,China
4938426.0,DODSON,Jeremy,96383,Samoa
4938476.0,ROBNIK,Tina,96892,Slovenia
4938496.0,VAZIRI,Milad,96305,Iran
4938536.0,LIN,Wen-Tang,92993,Chinese Taipei
4938559.0,BLUMS,Martinš,90118,Latvia
4938676.0,PERILLI,Alessandra,91499,San Marino
4938694.0,ROHRER,Verena,92367,Switzerland
4938715.0,SILVA,Edson,95220,Brazil
4938785.0,TSARKOV,Oleh,94461,Ukraine
4938854.0,LANGASQUE,Romain,93402,France
4938870.0,KHUDYAKOV,Vitaliy,103842,Kazakhstan
4938916.0,KIRIAKE,Teruko,97564,Japan
4938943.0,WANG,Zhen,93744,China
4938955.0,KOSKELA,Pekka,93589,Finland
4939051.0,PEDERSEN,Anders,91332,Norway
4939079.0,DE BUCK,Sebbe,91490,Belgium
4939104.0,UEA-AREE,Attapon,91361,Thailand
4939125.0,TRAPP,Michael,92538,United States
4939211.0,ALEMANNO,Maria Grazia,92758,Italy
4939227.0,THROSSELL,Brianna,91357,Australia
4939230.0,PAK,Chol,90513,DPR Korea
4939237.0,CAELEN,Florent,91068,Belgium
4939243.0,EIE,Sandra,92062,Norway
4939253.0,BOURGUIEG,Mohamed Abdeldjalil,100761,Algeria
4939338.0,KLISHINA,Darya,192506,ROC
4939338.0,KLISHINA,Darya,92537,Russia
4939339.0,KAMARA,Osman,92977,Sierra Leone
4939359.0,KOROL,Yelizaveta,92879,Kazakhstan
4939372.0,TSUHA,Hibiki,91841,Japan
4939424.0,WRIGHT,Owen,93502,Australia
4939435.0,BERECZ,Zsombor,91593,Hungary
4939464.0,PUCHIANU,Cornel,91326,Romania
4939509.0,TACIR,Ersin,97543,Türkiye
4939554.0,BRITCHER,Summer,92051,United States
4939613.0,ZUEVA,Marina,98000,Belarus
4939637.0,SAUNDERS,Thomas,90495,New Zealand
4939679.0,CASTRO,Simona,97159,Chile
4939734.0,PALOMEQUE,Diego,91368,Colombia
4939739.0,MCMANIMAN,Audrey,94050,Canada
4939752.0,NOVAKOVIC,Marko,94524,Serbia
4939771.0,VAN BEEK,Lotte,93590,Netherlands
4939790.0,DINGLEY,Oliver,95765,Ireland
4939845.0,FERNANDES,Clemilda,95048,Brazil
4939874.0,PRZYBYLKO,Mateusz,94474,Germany
4939924.0,KOCHER,Martina,97531,Switzerland
4939933.0,BASTIANELLI,Marta,95033,Italy
4940032.0,VALENZUELA,Albane,93404,Switzerland
4940060.0,WEIGHTMAN,Lisa,96375,Australia
4940112.0,GRENOT,Libania,91594,Italy
4940165.0,PAOLETTI,Vanina,92104,France
4940189.0,HAO,Jiachen,98001,China
4940205.0,BENAVIDES,Alfonso,91881,Spain
4940233.0,SEIFRIEDSBERGER,Jacqueline,94661,Austria
4940247.0,STARC,Brandon,96375,Australia
4940292.0,VETTER,Anouk,91854,Netherlands
4940311.0,KIYENG,Hyvin,95235,Kenya
4940315.0,MCMASTER,Keryn,91357,Australia
4940322.0,WHITLOCK,Max,94067,Great Britain
4940507.0,REW,Quentin,95176,New Zealand
4940584.0,PEIFFER,Arnd,91837,Germany
4940635.0,KUNG,Candie,92993,Chinese Taipei
4940664.0,ALLEN,Elena,95224,Great Britain
4940702.0,GENTRY,Yanic,91846,Mexico
4940714.0,DENG,Shudi,91858,China
4940731.0,KAPIRIEL,Kitson,95798,Micronesia
4940775.0,MAWEM,Bassa,94965,France
4940778.0,HALL,Farrah,96400,United States
4940802.0,ERRANDONEA,Teresa,95223,Spain
4940831.0,THEBE,Baboloki,92017,Botswana
4940843.0,PLAKALOVIC,Mladen,96562,Bosnia & Herzegovina
4940893.0,SALMINEN,Max,92096,Sweden
4940994.0,HIERNICKEL,Lydia,92781,Switzerland
4941046.0,ISHIKAWA,Haruna,95174,Japan
4941065.0,MEYER,Lea,94474,Germany
4941074.0,BUYS,Kimberly,91432,Belgium
4941090.0,LEVY,Daina,95237,Jamaica
4941138.0,,Ah-Reum,95046,Republic of Korea
4941142.0,MORSY,Haidy,92065,Egypt
4941175.0,NASH,Katerina,91402,Czech Republic
4941231.0,ROTICH,Abraham,95288,Bahrain
4941232.0,EL GEZIRY,Amro,92065,Egypt
4941232.0,EL GEZIRY,Amro,91348,United States
4941253.0,BARYCHEUSKI,Kanstantsin,91502,Belarus
4941278.0,WALLBERG,Walter,91754,Sweden
4941312.0,ISEDA,Megumi,91632,Japan
4941319.0,HORN,Stefanie,97569,Italy
4941357.0,PUNIA,Seema,91760,India
4941378.0,MARSAGLIA,Francesca,96391,Italy
4941381.0,VOINOVA,Anastasiia,92737,Russia
4941381.0,VOINOVA,Anastasiia,195791,ROC
4941388.0,BORDIGNON,Giorgia,92758,Italy
4941426.0,BESSEGHIER,Chafik,96900,France
4941428.0,TAPIA,Rosa María,96951,Mexico
4941498.0,RADIVILOV,Igor,91376,Ukraine
4941573.0,VORANAU,Aliaksandr,90501,Belarus
4941584.0,OOI,Tze Liang,90516,Malaysia
4941644.0,MIDOL,Bastien,92112,France
4941653.0,PIOT,Jennifer,92765,France
4941674.0,PROCHÁZKOVÁ,Alena,92029,Slovakia
4941747.0,NOVÁKOVÁ,Petra,91603,Czech Republic
4941760.0,SUMPRADIT,Sarat,91046,Thailand
4941767.0,OLIVIER,Marc-Antoine,99639,France
4941787.0,LILLIS,Jonathon,94642,United States
4941826.0,SICOBO,Dylan,96903,Seychelles
4941840.0,PIVIROTTO,Ryan,94506,United States
4941848.0,GHIOTTO,Davide,98002,Italy
4941865.0,WRAY,Shalysa,91582,Cayman Islands
4941878.0,MARTINS,Eliane,96363,Brazil
4941967.0,PUNZEL,Tina,92352,Germany
4941975.0,WOG,Kelsey,91621,Canada
4942002.0,GONZÁLEZ,Ivan,91368,Colombia
4942034.0,HALÁSZ,Bence,91810,Hungary
4942135.0,JANET,Roberto,89943,Cuba
4942139.0,CASTRO,Patricia,91571,Spain
4942146.0,BICSÁK,Bence,92559,Hungary
4942154.0,PEREIRA,Tiago,91452,Portugal
4942159.0,JEONG,Sophia,91628,Republic of Korea
4942230.0,PRALONG,Candide,92781,Switzerland
4942277.0,KAUZER,Peter,94020,Slovenia
4942302.0,DELFOUR,Lucien,94613,Australia
4942336.0,MAHESHWARY,Renjith,91760,India
4942360.0,ANDO,Asa,95174,Japan
4942366.0,EZZINE,Hamid,91445,Morocco
4942396.0,GRIGOROVA,Antoniya,94055,Bulgaria
4942436.0,BRZOSKOWSKI,Maarten,95179,Netherlands
4942460.0,IVANOV,Georgi,91802,Bulgaria
4942514.0,UMEHARA,Reina,92019,Japan
4942640.0,DAVIDOVÁ,Markéta,91429,Czech Republic
4942642.0,DOOM,Alexander,91068,Belgium
4942804.0,VILLAMAYOR,Sergio,92232,Argentina
4942849.0,JAHN,Lisa,91606,Germany
4942932.0,MÄKI,Joni,94041,Finland
4942967.0,TURCHYN,Galyna,91581,Ukraine
4942990.0,OGUNODE,Femi,96945,Qatar
4943085.0,PERMYKINA,Valeriya,91439,Ukraine
4943100.0,EGRI,Viktória,94477,Hungary
4943111.0,BAILIE,Ryan,91994,Australia
4943176.0,LIGOCKI,Mateusz,91845,Poland
4943197.0,GUILLAUME,Ilionis,91520,France
4943214.0,OHACO,Dominique,99969,Chile
4943224.0,ROSA,Diego,95033,Italy
4943227.0,BAHTA,Meraf,91373,Sweden
4943231.0,OSCHMAUTZ,Felix,91568,Austria
4943279.0,SCHLUMPF,Fabienne,95229,Switzerland
4943290.0,RIPPON,Adam,91516,United States
4943299.0,SEUREI,Benson,95288,Bahrain
4943307.0,OKOEVA,Zhanyl,91362,Kyrgyzstan
4943363.0,STEVOVIC,Marko,93906,SRB
4943382.0,D'HOEDT,Jeroen,91068,Belgium
4943387.0,REBOULI,Ourania,97537,Greece
4943396.0,AUBÖCK,Felix,107897,Austria
4943396.0,AUBÖCK,Felix,96377,Austria
4943401.0,PAK,Yong Hui,91885,DPR Korea
4943479.0,MILCHEV,Mikola,94461,Ukraine
4943494.0,RYPAKOVA,Olga,91386,Kazakhstan
4943561.0,YULE,Daniel,94036,Switzerland
4943582.0,SHIFFRIN,Mikaela,91818,United States
4943615.0,HÜTTER,Cornelia,92026,Austria
4943632.0,VOROBYOVA,Yevgeniya,98000,Belarus
4943646.0,PALFRAMAN,Justine,91331,South Africa
4943648.0,SEGER,Brodie,95279,Canada
4943788.0,PROCTOR,Shara,92761,Great Britain
4943792.0,UNGUREANU,Marius,91326,Romania
4943794.0,HUDSON,Victoria,92900,Austria
4943806.0,HERMANN,Tina,97549,Germany
4943817.0,GAG,Andrei,91838,Romania
4943888.0,LANDÁZURI,Marizol,91997,Ecuador
4943964.0,MELLOULI,Oussama,101918,Tunisia
4943964.0,MELLOULI,Oussama,92808,Tunisia
4943968.0,CABECINHA,Ana,91452,Portugal
4943975.0,MCKINNON,Kiley,94642,United States
4943976.0,PETTERSEN,Suzann,98186,Norway
4944120.0,HARVEY,Mary-Sophie,91621,Canada
4944200.0,ALIC,Hamza,94033,Bosnia & Herzegovina
4944206.0,ILONEN,Mikko,92869,Finland
4944207.0,JÓNSDÓTTIR,Elsa Guðrún,96566,Iceland
4944223.0,VENÂNCIO,Kauiza,96363,Brazil
4944226.0,KINDL,Wolfgang,91074,Austria
4944323.0,WEIR,Jillian,91425,Canada
4944627.0,MATSENJWA,Sibusiso,92073,Eswatini
4944651.0,MASTNAK,Tim,94024,Slovenia
4944654.0,LINDBERG,Pernilla,94090,Sweden
4944674.0,ABROSIMOV,Kirill,195804,ROC
4944696.0,MOENNE LOCCOZ,Nelly,96922,France
4944707.0,SASSER,Mathlynn,98223,Marshall Islands
4944731.0,ZANON,Nicola,97594,Thailand
4944787.0,HÖGBERG,Elisabeth,91473,Sweden
4944824.0,RIZATDINOVA,Ganna,95233,Ukraine
4944829.0,FLEETWOOD,Tommy,92268,Great Britain
4944848.0,TUNGAR,Kavita,91760,India
4944879.0,TAUGBØL,Håvard Solås,94487,Norway
4944882.0,KAKKO,Roope,92869,Finland
4944959.0,POTENT,Warren,96380,Australia
4945005.0,STEFANOVIC,Strahinja,94524,Serbia
4945033.0,ENDO,Sho,92019,Japan
4945055.0,BREMBACH,Nils,94474,Germany
4945063.0,SUBIRATS,Albert,92607,Venezuela
4945112.0,KILP,Marko,92125,Estonia
4945128.0,GOGGIA,Sofia,96391,Italy
4945143.0,ALDUHAYLIB,Mohsen,96314,Saudi Arabia
4945257.0,KIVLENIEKS,Inars,92325,Latvia
4945262.0,THOMAS,Kristian,94067,Great Britain
4945287.0,GUBA,Paulina,96888,Poland
4945298.0,FRANCESCHI,Sara,91971,Italy
4945389.0,YAMAGUCHI,Kosei,91841,Japan
4945494.0,KAME,Ali,92291,Madagascar
4945529.0,FONTANA,Marco,91031,Italy
4945545.0,VEERPALU,Andreas,92125,Estonia
4945580.0,BOGATAJ,Urša,94672,Slovenia
4945593.0,AHMAD,Muis,96259,Brunei Darussalam
4945629.0,BENSON,Gordon,92070,Great Britain
4945637.0,SERAPINAITE,Ieva,92598,Lithuania
4945652.0,MACHAVARIANI,Tsotne,92008,Georgia
4945764.0,ST-JEAN,Alexandre,97784,Canada
4945771.0,KVASINA,Matija,95636,Croatia
4945849.0,GOMES JÚNIOR,João,95178,Brazil
4945912.0,HAN,Mei,98001,China
4945974.0,KAPUTIN,Rellie,97582,Papua New Guinea
4946008.0,THORSDOTTIR,Eythora,96969,Netherlands
4946058.0,STROLZ,Johannes,92026,Austria
4946068.0,SEMERENKO,Vita,90491,Ukraine
4946195.0,KYLYPKO,Maryna,91581,Ukraine
4946228.0,PERALTA,Carlos,91571,Spain
4946231.0,DUMOULIN,Tom,99397,Netherlands
4946278.0,ELISEEV,Matvey,164519,Olympic Athlete from Russia
4946279.0,GATE,Aaron,94432,New Zealand
4946291.0,KLINEC,Ema,94672,Slovenia
4946309.0,SPRUDZANE,Sinta,89947,Latvia
4946320.0,DUCHENE,Krista,91425,Canada
4946344.0,RILEY,Andrew,95237,Jamaica
4946362.0,ROSSITER,Jack,96380,Australia
4946366.0,HOLUŠA,Jakub,91602,Czech Republic
4946370.0,LAMHAMEDI,Adam,94436,Morocco
4946444.0,ARCE,Daniel,95223,Spain
4946521.0,ALCINDOR,Aurelie,92780,Mauritius
4946527.0,HABTE,Robel Kiros,92169,Ethiopia
4946553.0,BOUTIN,Kim,91610,Canada
4946564.0,GOETZ,Kimi,94702,United States
4946579.0,LIYANARACHCHI,Nimali,94442,Sri Lanka
4946589.0,BONFIM,Caio,96363,Brazil
4946630.0,ABEYSINGHE,Kyle,96250,Sri Lanka
4946637.0,BREVET,Marine,95194,France
4946640.0,CHARVÁTOVÁ,Lucie,91429,Czech Republic
4946667.0,GARCÍA,Diego,95223,Spain
4946704.0,WÜST,Ireen,93590,Netherlands
4946772.0,WILSON,Jason,92857,Barbados
4946788.0,BARBOSA,Jade,91777,Brazil
4946833.0,TCHÓRZ,Alicja,94476,Poland
4946882.0,MARGHIEV,Serghei,91393,Moldova
4946898.0,SUTTIE,Taryn,91425,Canada
4946900.0,ARRAIOLOS,Miguel,92102,Portugal
4946911.0,BULMER,Josephine,91723,Australia
4946947.0,WENG,Tiril Udnes,94487,Norway
4946949.0,JAKOBSEN,Kristoffer,92322,Sweden
4946966.0,SI,Yajie,89939,China
4947037.0,KINGMA,Maya,92259,Netherlands
4947054.0,AMANKWA,Alex,95193,Ghana
4947073.0,HARRADINE,Benn,96375,Australia
4947090.0,WATANABE,Kanako,95181,Japan
4947112.0,MUSKETT,Emily,91864,Great Britain
4947118.0,KOUYOUMDJIAN,Yianno,92273,Cyprus
4947210.0,YURENIA,Aleh,92298,Belarus
4947217.0,BERTA,Martina,91031,Italy
4947235.0,BAILEY,Lowell,94039,United States
4947282.0,MURRAY,Richard,92259,Netherlands
4947282.0,MURRAY,Richard,91871,South Africa
4947350.0,MCMASTER,Kyron,92289,British Virgin Islands
4947402.0,IBARGÜEN,Caterine,91368,Colombia
4947428.0,NIEDZWIEDZKI,Konrad,94308,Poland
4947460.0,KROL-WALAS,Aleksandra,91845,Poland
4947462.0,LAHIRI,Anirban,95830,India
4947513.0,ETO,Takashi,91841,Japan
4947518.0,JOHANSSON,Allan Dahl,101293,Norway
4947537.0,GLEADLE,Elizabeth,91425,Canada
4947573.0,SADOVSKAYA,Ksenia,98000,Belarus
4947575.0,ABDI,Bashir,91068,Belgium
4947662.0,KIM,Yeongnam,92043,Republic of Korea
4947682.0,BLUNDELL,Jenny,96375,Australia
4947685.0,WIESIOLEK,Pawel,96888,Poland
4947695.0,ABOKAHLA,Karim,91470,Egypt
4947766.0,HSIANG,Chun-Hsien,95199,Chinese Taipei
4947835.0,KÄSER,Erwan,92781,Switzerland
4947843.0,KIM,Kuk Hyang,91532,DPR Korea
4947875.0,DIAZ,Hidilyn,96938,Philippines
4947942.0,MAO,Feilian,91428,China
4947949.0,FERNÁNDEZ,Charles,92783,Guatemala
4947965.0,GANNA,Filippo,95033,Italy
4947972.0,LAMBLE,Regan,96375,Australia
4947990.0,NGOYE,Natacha,92943,Congo
4948002.0,FONTES,Bruno,89924,Brazil
4948020.0,GALVIS,Sandra,91368,Colombia
4948080.0,OSAKUE,Daisy,91594,Italy
4948116.0,PAUWELS,Serge,98863,Belgium
4948184.0,BEVIN,Patrick,105593,New Zealand
4948278.0,MÜHLETHALER,Laurent,92586,France
4948280.0,PISAREVA,Nadzeya,91776,Belarus
4948290.0,FINKE,Bobby,95184,United States
4948316.0,FURUKAWA,Takaharu,92310,JPN
4948343.0,LILESA,Feyisa,94034,Ethiopia
4948374.0,IVANOV,Ivan,97561,Ukraine
4948376.0,NURUDINOV,Ruslan,91572,Uzbekistan
4948439.0,PULAI,Bence,94021,Hungary
4948448.0,GORDEEV,Maksim,92565,Kyrgyzstan
4948487.0,GARCÍA,Luis Alberto,96349,Dominican Republic
4948507.0,STIEGLER,Resi,91818,United States
4948511.0,EVANS,Joanna,96927,Bahamas
4948532.0,MOUCTAR,Albachir,92172,Niger
4948571.0,GRAM,Elisabeth,90490,Austria
4948574.0,JAMES,Kirani,92608,Grenada
4948696.0,ZHANG,Xin,91066,China
4948704.0,MIRONOVA,Svetlana,201554,ROC
4948740.0,BODROV,Ihor,91581,Ukraine
4948752.0,IRVING,Lewis,91843,Canada
4948782.0,POPLAVSKAYA,Ekaterina,91502,Belarus
4948800.0,VASILCHANKA,Yury,91502,Belarus
4948818.0,MAGNUSSEN,Bjørn,101293,Norway
4948833.0,KAMBUNDJI,Mujinga,95229,Switzerland
4948841.0,TOOMEY-ORR,Tia-Clair,89937,Australia
4948868.0,SIGHEL,Arianna,92553,Italy
4948928.0,VASILJEVS,Deniss,89929,Latvia
4948955.0,NASCIMENTO,Miguel,91070,Portugal
4948968.0,LIAKHOVICH,Aliaksandr,91502,Belarus
4948980.0,KORKMAZ,Salih,97543,Türkiye
4949063.0,ACOSTA,Julio,91476,Chile
4949086.0,BUCKMAN,Zoe,96375,Australia
4949172.0,JOHNSGAARD,Knute,92054,Canada
4949198.0,RODRÍGUEZ,Érick,93138,Nicaragua
4949207.0,DANTÉ,Djénébou,92144,Mali
4949214.0,URBANIAK,Lena,94474,Germany
4949363.0,MUCHERU,Boniface,95235,Kenya
4949494.0,WÓJCIK,Andzelika,94308,Poland
4949524.0,LEITNER,Mario,91568,Austria
4949633.0,BRODMEIER,Daniel,91640,Germany
4949672.0,IM,Hana,92351,Republic of Korea
4949775.0,GILLIS,Eric,91425,Canada
4949851.0,SCOTT,Donald,91849,United States
4949885.0,TEJERINA,Maria,95243,Argentina
4949893.0,AYDOVA,Yekaterina,94306,Kazakhstan
4949940.0,PÉRIAULT,Léonie,91855,France
4949970.0,DURAÑONA,Yordanys,94666,Dominica
4950054.0,HUNZIKER,Jonas,96896,Switzerland
4950106.0,XIAO,Ruoteng,91858,China
4950164.0,CAO,Shuo,89910,China
4950250.0,WIKSTRÖM,Emelie,92322,Sweden
4950351.0,CHESANI,Silvano,91594,Italy
4950399.0,PFLIEGER,Philipp,94474,Germany
4950476.0,YAN,Han,94075,China
4950492.0,ABEDA,Shannon-Ogbnai,93140,Eritrea
4950526.0,PETERS,Anderson,92608,Grenada
4950532.0,VAN VLEUTEN,Annemiek,99397,Netherlands
4950544.0,SANDS,Leevan,96929,Bahamas
4950573.0,VALIYEV,Roman,91386,Kazakhstan
4950624.0,OBST,Marie-Therese,94497,Norway
4950741.0,KAWAMOTO,Takeshi,95181,Japan
4950889.0,PAVEY,Joanne,92761,Great Britain
4950892.0,COSTA,Joana,96363,Brazil
4950937.0,KLEVELAND,Marcus,91372,Norway
4950989.0,BILLAUD,Cindy,91520,France
4951023.0,TARTAGLINI,Flavia,91740,Italy
4951143.0,MOBÄRG,Erik,91754,Sweden
4951159.0,SLOKAR,Andreja,96892,Slovenia
4951209.0,MALSINER,Manuela,90509,Italy
4951214.0,TAKANASHI,Sara,91829,Japan
4951319.0,SIM,Welson,95805,Malaysia
4951356.0,JAGOR,Jaak-Heinrich,92083,Estonia
4951367.0,ROGERS,Mattie,92092,United States
4951377.0,REJEPOW,Rejepbaý,94053,Turkmenistan
4951467.0,LIPATOV,Alexander,93648,Russia
4951514.0,ANDREEV,Leonid,91434,Uzbekistan
4951526.0,GALLI,Jole,92135,Italy
4951556.0,INABA,Reo,93498,Japan
4951585.0,INSAM,Alex,90509,Italy
4951622.0,HAN,Yutong,94496,China
4951641.0,TYNES,Dustin,96927,Bahamas
4951656.0,CONSTANTINE,Kyra,91425,Canada
4951670.0,KREUZER,Chiara,94661,Austria
4951747.0,DOMBROVSKI,Karol,93120,Lithuania
4951754.0,MOLERIO,Alexander,91045,Cuba
4951800.0,KURNAZ,Mehtap,96902,Türkiye
4951847.0,ŠERKŠNIENE,Agne,94493,Lithuania
4951866.0,KAZMIREK,Kai,94474,Germany
4951894.0,EDMONDSON,Annette,92742,Australia
4951953.0,STORNES,Casper,93022,Norway
4952064.0,KIRCHMANN,Leah,105592,Canada
4952074.0,LAZOR,Anne,95184,United States
4952090.0,ŠAROUNOVÁ,Nikola,91460,Czech Republic
4952144.0,KRIEF,Thomas,92112,France
4952201.0,VELVERE,Liga,89947,Latvia
4952222.0,FENG,Bin,89910,China
4952232.0,DEMAY,Coralie,96340,France
4952264.0,POPOWICZ-DRAPALA,Marika,96888,Poland
4952320.0,SIKE,Renáta,94477,Hungary
4952326.0,MARTÍNEZ,Enzo,92972,Uruguay
4952332.0,EISSA,Maha,92903,Egypt
4952352.0,ANDRAUD,Matilde,91520,France
4952395.0,RUCK,Taylor,91621,Canada
4952421.0,SJÖDIN,Simon,91826,Sweden
4952437.0,TILER,Rebekah,91864,Great Britain
4952504.0,SUMMERS,Brodie,91375,Australia
4952529.0,STAHL,Linda,94474,Germany
4952546.0,SHARMA,Ankit,91760,India
4952607.0,VOJÁCKOVÁ,Katerina,92004,Czech Republic
4952647.0,SAYED,Youssief,92903,Egypt
4952655.0,CHOE,Jon Wi,91532,DPR Korea
4952690.0,BUDZA,Serhiy,91581,Ukraine
4952716.0,KHAN,Bisma,93379,Pakistan
4952751.0,ASADAUSKAITE,Laura,92598,Lithuania
4952798.0,FISHER,Andrew,95288,Bahrain
4952851.0,VINECKI,Winter,94642,United States
4952868.0,KONIECZEK,Aneta,96888,Poland
4952871.0,PEINADO,Robeilys,91508,Venezuela
4952937.0,REPCÍK,Jozef,91884,Slovakia
4952980.0,LOVTSOVA,Natalya,92343,Russia
4953031.0,PEN FREITAS,Marta,91452,Portugal
4953054.0,YEREMIN,Roman,94063,Kazakhstan
4953108.0,NEDOV,Emma,92756,Australia
4953150.0,HOCKIN,Benjamín,98161,Paraguay
4953165.0,BORELLI,Florencia,94602,Argentina
4953266.0,HAUG,Anne,91498,Germany
4953271.0,YU,Jing,98001,China
4953285.0,CURTONI,Irene,96391,Italy
4953305.0,SISSON,Emily,91849,United States
4953369.0,NZIMA,Sibusiso,91331,South Africa
4953391.0,PANTANO,Jarlinson,95735,Colombia
4953443.0,AU,Stephanie,94465,"Hong Kong, China"
4953459.0,STOCH,Kamil,93126,Poland
4953546.0,BOUFADENE,Farah,100761,Algeria
4953591.0,KIRWA,Eunice Jepkirui,95288,Bahrain
4953627.0,KIM,Myong Hyok,91532,DPR Korea
4953637.0,SCHIPPERS,Dafne,91854,Netherlands
4953640.0,POPOV,Albert,95260,Bulgaria
4953681.0,CECCHINI,Elena,95033,Italy
4953696.0,MOYA,Pol,89903,Andorra
4953767.0,BUDIAK,Anatolii,95038,Ukraine
4953819.0,PORTELA,Teresa,91881,Spain
4953904.0,BARRETTE,Hugo,91483,Canada
4953949.0,ZAKHAROV,Ruslan,201553,ROC
4953954.0,FERREIRA,Fernando,96363,Brazil
4954007.0,MANDZIY,Andriy,91557,Ukraine
4954052.0,TORRENCE,David,92612,Peru
4954058.0,ZENHÄUSERN,Ramon,94036,Switzerland
4954128.0,BROWN,Kemarley,95288,Bahrain
4954163.0,STOLARSKI,Marcin,94476,Poland
4954170.0,REICHERT,Christian,101044,Germany
4954176.0,ZVEJNIEKS,Roberts,93505,Latvia
4954187.0,DEL CAMPO,Juan,94489,Spain
4954261.0,NING,Zetao,91428,China
4954268.0,ARÉVALO,Eider,91368,Colombia
4954279.0,KENDERESI,Tamás,94021,Hungary
4954386.0,MÄKIAHO,Arttu,91883,Finland
4954388.0,HINTERMANN,Niels,94036,Switzerland
4954445.0,AN,Byeong Hun,91969,Republic of Korea
4954455.0,LIESER,Ondrej,98178,Czech Republic
4954466.0,KARIŠIK-KOSARAC,Tanja,96562,Bosnia & Herzegovina
4954520.0,SEEBOHM,Emily,91357,Australia
4954547.0,LIVERS,Toni,92781,Switzerland
4954593.0,LILLEY,Jake,94466,Australia
4954631.0,TVOROGAL,Robert,89955,Lithuania
4954678.0,NIELSEN,Mie,91774,Denmark
4954681.0,ABDURAKHIMOV,Rasuljon,92258,Uzbekistan
4954683.0,SZILÁGYI,Liliána,94021,Hungary
4954722.0,ISMAIL,Mohamed,92227,Djibouti
4954725.0,FALOCI,Giovanni,91594,Italy
4954747.0,ELSEIFY,Ashraf,96945,Qatar
4954764.0,NEE,Ashley,92873,United States
4954792.0,SÄFVENBERG,Charlotta,92322,Sweden
4954801.0,ZHUMAGAZIYEV,Nurbergen,92578,Kazakhstan
4954824.0,REZENDE XAVIER,Daniel,94061,BRA
4954943.0,BØ,Johannes Thingnes,91421,Norway
4954969.0,DIELEMANS,Mitch,91787,Netherlands
4955053.0,DWYER,Rasheed,95237,Jamaica
4955069.0,TERZIC,Jovana,95157,Montenegro
4955105.0,TANDY,Brad,94594,South Africa
4955135.0,SARSFIELD,Emily,91583,Great Britain
4955148.0,SALMON,Shiann,95237,Jamaica
4955187.0,MAKRI,Andreas,94085,Cyprus
4955240.0,TUŽINSKÝ,Juraj,96946,Slovakia
4955242.0,NIN REYES,Audrys,94227,Dominican Republic
4955247.0,TSEVEENRAVDAN,Byambajav,95287,Mongolia
4955360.0,TVETCOV,Serghei,95638,Romania
4955400.0,NOWACZYK,Michal,91845,Poland
4955411.0,TOMA,Loredana Elena,96396,Romania
4955436.0,PHELPS,Michael,95184,United States
4955457.0,ASHMEADE,Nickel,95237,Jamaica
4955466.0,LIUKKONEN,Ari-Pekka,92601,Finland
4955478.0,GIORDANO,Giuseppe,91868,Italy
4955534.0,WILLIAMS,Ella,92701,New Zealand
4955562.0,CRIPPA,Yemaneberhan,91594,Italy
4955581.0,NEFF,Jolanda,95642,Switzerland
4955581.0,NEFF,Jolanda,91480,Switzerland
4955602.0,KOLOMINA,Yelena,96968,Kazakhstan
4955688.0,MINASYAN,Gor,92647,Bahrain
4955688.0,MINASYAN,Gor,91980,Armenia
4955690.0,CHUN,In Gee,91969,Republic of Korea
4955705.0,RAHM,Jon,91495,Spain
4955740.0,GARDETTE,Jean-Marc,91507,Seychelles
4955783.0,SRISA-ARD,Jenjira,96247,Thailand
4955786.0,IRIE,Ryosuke,95181,Japan
4955790.0,XU,Huiqin,89910,China
4955959.0,SIOSI,Rosefelo,92293,Solomon Islands
4955977.0,COLOMA,Carlos,92735,Spain
4956012.0,SATO,Yuka,91775,Japan
4956030.0,SIMONAK,Jakub,94038,Slovakia
4956035.0,KAROKI,Bedan,95235,Kenya
4956074.0,SHEHAJ BEKURTI,Enkelejda,95182,United States
4956096.0,YANG,Hao,89939,China
4956106.0,KORPI,Janne,91852,Finland
4956147.0,CLAVERIE,Carlos,92607,Venezuela
4956164.0,ZHANG,Donglian,92331,China
4956193.0,BURNETT,Jason,94656,Canada
4956222.0,VUILLERMOZ,Alexis,105584,France
4956225.0,CAMPO,Alfredo,98013,Ecuador
4956238.0,MOFFATT,Liam,94050,Canada
4956276.0,HALBWACHS,Aurélie,93342,Mauritius
4956448.0,VILLARS,Danielle,91334,Switzerland
4956510.0,DILLA,Karsten,94474,Germany
4956591.0,LEE,Min,92993,Chinese Taipei
4956593.0,LITHERLAND,Jay,95184,United States
4956611.0,FISEROVA,Tereza,97526,Czech Republic
4956669.0,MUSAGALA,Ronald,91575,Uganda
4956687.0,LE COQ,Pierre,91359,France
4956711.0,ELKAAM,Fouad,91445,Morocco
4956763.0,PARISI,Hugo,94635,Brazil
4956776.0,SMAJLAJ,Izmir,92142,Albania
4956850.0,OUEDRAOGO,Angelika,96257,Burkina Faso
4956909.0,NICHOLAS,Jane,93825,Cook Islands
4956927.0,SADO,Besu,94034,Ethiopia
4956956.0,PAULA,Paulo Roberto,96363,Brazil
4956983.0,RAKHMATOVA,Dilnoza,92349,Uzbekistan
4957018.0,CÓRDOBA,Nicolás,94449,Argentina
4957036.0,GONZÁLEZ,Tomás,97159,Chile
4957055.0,GALEWICZ,Martyna,91629,Poland
4957093.0,JISLOVÁ,Jessica,91429,Czech Republic
4957116.0,PARELLIS,Apostolos,96373,Cyprus
4957130.0,KHITRAYA,Yuliya,92082,Belarus
4957175.0,PAU,Nuria,94489,Spain
4957207.0,BORLÉE,Olivia,91068,Belgium
4957288.0,BILIS,Simonas,90494,Lithuania
4957345.0,KOSCHISCHEK,Birgit,96377,Austria
4957361.0,ABDEL LATIF,Radwa,92077,Egypt
4957365.0,IMAI,Runa,95181,Japan
4957370.0,MURPHY,Troy,94642,United States
4957418.0,HOBBS,Zoe,95176,New Zealand
4957510.0,BIRKETT,Andrew,92754,South Africa
4957518.0,GRECU,Andreea,94058,Romania
4957534.0,RIBAS,Ricardo,91452,Portugal
4957580.0,ROSA,David,89888,Portugal
4957605.0,BURKA,Gelete,94034,Ethiopia
4957640.0,TONJOR,Recheal,92804,Nigeria
4957671.0,TIKHONOVA,Sofia,201551,ROC
4957671.0,TIKHONOVA,Sofia,161312,Olympic Athlete from Russia
4957696.0,DU,Li,92331,China
4957700.0,BYCHENKO,Alexei,91758,Israel
4957711.0,GURÝEVA,Polina,94053,Turkmenistan
4957744.0,KIM,Minjung,92351,Republic of Korea
4957745.0,SAAD,Ahmed,91470,Egypt
4957795.0,KALMER,Christine,91331,South Africa
4957808.0,TJON EN FA,Jair,93778,Suriname
4957881.0,UCHIYAMA,Yuki,94494,Japan
4957905.0,PONOMARYOV,Sergey,91484,Kazakhstan
4957923.0,TOCCI,Giovanni,94640,Italy
4957934.0,MUKASHEVA,Margarita,91386,Kazakhstan
4957999.0,CESARINI,Claudia,96379,Italy
4958010.0,FRANQUET,Sonia,91458,Spain
4958038.0,STEPHEN,Elizabeth,91559,United States
4958045.0,ROSA FIGUEIREDO,Natasha,91512,Brazil
4958053.0,TREVIÑO,Yvonne,93121,Mexico
4958124.0,HIRSCHBÜHL,Christian,92026,Austria
4958125.0,PAŠKOVSKA,Inga,93319,Latvia
4958234.0,GRAHAM,Matt,91375,Australia
4958278.0,DEL REAL,Diego,93121,Mexico
4958281.0,WHYTE,Angela,91425,Canada
4958333.0,BOURDY,Grégory,93402,France
4958367.0,LÓPEZ,Ana,91792,Mexico
4958479.0,COMBA,Rocío,94602,Argentina
4958519.0,GIBSON,Jeffery,96929,Bahamas
4958543.0,VARGA,Erik,96946,Slovakia
4958577.0,HENRIQUES,Inês,91452,Portugal
4958650.0,LARKOV,Andrey,170910,Olympic Athlete from Russia
4958688.0,ORSÁG,Jirí,94043,Czech Republic
4958733.0,SPYCHAKOV,Katy,91765,Israel
4958768.0,VAN KERKHOF,Yara,94048,Netherlands
4958799.0,TAKAHASHI,Miho,95181,Japan
4958813.0,LYU,Xiuzhi,89910,China
4958850.0,PELLEGRINO,Federico,92055,Italy
4958869.0,RIJHNEN,Felix,97780,Germany
4958906.0,SHIELDS,Tom,95184,United States
4958908.0,SCHWARZ,Marco,92026,Austria
4958909.0,HECHAVARRÍA,Zurian,89943,Cuba
4958917.0,PAPAMICHAIL,Alexandros,97537,Greece
4958923.0,YOKOYAMA,Hiroki,91764,Japan
4958946.0,KARALIOU,Yauheni,91573,Belarus
4958970.0,UNRUH,Florian,92773,GER
4958993.0,KOERSTZ MADSEN,Nanna,92568,Denmark
4959006.0,RÜESCH,Jason,92781,Switzerland
4959070.0,HAMMAN,Le Roux,91331,South Africa
4959073.0,SIEBENHOFER,Ramona,92026,Austria
4959131.0,MONTELLO,Giuseppe,92341,Italy
4959181.0,YAGI,Kanae,91588,Japan
4959183.0,RAMADHANI,Sara,94593,Tanzania
4959224.0,LAANMÄE,Tanel,92083,Estonia
4959273.0,BUTA,George,91326,Romania
4959304.0,BROWN,Janeek,95237,Jamaica
4959323.0,KURBANOV,Olim,96249,Tajikistan
4959328.0,KUNTSCHIK,Sebastian,91443,Austria
4959330.0,WU,Zhiqiang,89910,China
4959335.0,KREUNDL,Lena,96377,Austria
4959356.0,GRIMMEL,Torben,95250,Denmark
4959359.0,DUBITSKAYA,Aliona,91502,Belarus
4959385.0,SLATTEN,Vinjar,92062,Norway
4959452.0,YAMAMURO,Koji,94494,Japan
4959484.0,WOO,Sanghyeok,96937,Republic of Korea
4959502.0,ABOUSHOKKA,Amira,92077,Egypt
4959514.0,GABBRIELLESCHI,Giulia,108272,Italy
4959555.0,GIERISCH,Kristin,94474,Germany
4959569.0,OGUNLEYE,Yemisi,94474,Germany
4959588.0,AMAN,Mohammed,94034,Ethiopia
4959594.0,WELLS,Byron,99966,New Zealand
4959595.0,OSAZUWA,Uhunoma,97539,Nigeria
4959607.0,PAVLUKHINA,Olena,105587,Azerbaijan
4959659.0,MEYER,Leonie,92378,Germany
4959672.0,ORJI,Keturah,91849,United States
4959732.0,SARAMOTINS,Aleksejs,102351,Latvia
4959736.0,RE,Davide,91594,Italy
4959739.0,IKAUNIECE,Laura,89947,Latvia
4959748.0,FÖLDHÁZI,David,94021,Hungary
4959788.0,ALI TAHER,Bibiro,91833,Chad
4959815.0,ABDIRAHMAN,Abdi,91849,United States
4959858.0,JUNG,Seunggi,91628,Republic of Korea
4959905.0,WOOD,Alyce,91723,Australia
4959911.0,MARTÍNEZ,Lázaro,89943,Cuba
4959939.0,SONG,Min-Ji,95046,Republic of Korea
4959965.0,BEREZKO-MARGGRANDER,Jana,95249,Germany
4960034.0,MORRIS,David,91375,Australia
4960099.0,PINTO,Andreina,92607,Venezuela
4960163.0,ERGASHEV,Adkhamjon,91572,Uzbekistan
4960183.0,HALES,Nathan,95224,Great Britain
4960262.0,FRYDRYCH,Petr,91602,Czech Republic
4960316.0,TIŠTAN,Martin,91884,Slovakia
4960327.0,KUSCH,Marius,92362,Germany
4960364.0,ALDEEHANI,Fehaid,95268,Independent Olympic Athlete
4960391.0,MASUDA,Nariyuki,99399,Japan
4960397.0,DIALLO,Rouguy,91520,France
4960404.0,MUIR,Laura,92761,Great Britain
4960459.0,DUYCK,Ann-Sophie,98863,Belgium
4960565.0,UPELNIEKS,Dainis,90503,Latvia
4960594.0,TAVCAR,Anže,89908,Slovenia
4960603.0,MARIC,Marcela,92822,Croatia
4960683.0,OLYANOVSKA,Lyudmila,91581,Ukraine
4960719.0,POVEA,Liadagmis,89943,Cuba
4960760.0,EGUIBAR,Lucas,91862,Spain
4960791.0,ROCHMAWATI,Ika,91839,Indonesia
4960811.0,SHOSTAK,Aliaksei,94473,United States
4960863.0,HALL,Samantha,95237,Jamaica
4960894.0,LONDA,Maria Natalia,95812,Indonesia
4960917.0,MANNINEN,Hannu,91883,Finland
4960937.0,KIM,Seojun,92351,Republic of Korea
4960978.0,HARA,Daichi,92019,Japan
4961006.0,KHOMENKO,Ilya,92343,Russia
4961053.0,SEAVULA,Sisilia,91488,Fiji
4961054.0,KANG,Un Ju,89906,DPR Korea
4961082.0,ROSE,Alex,96383,Samoa
4961111.0,KELLER,Alessandra,91480,Switzerland
4961150.0,ANDREOLI,Tatiana,91529,ITA
4961169.0,BEKELE,Kenenisa,94034,Ethiopia
4961224.0,WALLASCH,Tyler,94642,United States
4961273.0,CHAHDI,Hassan,91520,France
4961322.0,DE CESARE,Cesar,93101,Ecuador
4961323.0,STANO,Massimo,91594,Italy
4961427.0,THÖNEN,Moritz,92367,Switzerland
4961740.0,HORTELANO,Bruno,95223,Spain
4961758.0,KAMARUDDIN,Haziq,92131,Malaysia
4961769.0,KSZCZOT,Adam,96888,Poland
4961774.0,TUGSUZ,Eda,97543,Türkiye
4961805.0,JEGOU,Liam,94619,Ireland
4961812.0,COOKE,James,92045,Great Britain
4961851.0,MARTINENGHI,Nicolò,91971,Italy
4961885.0,HEIDTMANN,Jacob,92362,Germany
4961892.0,WIGHTMAN,Jake,92761,Great Britain
4961995.0,NAGY,Richard,92037,Slovakia
4961995.0,NAGY,Richard,108273,Slovakia
4962008.0,GIM,Sohui,91731,Republic of Korea
4962041.0,DIBABA,Mare,94034,Ethiopia
4962058.0,ACEVEDO,Javier,91621,Canada
4962063.0,SAVINA,Nina,91502,Belarus
4962117.0,GOMEZ,Inaki,91425,Canada
4962136.0,TITMUS,Ariarne,91357,Australia
4962204.0,KVITELASHVILI,Moris,92007,Georgia
4962210.0,MARGHIEVA-NIKISENKO,Marina,91393,Moldova
4962214.0,GIORGI,Eleonora,91594,Italy
4962242.0,VILLAÉCIJA,Erika,100250,Spain
4962277.0,KIM,Hyunsub,96937,Republic of Korea
4962313.0,KORIR,Wesley,95235,Kenya
4962331.0,IBRAHIMOV,Hayle,92613,Azerbaijan
4962359.0,SATO,Kentaro,91841,Japan
4962372.0,RIBEIRO,Sara Catarina,91452,Portugal
4962384.0,NENZI,Mirko,98002,Italy
4962405.0,STORMOWSKA,Kamila,95246,Poland
4962408.0,CHONTEY,Arli,95165,Kazakhstan
4962440.0,TAKÁCS,Krisztián,94021,Hungary
4962462.0,FIALKOVÁ,Ivona,92348,Slovakia
4962471.0,POLIERI,Alessia,91971,Italy
4962489.0,HEADING,Aaron,95224,Great Britain
4962519.0,ROMANCHUK,Mykhailo,89938,Ukraine
4962543.0,FARRELL,Tom,92761,Great Britain
4962550.0,BJØNTEGAARD,Erlend,91421,Norway
4962590.0,DUBLER,Cedric,96375,Australia
4962593.0,ZUMAYA,Goretti,91418,Mexico
4962619.0,FORD,Tommy,91818,United States
4962633.0,MEAURI,Judith,95803,Papua New Guinea
4962654.0,BERTOLINI,Veronica,91782,Italy
4962698.0,BAEK,Su-Yeon,92558,Republic of Korea
4962720.0,CSONKA,Zsófia,94477,Hungary
4962729.0,CENTROWITZ,Matthew,91849,United States
4962737.0,WARREN,Portious,91503,Trinidad & Tobago
4962804.0,ZAVARZINA,Alena,170911,Olympic Athlete from Russia
4962818.0,DE LIMA,Flavia,96363,Brazil
4962830.0,GROENEWOUD,Rosalind,91843,Canada
4962833.0,AGUILAR,Andrés,91562,Chile
4962851.0,KRAYTOR,Andriy,92571,Russia
4962854.0,HAUSER,Lisa Theresa,91415,Austria
4962882.0,ST-GERMAIN,Laurence,95279,Canada
4962893.0,COOK,Dustin,95279,Canada
4962964.0,JACKSON,Erin,94702,United States
4962969.0,HENRIKSEN,Sindre,101293,Norway
4962986.0,POPOVA,Iryna,96858,Ukraine
4963022.0,QI,Guangpu,91066,China
4963026.0,KAWANAKA,Kaori,92310,JPN
4963037.0,SHUBENKOV,Sergey,192506,ROC
4963146.0,PHILIBERT-THIBOUTOT,Charles,91425,Canada
4963158.0,MANANGOI,Elijah,95235,Kenya
4963169.0,ZAISER,Lisa,96377,Austria
4963173.0,ØSTBERG,Ingvild Flugstad,94487,Norway
4963194.0,MANENTI,Davide,91594,Italy
4963253.0,HAUGER-THACKERY,Calli,92761,Great Britain
4963290.0,CHARLTON,Devynne,96929,Bahamas
4963293.0,JAENSCH,Chelsea,96375,Australia
4963314.0,NAGORNYY,Nikita,194642,ROC
4963314.0,NAGORNYY,Nikita,96404,Russia
4963378.0,USUKHBAYAR,Chagnaadorj,91745,Mongolia
4963405.0,MALACHOWSKI,Piotr,96888,Poland
4963406.0,MOREIRA,Dolores,92221,Uruguay
4963438.0,DASCALU,Vlad,99991,Romania
4963454.0,WEI,Chun-Heng,91526,Chinese Taipei
4963504.0,GALLARDO,Ivana,91472,Chile
4963509.0,BOUELE,Cecilia,92943,Congo
4963539.0,PIRES DE LIMA,Mafalda,91414,Portugal
4963544.0,JANATOVÁ,Katerina,91603,Czech Republic
4963684.0,VIDOVIC,Matej,94646,Croatia
4963713.0,PRADO,Ignacio,94431,Mexico
4963856.0,KAYA,Kazuma,94494,Japan
4963880.0,NAGY,Peter,96359,Hungary
4963985.0,BILODEAU,Mathieu,91425,Canada
4964020.0,TANAKA,Yumi,91841,Japan
4964049.0,NEPEJCHAL,Filip,91460,Czech Republic
4964057.0,STEFANOVIC,Milutin,98339,Serbia
4964076.0,SCHUERMANS,Jens,91410,Belgium
4964104.0,CLAUDE,Fabien,95788,France
4964105.0,GLAVATSKY-YEADON,Alexander,91583,Great Britain
4964123.0,FLISAR,Filip,89909,Slovenia
4964148.0,KIKUCHI,Kota,91764,Japan
4964185.0,SCOTT,Steven,95224,Great Britain
4964280.0,FINELLO,Jeremy,96387,Switzerland
4964287.0,JANG,Geumyoung,92351,Republic of Korea
4964322.0,SHARPE,Matthew,91732,Canada
4964365.0,PASCUAL,Beatriz,95223,Spain
4964370.0,LECLUYSE,Fanny,91432,Belgium
4964395.0,FELLER,Manuel,92026,Austria
4964411.0,LAWRENCE,Brijesh,97542,St. Kitts & Nevis
4964461.0,ALABAU,Marina,91496,Spain
4964495.0,MEGLIC,Jure,97323,Azerbaijan
4964562.0,SAUERBREY,Katherine,96925,Germany
4964593.0,TREASURE,Alyxandria,91425,Canada
4964595.0,VÁCLAVÍK,Adam,91429,Czech Republic
4964615.0,DWYER,Conor,95184,United States
4964669.0,SARNECKI,Rafal,91481,Poland
4964683.0,MORÃES,Fabiana,96363,Brazil
4964686.0,VANLUCHENE,Emmanuel,91432,Belgium
4964700.0,GE,Misha,91381,Uzbekistan
4964710.0,KLEMENCIC,Anita,91525,Slovenia
4964717.0,NIKITIN,Stanislav,170773,Olympic Athlete from Russia
4964717.0,NIKITIN,Stanislav,201529,ROC
4964738.0,CLEMENT,Kerron,91849,United States
4964746.0,CASAS,Helena,92736,Spain
4964749.0,BERG,Paul,95203,Germany
4964772.0,BEN ZAHRA,Abdelkarim,91445,Morocco
4964774.0,XUE,Changrui,89910,China
4964830.0,KLUSAK,Michal,91500,Poland
4964862.0,GÓMEZ,Douglas,91419,Venezuela
4964877.0,GEBREL,Ahmed,92971,Palestine
4964889.0,NAM,Yoo-Sun,92558,Republic of Korea
4964925.0,LEURQUIN,Chloé,98184,Belgium
4965091.0,TAYLOR,Nick,92265,Canada
4965144.0,STONE,Brandon,95785,South Africa
4965266.0,MITSUHASHI,Rina,94485,Japan
4965303.0,GORBUNOVA,Anastasia,194739,ROC
4965305.0,HOLUB-KOWALIK,Malgorzata,96888,Poland
4965318.0,RULE,Remedy,92933,Philippines
4965333.0,MORRISON,Denny,97784,Canada
4965354.0,YU,Hexin,91428,China
4965411.0,AVANCINI,Henrique,91032,Brazil
4965423.0,PUDENZ,Kristin,94474,Germany
4965434.0,GU,Min,91462,China
4965440.0,GÓMEZ,Pedro,93121,Mexico
4965443.0,NÄSLUND,Sandra,91754,Sweden
4965502.0,GIRARD,Samuel,91610,Canada
4965505.0,GAMBETTA,Sara,94474,Germany
4965562.0,SAMUELS,Nicky,92100,New Zealand
4965638.0,TAUBER,Anne,96328,Netherlands
4965654.0,VEGA,David,95768,Spain
4965791.0,MUSOBO,Fred,91575,Uganda
4965825.0,CONTRERAS,Yuderqui,96349,Dominican Republic
4965836.0,MCPHERSON,Stephenie-Ann,95237,Jamaica
4965896.0,POLIUDINA,Viktoriia,92895,Kyrgyzstan
4965905.0,DONGMO,Auriol,96403,Cameroon
4965905.0,DONGMO,Auriol,91452,Portugal
4966008.0,REPILOV,Roman,164517,Olympic Athlete from Russia
4966008.0,REPILOV,Roman,201555,ROC
4966031.0,SILVA,Paulo,95770,Angola
4966061.0,VITSENKO,Alexey,170910,Olympic Athlete from Russia
4966097.0,MARGHIEVA,Zalina,91393,Moldova
4966105.0,CENTENO,Edilio,194611,Refugee Olympic Team
4966154.0,FILIPOVIC,Predrag,101446,Serbia
4966305.0,ROSSI,Eugenio,92087,San Marino
4966313.0,KRAUSE,Gesa Felicitas,94474,Germany
4966343.0,YAYLYAN,Izabella,91980,Armenia
4966376.0,ANTYPENKO,Tetyana,89907,Ukraine
4966380.0,DÍAZ,Carlos,91472,Chile
4966383.0,PÄRMÄKOSKI,Krista,94041,Finland
4966390.0,CAZAUBÓN,Rodolfo,92914,Mexico
4966443.0,SOTTILE,Stefano,91594,Italy
4966534.0,WU,Shuijiao,89910,China
4966557.0,BETTRONE,Francesca,98002,Italy
4966574.0,PINTO,Tatjana,94474,Germany
4966584.0,LAVIN,Sarah,96910,Ireland
4966596.0,ROCHON,Olivier,91843,Canada
4966610.0,CORNEJO,Wendy,96955,Bolivia
4966629.0,PACHECO,Nicolás,96397,Peru
4966650.0,DEL BUONO,Federica,91594,Italy
4966679.0,WILLIAMS,Jodie,92761,Great Britain
4966684.0,AYÇIÇEK,Ömer,92674,Türkiye
4966720.0,KUCHAR,Matt,94484,United States
4966754.0,KUKSENKOV,Nikolai,96404,Russia
4966773.0,BYUN,Young-Jun,96937,Republic of Korea
4966828.0,MARSAGLIA,Matteo,96391,Italy
4966857.0,NG,Yan Yee,90516,Malaysia
4966878.0,CHACÓN,Leonardo,92599,Costa Rica
4966879.0,JÁSZAPÁTI,Petra,91820,Hungary
4966947.0,VAN ROOYEN,Erik,95785,South Africa
4966956.0,GOGL-WALLI,Susanne,92900,Austria
4966970.0,RIVERA,Evelyn,91368,Colombia
4967005.0,ROMAN,Aida,95784,Mexico
4967052.0,ALDABERGENOVA,Zhanbota,92236,Kazakhstan
4967054.0,LIN,Chaopan,91858,China
4967112.0,KOKA,Dienov,95318,Congo
4967143.0,DORIN HABERT,Marie,95788,France
4967171.0,AZEVEDO,Ana Carolina,96363,Brazil
4967172.0,WALLNER,Marina,92764,Germany
4967219.0,TURSUNOV,Khurshidjon,93366,Uzbekistan
4967311.0,CLAYTON,Rushell,95237,Jamaica
4967319.0,ROBERTSON,Zane,95176,New Zealand
4967330.0,GRIGORIAN,Kirill,91639,Russia
4967378.0,HICKLING,Tissanna,95237,Jamaica
4967408.0,LIENSBERGER,Katharina,92026,Austria
4967487.0,BOROVIC,Tanja,92770,Croatia
4967519.0,PSARRA,Evangelia,92071,Greece
4967547.0,DVORŠAK,Živa,96348,Slovenia
4967554.0,UWAMAHORO,Elsie,92168,Burundi
4967622.0,SCHULTZ,Samantha,91348,United States
4967648.0,OKIPNYUK,Oleksandr,91353,Ukraine
4967743.0,MERCADO,Yarimar,94649,Puerto Rico
4967775.0,CRIERE,Andy,93501,Spain
4967862.0,BURRI,Ariane,92367,Switzerland
4967869.0,WEI,Ning,92331,China
4967934.0,SILVA,João,92102,Portugal
4967936.0,DAY,Christine,95237,Jamaica
4968021.0,MIYAKE,Hiromi,91588,Japan
4968093.0,JØRGENSEN,Emma,91060,Denmark
4968182.0,FLORANT,Fabian,91854,Netherlands
4968207.0,KURONG,Moses Martin,91575,Uganda
4968213.0,KORTE,Annimari,92122,Finland
4968223.0,BLOEMEN,Ted-Jan,97784,Canada
4968278.0,WASSEN,Elena,92352,Germany
4968347.0,CHANG,Hye Jin,91328,Republic of Korea
4968370.0,BJORNSEN,Erik,91559,United States
4968385.0,ÖZYÜKSEL,Ilke,93691,Türkiye
4968473.0,CHIRTCOVA,Anastasiia,201529,ROC
4968473.0,CHIRTCOVA,Anastasiia,170773,Olympic Athlete from Russia
4968494.0,BYKANOV,Vladislav,95772,Israel
4968524.0,DESALEGN,Betlhem,92942,United Arab Emirates
4968575.0,PEDROSO,Yadisleidis,91594,Italy
4968631.0,PINDER,Demetrius,96929,Bahamas
4968641.0,GUNGOR,Nuray,96902,Türkiye
4968664.0,MÜLLER,Andreas,94429,Austria
4968677.0,VALETTE,Laura,91520,France
4968683.0,JOACHIM,Shne,98155,St. Vincent & the Grenadines
4968734.0,HERNÁNDEZ,Melanie,95164,Mexico
4968754.0,KOVBASNYUK,Ivan,91072,Ukraine
4968852.0,LIEN,Te-An,92260,Chinese Taipei
4968925.0,HARTING,Julia,94474,Germany
4968996.0,ADAMS,Valerie,95176,New Zealand
4969102.0,MAHMOUD,Hassan Mohamed,92545,Egypt
4969129.0,CASTELLET,Queralt,91862,Spain
4969136.0,MAEDA,Sari,94485,Japan
4969179.0,LEE,Jeong-Eun,96937,Republic of Korea
4969221.0,HUNTINGTON,Maria,92122,Finland
4969298.0,FIGUEROA,Oscar,91454,Colombia
4969352.0,GOUGH,Alex,91517,Canada
4969353.0,ZAPATA,Emmanuel,92232,Argentina
4969388.0,PROKOFIEVA,Yevheniia,91581,Ukraine
4969418.0,MÉNDEZ,Laura,95223,Spain
4969432.0,SKARLATOU,Gelly,91766,Greece
4969435.0,RÖHLER,Thomas,94474,Germany
4969479.0,PARK,Jeun,93477,Republic of Korea
4969492.0,AGÚNDEZ,Gabriela,95164,Mexico
4969538.0,VAN ACKER,Evi,95204,Belgium
4969543.0,SHOKIRJONOV,Bobur,91434,Uzbekistan
4969639.0,PROMMEGGER,Andreas,91417,Austria
4969670.0,TEWELDE,Hiskel,97583,Eritrea
4969671.0,ADAMS,Liam,96375,Australia
4969677.0,DONNELLY,Benjamin,97784,Canada
4969683.0,WILLIAMS,Tameka,97542,St. Kitts & Nevis
4969765.0,BOROWSKA,Dorota,91364,Poland
4969784.0,APHIBARNRAT,Kiradech,93185,Thailand
4969786.0,SAKAI,Masato,95181,Japan
4969806.0,STEENBERGEN,Marrit,95179,Netherlands
4969807.0,BLAIR-SANFORD,Donald,94450,Israel
4969886.0,HOFF,Max,91606,Germany
4969972.0,HEINER,Madeline,96375,Australia
4969979.0,DOUEIHY,Gabriella,93369,Lebanon
4970025.0,ÉVORA,Nelson,91452,Portugal
4970039.0,LLANO,Beatrice,94497,Norway
4970141.0,HADDIOUI,Maha,92998,Morocco
4970160.0,OLIVER,Mayan,97551,Mexico
4970207.0,YANG,Chang,91428,China
4970257.0,CARO,Danilo,92230,Colombia
4970285.0,SMITH,Callum,93719,Great Britain
4970297.0,TROST,Katharina,94474,Germany
4970301.0,TSEGAY,Gudaf,94034,Ethiopia
4970341.0,IVALDI,Raffaello,97569,Italy
4970397.0,ISHIDA,Masako,91882,Japan
4970400.0,PENTTALA,Jussi,97559,Finland
4970401.0,LACUNA,Jessie,92933,Philippines
4970421.0,JAMES,Kirstie,94432,New Zealand
4970469.0,NURME,Tiidrek,92083,Estonia
4970611.0,RETO,Paula,95785,South Africa
4970658.0,KUZMINA,Anastasia,92348,Slovakia
4970728.0,BOHL,Georgia,91357,Australia
4970825.0,STEPANOVA,Inna,91970,Russia
4970897.0,TOIVANEN,Laura,92563,Finland
4970907.0,CHRISTIE,Elise,97572,Great Britain
4970917.0,WANG,Zhiwei,92331,China
4970933.0,POWER,Séamus,91451,Ireland
4970946.0,TOUA,Dika,94096,Papua New Guinea
4970975.0,ORDÓÑEZ,Saúl,95223,Spain
4970983.0,KINNUNEN,Jarkko,92122,Finland
4971027.0,POLYANSKIY,Igor,194739,ROC
4971027.0,POLYANSKIY,Igor,92771,Russia
4971109.0,CHINBAT,Otgontsetseg,94908,Mongolia
4971165.0,RÖSCH,Michael,91413,Belgium
4971171.0,ZHANG,Xinyan,89910,China
4971181.0,KOSTER,Maureen,91854,Netherlands
4971194.0,SAAID,Hassan,92151,Maldives
4971200.0,LUIS,Vincent,91855,France
4971311.0,CHANOURDIE,Julia,94965,France
4971323.0,HOLM,Emil,96935,Denmark
4971349.0,COPPELL,Harry,92761,Great Britain
4971351.0,MØLLER,Martin,92677,Denmark
4971355.0,BERSANAU,Aliaksandr,92249,Belarus
4971408.0,ORTEGA,Orlando,95223,Spain
4971432.0,JESSEN,David,92228,Czech Republic
4971493.0,ZAKOWSKI,Maks,91468,Poland
4971586.0,SUHR,Jennifer,91849,United States
4971612.0,DESISA,Lelisa,94034,Ethiopia
4971627.0,MARTINEZ,Brenda,91849,United States
4971790.0,FISHER,Grant,91849,United States
4971796.0,MERIZAJ,Nikol,98156,Albania
4971833.0,LESUN,Aleksander,91377,Russia
4971872.0,NITTA,Yudai,94015,Japan
4971918.0,PRISCEPA,Natalia,92539,Moldova
4971946.0,THORGREN,Sven,94662,Sweden
4972052.0,CAMPION,Kevin,91520,France
4972071.0,GESCHKE,Simon,98857,Germany
4972097.0,MICHELI,Elena,96379,Italy
4972169.0,ROBERTS,Samantha,93162,Antigua and Barbuda
4972190.0,DIBABA,Genzebe,94034,Ethiopia
4972203.0,HUDDLE,Molly,91849,United States
4972346.0,MARCANO,Cesar,92743,Venezuela
4972386.0,DIVER,Sinead,96375,Australia
4972418.0,KARMAKAR,Dipa,93668,India
4972420.0,BLACK,Ellie,92018,Canada
4972436.0,YESHANEH,Ababel,94034,Ethiopia
4972497.0,FISHER,Aimee,96365,New Zealand
4972504.0,ANTHONY,Jakara,91375,Australia
4972567.0,BEATTY,Dahria,92054,Canada
4972585.0,NORDBOTTEN,Jonathan,91509,Norway
4972659.0,CHEN,Yu-Hsuan,95199,Chinese Taipei
4972699.0,HOMMADOV,Amanmurad,95292,Turkmenistan
4972723.0,GREENBANK,Luke,95254,Great Britain
4972736.0,NANJAPPA,Prakash,94600,India
4972754.0,LICHTENBERG,Claudia,98857,Germany
4972774.0,BREEUWSMA,Daan,94048,Netherlands
4972863.0,ABLIAZIN,Denis,194642,ROC
4972863.0,ABLIAZIN,Denis,96404,Russia
4972865.0,LE BLÉ JAQUES,Léo,96922,France
4972886.0,MORGAN,David,91357,Australia
4972937.0,BEN,Adrián,95223,Spain
4973212.0,OKAGBARE,Blessing,97539,Nigeria
4973225.0,BRACY-WILLIAMS,Marvin,91849,United States
4973281.0,BOARI,Lucilla,91529,ITA
4973324.0,CEPRKALO,Mihajlo,93155,Bosnia & Herzegovina
4973342.0,PANG,Wei,92331,China
4973355.0,LINKE,Christopher,94474,Germany
4973412.0,QUAH,Ting Wen,89956,Singapore
4973419.0,YANKOV,Radoslav,91465,Bulgaria
4973597.0,TURSYNBAEVA,Elizabet,91546,Kazakhstan
4973619.0,VISSER,Nadine,91854,Netherlands
4973790.0,AIGRO,Artti,89911,Estonia
4973822.0,MORI,Lara,94443,ITA
4973847.0,DAVIES,Sarah,91864,Great Britain
4974022.0,ROSA,Vitoria Cristina,96363,Brazil
4974029.0,GROVES,Madeline,91357,Australia
4974115.0,KOUASSI,Rene Philippe,94865,Côte d'Ivoire
4974188.0,APRIL,Lusapho,91331,South Africa
4974196.0,ANTONIADIS,Dimitrios,93345,Greece
4974200.0,BEAUMONT,Maxime,92104,France
4974213.0,FEGUE,Marie-Josephe,92377,France
4974287.0,REID,Melissa,92268,Great Britain
4974289.0,SÁNCHEZ,Luis Ángel,91589,Guatemala
4974335.0,MUSTAFINA,Aliya,96404,Russia
4974377.0,GÓMEZ,Roxana,89943,Cuba
4974445.0,YAUHLEUSKAYA,Lalita,96380,Australia
4974454.0,ZOGG,Julie,92367,Switzerland
4974553.0,DUKIC,Milivoj,94372,Montenegro
4974602.0,DAWKINS,Edward,94432,New Zealand
4974608.0,MASCOLL-GOMES,Noah,93162,Antigua and Barbuda
4974613.0,PRANDINI,Jenna,91849,United States
4974618.0,OLIVERAS,Marc,95227,Andorra
4974632.0,HUSSEIN,Mohamed,92010,Egypt
4974667.0,PRIGENT,Camille,91449,France
4974691.0,NURMSALU,Laura,93031,Estonia
4974728.0,SCHÄFER-BETZ,Pauline,92884,GER
4974743.0,NOESMOEN,Hélène,91359,France
4974815.0,ÐURASEK,Kristijan,95636,Croatia
4974831.0,KUOPPA,Taru,92117,Finland
4974845.0,STELLINGWERFF,Hilary,91425,Canada
4974878.0,HEERSBRANDT,François,91432,Belgium
4974896.0,SANCHEZ,Natalia,95866,COL
4974920.0,SAKAI,Ryosuke,89927,Japan
4975035.0,TSUPER,Alla,94023,Belarus
4975052.0,GÓMEZ,Javier,94092,Spain
4975134.0,MOLNAR,Peter,95242,Hungary
4975171.0,TIMMERS,Pieter,91432,Belgium
4975235.0,MULLEN,Ryan,99391,Ireland
4975247.0,WENNEKES,Sara,91584,Netherlands
4975284.0,THANEI,Stefan,92135,Italy
4975318.0,TICAS,Oscar,91785,El Salvador
4975338.0,SWINGS,Bart,94697,Belgium
4975373.0,STRAUCH,Jenna,91357,Australia
4975376.0,WILLMOTT,Aimee,95254,Great Britain
4975412.0,VAN LANDEGHEM,Chantal,91621,Canada
4975487.0,STALDER,Sebastian,96387,Switzerland
4975518.0,MORI,Hikaru,89927,Japan
4975566.0,MØRKØV,Michael,95914,Denmark
4975588.0,BRASPENNINCX,Shanne,89885,Netherlands
4975594.0,FASANA,Erika,94443,ITA
4975608.0,TELEGDY-KAPÁS,Boglárka,94021,Hungary
4975624.0,PULIDO RODRIGUEZ,Marcos,96367,Mexico
4975723.0,RENCUREL,Jérémy,97797,France
4975727.0,KORSHUNOVA,Ekaterina,91639,Russia
4975989.0,THANARONNAWAT,Natthaya,92143,Thailand
4976069.0,TORRIJOS,Pablo,95223,Spain
4976149.0,KERR,Ian,96929,Bahamas
4976188.0,MINKKINEN,Suvi,92563,Finland
4976191.0,GARCIA KNIGHT,Carlos,91453,New Zealand
4976288.0,CERNJUL,Maruša,91832,Slovenia
4976294.0,CECCHINI,Joseph,94471,Italy
4976331.0,MUNETOMO,Ginga,89927,Japan
4976343.0,BALNER,Michal,91602,Czech Republic
4976375.0,CLAREY,Johan,92765,France
4976418.0,TAYLOR,Annika,93719,Great Britain
4976482.0,MATA,Andrés,95782,Spain
4976498.0,KOPP,Pavol,96946,Slovakia
4976514.0,DACRES,Fedrick,95237,Jamaica
4976515.0,MELICH,Lukáš,91602,Czech Republic
4976527.0,BERGLUND,Kalle,91373,Sweden
4976576.0,BRES,Klaudia,90517,Poland
4976636.0,MIKHALENKA,Anastasiya,92249,Belarus
4976648.0,SEEBACHER,Anna,96382,Austria
4976715.0,DEBERTOLIS,Ilaria,92055,Italy
4976802.0,LÓPEZ,Luis Fernando,91368,Colombia
4976826.0,JÚNIOR,Aldemir,96363,Brazil
4976830.0,VERBIJ,Kai,93590,Netherlands
4976861.0,ULAD,Abdi-Hakin,89902,Denmark
4976928.0,EVANS,Andrew,91849,United States
4976973.0,KOWALCZYK,Justyna,91629,Poland
4976975.0,FILIOU,Varvara,92600,Greece
4977061.0,SUVOROVA,Natalia,195350,ROC
4977123.0,CHERNIGOVSKAYA,Svetlana,195792,ROC
4977142.0,NORDQVIST,Anna,94090,Sweden
4977196.0,DEMYANENKO,Valentin,100742,Azerbaijan
4977212.0,ILINYKH,Kristina,92245,Russia
4977305.0,SOTO,Manuel Esteban,91368,Colombia
4977314.0,KRIECHMAYR,Vincent,92026,Austria
4977315.0,KEMP,Camilla,93496,Germany
4977374.0,BOWMAN,Maddie,94642,United States
4977410.0,HERZOG,Andrea,91626,Germany
4977444.0,MOUDGIL,Anjum,94600,India
4977459.0,GEORGIEVA,Gabriela,91601,Bulgaria
4977503.0,WANG,Shun,91428,China
4977613.0,JEPKEMEI,Daisy,91386,Kazakhstan
4977618.0,BAYARTSOGT,Munkhzaya,95287,Mongolia
4977621.0,BALCIUNAITE,Egle,94493,Lithuania
4977649.0,BENNETT,George,105593,New Zealand
4977693.0,LAURO,Germán,94602,Argentina
4977710.0,VEGA,Jesús,93121,Mexico
4977737.0,GARCÍA,Rocío,92735,Spain
4977820.0,CAMPBELL,Duncan,91453,New Zealand
4977825.0,IPSEN,Anton,91774,Denmark
4977928.0,ALMUTAIRI,Saied,94654,Saudi Arabia
4978011.0,DOPFER,Fritz,92764,Germany
4978047.0,GÁMEZ,Elisbet,92058,Cuba
4978053.0,WEGMAN,Martina,91991,Netherlands
4978204.0,CHUPKOV,Anton,194639,ROC
4978204.0,CHUPKOV,Anton,92343,Russia
4978270.0,KIPLAGAT,Evans,92613,Azerbaijan
4978285.0,KOVÁGÓ,Zoltán,91810,Hungary
4978351.0,ALKHATRI,Hamed Said,92327,Oman
4978375.0,PENTTALA,Olli,97559,Finland
4978450.0,MACHADO,Mateus,91512,Brazil
4978476.0,MAJKA,Rafal,95640,Poland
4978492.0,STANKIEWICZ,Aneta,90517,Poland
4978501.0,DAWSON,Kathleen,95254,Great Britain
4978514.0,BAYUSUF,Hamdan,93377,Kenya
4978554.0,AUZINA,Kitija,93319,Latvia
4978599.0,KURBATOV,Alexey,105589,Russia
4978706.0,RISSVEDS,Jenny,91482,Sweden
4978723.0,RANDHAWA,Nauraj,92006,Malaysia
4978804.0,TACCHINI,Carlo,94606,Italy
4978811.0,O'BRIEN,Nina,91818,United States
4978823.0,SILVA,Rui Pedro,91452,Portugal
4978831.0,HILL,Kevin,94050,Canada
4978930.0,ANANCHENKO,Zoya,92235,Kazakhstan
4979100.0,MCNEILL,David,96375,Australia
4979140.0,MUSIC,Amar,91987,Croatia
4979159.0,ATTELLESEY,Ahmad,96245,Libya
4979194.0,DANSOU,Marc,92802,Benin
4979209.0,ADAMCZYKOVÁ,Eva,92004,Czech Republic
4979225.0,HARATYK,Mateusz,91629,Poland
4979268.0,BARBER,Shawnacy,91425,Canada
4979271.0,MAJCHRZAK,Kacper,94476,Poland
4979283.0,BIAGIOLI,Romina,91518,Argentina
4979311.0,LAENGEN,Vegard Stake,95919,Norway
4979349.0,ARIAS,Diego,90470,Colombia
4979387.0,HARMSEN,Joris,93603,Netherlands
4979413.0,FINK,Nic,95184,United States
4979444.0,SOLA,Hanna,91776,Belarus
4979538.0,SÁNCHEZ,Roberto,94092,Spain
4979582.0,TIERNEY,Meghan,92538,United States
4979584.0,NAKAGAWA,Seiichiro,94015,Japan
4979585.0,DEMPSEY,Nick,96894,Great Britain
4979596.0,TRAN,Aaron,94506,United States
4979602.0,SERGEYEVA,Natalya,92235,Kazakhstan
4979613.0,GRAFF,Cyril,90493,France
4979724.0,OLEKSIAK,Penny,91621,Canada
4979768.0,HERNÁNDEZ,Yoelmis,92916,Cuba
4979786.0,DE ROEY,Manon,98184,Belgium
4979790.0,AL-OBAIDLY,Abdulaziz,92981,Qatar
4979796.0,ZRNCIC-DIM,Natko,94646,Croatia
4979840.0,HAJI,Mahmood,96321,Bahrain
4979903.0,OLIVER,Lucy,95176,New Zealand
4979918.0,MASTER,Tereza,92150,Malawi
4980011.0,MARTIN,Daniel-Cristian,91977,Romania
4980016.0,KROPPEN,Michelle,92773,GER
4980021.0,MONSALVE,Yonathan,95909,Venezuela
4980123.0,CARRINGTON,Lisa,96365,New Zealand
4980157.0,LI,Dan,100771,China
4980175.0,JOHANNES,Helalia,91467,Namibia
4980218.0,VANDYUK,Yuriy,95191,Ukraine
4980241.0,CHAN,Chung Wang,93135,"Hong Kong, China"
4980244.0,ASHOK,Aditi,95830,India
4980288.0,LUNDER,Emma,92064,Canada
4980353.0,WELSFORD,Sam,92742,Australia
4980361.0,SANDERS,Gillian,91871,South Africa
4980397.0,LETH,Lasse,96341,Denmark
4980412.0,SAGAN,Juraj,95652,Slovakia
4980433.0,MCKNIGHT,Sparkle,91503,Trinidad & Tobago
4980435.0,HABTEMARIAM,Nebiat,97583,Eritrea
4980473.0,OKREGLAK,Maciej,94597,Poland
4980486.0,SMOLEN,Michal,92873,United States
4980590.0,CAWTHORN,Rachel,91527,Great Britain
4980621.0,LOCHOWSKA,Joanna,92277,Poland
4980696.0,MATHIS,Thomas,91443,Austria
4980709.0,IPCIOGLU,Fatih Arda,93707,Türkiye
4980717.0,YEMER,Hiwot Ayalew,94034,Ethiopia
4980768.0,HENDERSON,Rebecca,90480,Australia
4980770.0,ZANGO,Hugues Fabrice,97585,Burkina Faso
4980774.0,NÓBREGA,Ana,98160,Angola
4980780.0,REIS,Fernando,91512,Brazil
4980815.0,AGUSTIANI,Sri,92101,Indonesia
4980827.0,IHLE,Nico,97780,Germany
4980855.0,GONG,Lijiao,89910,China
4980865.0,JUNG,Andy,92123,Australia
4980920.0,CHOURRAUT,Maialen,92107,Spain
4980922.0,LAVICKY,Karel,91475,Czech Republic
4980933.0,SAFARZADEH,Saeid,99390,Iran
4980939.0,IRVING,Birk,94642,United States
4980956.0,SANTOS,Rosane,91512,Brazil
4981049.0,MORVAY,Michal,91884,Slovakia
4981135.0,WHITE,Russell,91339,Ireland
4981173.0,VENHRUS,Anna,91581,Ukraine
4981239.0,KOT,Maciej,93126,Poland
4981256.0,SIMART,Thomas,92104,France
4981316.0,LÓPEZ,Jesús,94647,Venezuela
4981327.0,MARTINOT-LAGARDE,Pascal,91520,France
4981340.0,HULL,Jessica,96375,Australia
4981381.0,WANG,Lianyuan,91623,China
4981433.0,KEENAN,Adam,91425,Canada
4981453.0,YELISSEYEVA,Margarita,95165,Kazakhstan
4981472.0,CECON,Federico,90509,Italy
4981500.0,PEN,Sokong,91043,Cambodia
4981545.0,KENNEDY-SIM,Sami,91375,Australia
4981560.0,VOGEL,Fabian,95255,Germany
4981600.0,KILTY,Dovile,94493,Lithuania
4981623.0,CABROL,Camille,92112,France
4981645.0,APARJODS,Kristers,92325,Latvia
4981696.0,RUNGGALDIER,Alexia,92341,Italy
4981700.0,SEO,Changwan,92336,Republic of Korea
4981705.0,ANDERSON,Haley,102117,United States
4981707.0,IGA,Jorge,91598,Mexico
4981738.0,WANG,Zhen,89910,China
4981743.0,SIBANDA,Karabo,92017,Botswana
4981769.0,TAKAMIYA,Natsumi,92323,Japan
4981837.0,TROFIMOVA,Sardana,92895,Kyrgyzstan
4981942.0,SEMERENKO,Valj,90491,Ukraine
4982091.0,GUNN,Sean,91988,Zimbabwe
4982170.0,ANDERSEN,Espen,94456,Norway
4982176.0,QUINTANA,Carlos,96824,Colombia
4982191.0,ABDELSALAM,Maha,92903,Egypt
4982217.0,O'BRIEN,Brittany,91751,Australia
4982236.0,ALPHAND,Estelle,92322,Sweden
4982280.0,SERGAS,Giulia,91739,Italy
4982293.0,BRUNS,Adela,91460,Czech Republic
4982332.0,YATER-WALLACE,Torin,94642,United States
4982345.0,NICHOLSON,Michael,93467,Zimbabwe
4982347.0,FILION,Roseline,94084,Canada
4982393.0,RUIZ,Jorge,91368,Colombia
4982405.0,TAMAYO GARZA,Cecilia,93121,Mexico
4982449.0,ARCANJO,Geisa,96363,Brazil
4982457.0,RICHARDS,Evie,94434,Great Britain
4982463.0,MEINERS,Maarten,92317,Netherlands
4982473.0,GARDZIELEWSKI,Arkadiusz,96888,Poland
4982474.0,MURPHY,Ryan,95184,United States
4982479.0,PRUSAKOVA,Lana,170773,Olympic Athlete from Russia
4982490.0,BÖHLER,Stefanie,96925,Germany
4982519.0,ALSHAMMAR,Therese,91826,Sweden
4982527.0,ZANG,Ruxin,96573,China
4982591.0,DEJAEGHERE,Veerle,91068,Belgium
4982646.0,QUAN,Xin,95175,China
4982665.0,O'FLAHERTY,Kerry,96910,Ireland
4982681.0,PASEKA,Maria,96404,Russia
4982692.0,ÐEKANOVIC,Tatjana,91549,Bosnia & Herzegovina
4982734.0,UNTERWEGER,Lisa,96382,Austria
4982738.0,QIU,Ziao,91428,China
4982858.0,MARGULIES,Carly,94642,United States
4982861.0,EGLE,Madeleine,91074,Austria
4982900.0,VEENSTRA,Manon,93603,Netherlands
4982901.0,WODAK,Natasha,91425,Canada
4982929.0,DÜRR,Christoph,94504,Switzerland
4982956.0,MILNE,Taylor,91425,Canada
4982994.0,MORADI,Sourab,91738,Iran
4983058.0,ASCIC,Valentina,89918,Croatia
4983071.0,STEPKO,Oleg,97158,Azerbaijan
4983091.0,REN,Ziwei,94496,China
4983108.0,PARVEEN,Najma,94657,Pakistan
4983205.0,SZEKSZARDI,Ferenc,91723,Australia
4983209.0,ESPOSITO,Chloe,91563,Australia
4983495.0,MAWDSLEY,Sharlene,96910,Ireland
4983514.0,SWAN,Lianna,93379,Pakistan
4983593.0,REID,Grace,89933,Great Britain
4983596.0,BACOSI,Diana,91868,Italy
4983605.0,KNÄSCHE,Anjuli,94474,Germany
4983613.0,LYU,Xiaojun,92887,China
4983657.0,BIN FUTAIS,Saif,91049,United Arab Emirates
4983742.0,ECHEVARRÍA,Juan Miguel,89943,Cuba
4983775.0,MEUKEUGNI,Clementine,96964,Cameroon
4983781.0,OYAMA,Shigetaka,91618,Japan
4983824.0,BELMONTE,Dailín,89943,Cuba
4983913.0,TABARA,Naoya,92019,Japan
4983948.0,LAIRD,Alexus,96261,Seychelles
4983990.0,GALMARINI,Nevin,92367,Switzerland
4984054.0,SHIMIZU,Pilar,95312,Guam
4984093.0,SALMAN-RATH,Claudia,94474,Germany
4984140.0,SEMYONOVA,Darya,92176,Turkmenistan
4984199.0,LALOVA-COLLIO,Ivet,91802,Bulgaria
4984224.0,HASILLA,Tomáš,92348,Slovakia
4984328.0,PÉREZ,Naryury,94647,Venezuela
4984333.0,MORTON,Stephanie,92742,Australia
4984346.0,KIRCHEV,Miroslav,91547,Bulgaria
4984350.0,FARAH,Mo,92761,Great Britain
4984396.0,KNAUER,Anna,90116,Germany
4984436.0,ZONDERLAND,Epke,96969,Netherlands
4984555.0,AGAHOZO,Alphonsine,93157,Rwanda
4984565.0,LONG,Qingquan,92887,China
4984633.0,BANZERUK,Ivan,91581,Ukraine
4984671.0,PINTO,Ammara,92816,Malawi
4984697.0,CONINX,Dorian,91855,France
4984716.0,SHAROYAN,Amaliya,95228,Armenia
4984759.0,DEMEY,Valerie,98863,Belgium
4984828.0,EDMONDSTON,Holly,94432,New Zealand
4984837.0,BIEDERMANN,Paul,92362,Germany
4984855.0,PÉREZ,Laina,91045,Cuba
4984857.0,ŠADEIKO,Grit,92083,Estonia
4984952.0,KIRMES,Oskar,89954,Finland
4985036.0,CEBAŠEK,Alenka,91525,Slovenia
4985037.0,CHRISTIANSEN,Vetle Sjåstad,91421,Norway
4985061.0,VUOHIJOKI,Anni,94625,Finland
4985076.0,VÖTTER,Andrea,94452,Italy
4985094.0,TREACY,Sara,96910,Ireland
4985110.0,CHAROENKUL,Gunn,93185,Thailand
4985113.0,ANDÚJAR,Daniel,95223,Spain
4985155.0,SIMMONDS,Megan,95237,Jamaica
4985195.0,ROSE,Justin,92268,Great Britain
4985204.0,HEß,Max,94474,Germany
4985228.0,KESHAVAN,Shiva,94475,India
4985280.0,LAUZI,Emiliano,91794,Italy
4985322.0,MURA,Ryuya,95181,Japan
4985350.0,JUN,Woong-Tae,92336,Republic of Korea
4985356.0,RODRIGUES,Irina,91452,Portugal
4985398.0,AANEI,Andreea,96396,Romania
4985404.0,FEDOROVA,Olena,92109,Ukraine
4985452.0,UHRIG,Michelle,97780,Germany
4985494.0,CUEFF,Virginie,96340,France
4985495.0,KWON,Juncheol,92351,Republic of Korea
4985510.0,RINONG,Pandelela,90516,Malaysia
4985522.0,NOUSIAINEN,Eetu,96943,Finland
4985524.0,WILLIAMS,Zac,105593,New Zealand
4985551.0,CHELLI,Tommaso,91868,Italy
4985589.0,UNGERANK,Nadine,91443,Austria
4985607.0,CHEUNG,King Lok,99394,"Hong Kong, China"
4985626.0,KHALAFALLA,Ali,92010,Egypt
4985656.0,KIFLE,Goitom,97583,Eritrea
4985760.0,SEBEI,Hassanine,96919,Tunisia
4985791.0,KAWECKI,Radoslaw,94476,Poland
4985809.0,ALLEN,Natalia,91425,Canada
4985876.0,SANTIUSTI,Yusneysi,91594,Italy
4986041.0,DESMET,Hanne,91039,Belgium
4986052.0,SHERMETOVA,Kristina,94053,Turkmenistan
4986089.0,HERNÁNDEZ,Ángel,93672,Colombia
4986135.0,KIM,Woojin,91328,Republic of Korea
4986211.0,HATTERSLEY,Camilla,95254,Great Britain
4986236.0,PINZÓN,Omar,92003,Colombia
4986293.0,BERIAN,Boris,91849,United States
4986363.0,TAEA,Patricia,97589,Cook Islands
4986415.0,SUZUKI,Ayuko,91841,Japan
4986488.0,MITCHELL,Victoria,96375,Australia
4986505.0,ENDERICA,Ivan,101920,Ecuador
4986522.0,SPRUNGER,Lea,95229,Switzerland
4986532.0,EPPS,Christina,91849,United States
4986547.0,LAMPIC,Janez,91525,Slovenia
4986554.0,KAMINSKA,Valentyna,89907,Ukraine
4986554.0,KAMINSKA,Valentyna,90501,Belarus
4986568.0,AL BALUSHI,Wadha,92327,Oman
4986596.0,PODHRÁSKÝ,Martin,91460,Czech Republic
4986602.0,NIKITIN,Sarah,94061,BRA
4986610.0,HÁJEK,Patrik,91602,Czech Republic
4986700.0,ZUBARI,Shahar,91765,Israel
4986726.0,ZAHER,Ahmed,92077,Egypt
4986744.0,BURGENER,Patrick,92367,Switzerland
4986771.0,WALKER,Bree,90489,Australia
4986775.0,UIBO,Maicel,92083,Estonia
4986802.0,DENDY,Marquis,91849,United States
4986805.0,LAGAT,Bernard,91849,United States
4986807.0,TOROITICH,Timothy,91575,Uganda
4986924.0,RIEDERER,Sven,92098,Switzerland
4987022.0,TAUBITZ,Julia,91469,Germany
4987035.0,HOANG,Tan Tai,91424,Vietnam
4987169.0,JOSÉ,Ana,91442,Dominican Republic
4987171.0,CARRARA,Michela,92341,Italy
4987187.0,DE LIMA,Jucilene,96363,Brazil
4987238.0,SILOVS,Haralds,100072,Latvia
4987243.0,CARVALHO,Diogo,91070,Portugal
4987256.0,KOHLOVA,Martina,91780,Slovakia
4987259.0,MAZZETTI,Anna Maria,91514,Italy
4987281.0,VAN SCHAGEN,Tessa,91854,Netherlands
4987309.0,SCHLECK,Fränk,95737,Luxembourg
4987331.0,ARTHUR,Emily,95230,Australia
4987370.0,PARISSE,Clément,95262,France
4987410.0,MORRIS,Taylor,92051,United States
4987425.0,ARASHIRO,Yukiya,99399,Japan
4987455.0,LANIŠEK,Anže,94672,Slovenia
4987506.0,WOO,Rose,92018,Canada
4987532.0,FARKOUSSI,Kaoutar,91445,Morocco
4987544.0,DI LAZZARO,Elisa Maria,91594,Italy
4987593.0,HYDE,Jaheel,95237,Jamaica
4987678.0,SARTORI,Rebecca,91594,Italy
4987705.0,WOJCIECHOWSKI,Pawel,96888,Poland
4987740.0,ELEMBA,Franck,92943,Congo
4987770.0,SCHMIRL,Alexander,91443,Austria
4987821.0,DAVID,Areneo,98218,Malawi
4987918.0,MARGALIS,Melanie,95184,United States
4987924.0,MUKASAKINDI,Claudette,91831,Rwanda
4987972.0,WILLIAMS,Danielle,95237,Jamaica
4987981.0,CASILLAS,Miriam,94092,Spain
4988013.0,DE ARAÚJO,Luiz Alberto,96363,Brazil
4988027.0,KITAJIMA,Hisanori,91841,Japan
4988050.0,HIMBURY,Madii,91375,Australia
4988075.0,PUMPUTIS,Caio,95178,Brazil
4988102.0,ALMEIDA,Júlio,90500,Brazil
4988110.0,TEN,Denis,91546,Kazakhstan
4988124.0,DE LANGE,Tristan,105590,Namibia
4988140.0,ELLINGTON,James,92761,Great Britain
4988145.0,NATHELL,Martin,92332,Sweden
4988146.0,ILIE,Laura,91354,Romania
4988153.0,PITTIN,Alessandro,92543,Italy
4988187.0,LEFKARITIS,Dinos,92273,Cyprus
4988191.0,DROZDOVSKAYA,Tatiana,94080,Belarus
4988202.0,SURKOVA,Arina,194639,ROC
4988275.0,RAMAH,Mohamed,93698,Morocco
4988309.0,NOUISRI,Ali,95915,Tunisia
4988361.0,SCHAIRER,Markus,91417,Austria
4988375.0,LEE,Kangbok,96836,Republic of Korea
4988406.0,OLIVEIRA,Pâmella,91768,Brazil
4988414.0,HE,Chao,89939,China
4988424.0,DAVIDSON,Madaline,91735,New Zealand
4988427.0,BUSSIÈRE,Théo,89925,France
4988462.0,PARTI,András,96332,Hungary
4988474.0,ACKERMANN,Christina,92764,Germany
4988493.0,RAUTIONAHO,Jenny,96943,Finland
4988506.0,BARTOLINI,Nicola,94443,ITA
4988562.0,MAMBEKOVA,Aiza,91546,Kazakhstan
4988568.0,BOSWORTH,Tom,92761,Great Britain
4988625.0,SAVSEK,Benjamin,94020,Slovenia
4988648.0,EITBERGER,Dajana,91469,Germany
4988662.0,MAYER,Domenika,94474,Germany
4988689.0,XIE,Jiaxuan,98001,China
4988733.0,AMARE,Girmaw,94450,Israel
4988738.0,DETRY,Thomas,98184,Belgium
4988799.0,HANSEN,Jessica,91357,Australia
4988872.0,POTAPOV,Yaroslav,92343,Russia
4988874.0,MADU,Jennifer,97539,Nigeria
4988901.0,IEMMA JR.,Julio,91419,Venezuela
4988956.0,VIART,Saily,89943,Cuba
4989012.0,HORNIKEL,Björn,92362,Germany
4989045.0,MAJERUS,Christine,95737,Luxembourg
4989082.0,OLSSON,Josefin,92096,Sweden
4989095.0,CARRARO,Martina,91971,Italy
4989145.0,FOFANA,Hassane,91594,Italy
4989165.0,TRAPLETTI,Valentina,91594,Italy
4989208.0,VAN DEN BROECK,Naomi,91068,Belgium
4989211.0,MCLEOD,Omar,95237,Jamaica
4989217.0,DAFFINRUD,Tonje,98186,Norway
4989284.0,TAYLER,Michael,94072,Canada
4989312.0,HULPAN,Florina-Sorina,96396,Romania
4989329.0,ANDREEVA,Irina,195792,ROC
4989431.0,CHING,Siu Nga,93135,"Hong Kong, China"
4989440.0,DENIFL,Wilhelm,91995,Austria
4989463.0,ACHILLEOS,Georgios,94085,Cyprus
4989464.0,PORTER,Jeff,91849,United States
4989473.0,MUJARIDZE,Giorgi,92286,Georgia
4989498.0,MCKENZIE,Teau,92044,Cook Islands
4989557.0,POLTORANIN,Alexey,96968,Kazakhstan
4989595.0,SLEPER,Karlien,95754,Netherlands
4989644.0,RAMAEKERS,Robin,91630,Belgium
4989654.0,GOUGH,Maddy,91357,Australia
4989667.0,LIU,Xiang,91428,China
4989741.0,CHERRY,Michael,91849,United States
4989770.0,CUNNINGHAM,Logan,91849,United States
4989784.0,BARDACH,Virginia,96924,Argentina
4989814.0,SCHICHO,Elisabeth,96925,Germany
4989845.0,RIDDLE,Mike,91843,Canada
4989892.0,STRALTSOU,Vadzim,92249,Belarus
4989908.0,MOZIA,Stephen,97539,Nigeria
4989925.0,TÓTH,Tamás,92559,Hungary
4989943.0,BLOCKI,Adrian,96888,Poland
4989974.0,RUBTSOV,Alexey,195803,ROC
4990017.0,YIN,Elizabeth,92053,Singapore
4990091.0,LORENTZEN,Håvard,101293,Norway
4990130.0,PAINE,Caleb,96400,United States
4990196.0,OH,Jin Hyek,91328,Republic of Korea
4990216.0,RAMAZANOVA,Yaylagul,92639,AZE
4990282.0,REVÉ,Ernesto,89943,Cuba
4990288.0,TAKAGI,Nana,93591,Japan
4990294.0,MICHIELS,Githa,91410,Belgium
4990325.0,CAMBONI,Mattia,91740,Italy
4990335.0,LIN,Shih-Chia,91526,Chinese Taipei
4990342.0,LAWRENCE,Shadae,95237,Jamaica
4990385.0,DUBOVSKÁ,Martina,96381,Czech Republic
4990389.0,SENÁNSZKY,Petra,94021,Hungary
4990417.0,TONETTI,Riccardo,96391,Italy
4990544.0,L'ENTÊTÉ,Laurent,94093,Mauritius
4990556.0,COSTA,Samuel,92543,Italy
4990587.0,SALADUKHA,Olha,91581,Ukraine
4990593.0,WILM,Ingrid,91621,Canada
4990597.0,ROTICH,Ferguson,95235,Kenya
4990620.0,FABBRIZI,Massimo,91868,Italy
4990630.0,BJØRGEN,Marit,94487,Norway
4990692.0,MATHIAS,Charline,91596,Luxembourg
4990693.0,KRANJEC,Žan,96892,Slovenia
4990712.0,ALVES,Higor,96363,Brazil
4990729.0,URBANEK,Robert,96888,Poland
4990732.0,PERALTA,Juan,92736,Spain
4990742.0,GEGA,Luiza,92142,Albania
4990751.0,HORNUNG,Sarah,94504,Switzerland
4990767.0,STEVENS,Robyn,91849,United States
4990771.0,VENYERCSÁN,Bence,91810,Hungary
4990793.0,DYRHAUG,Niklas,94487,Norway
4990804.0,MALYK,Mitchel,91517,Canada
4990843.0,BRYZGINA,Yelizaveta,91581,Ukraine
4990892.0,RYDING,Dave,92591,Great Britain
4990930.0,MÖLGG,Manuela,96391,Italy
4990933.0,UREVC,Eva,91525,Slovenia
4990999.0,BATMUNKH,Achbadrakh,94908,Mongolia
4991013.0,ARENTS,Mareks,89947,Latvia
4991032.0,KUDZELICH,Sviatlana,91502,Belarus
4991063.0,SARTORI,Guendalina,91529,ITA
4991098.0,MÉITÉ,Maé Bérénice,96900,France
4991107.0,MORGAN,Scott,92018,Canada
4991126.0,GAZSÓ,Alida,95242,Hungary
4991163.0,ERAYOKAN,Orukpe,97539,Nigeria
4991198.0,LAGE,Andres,92778,Venezuela
4991234.0,BERRY,Gwen,91849,United States
4991239.0,MAHIEU,Pauline,89925,France
4991267.0,ONNEN,Eike,94474,Germany
4991284.0,YUE,Chao,89910,China
4991312.0,PELETEIRO-COMPAORÉ,Ana,95223,Spain
4991318.0,SHATILOV,Alexander,91814,Israel
4991357.0,JOHNSON,Tess,94642,United States
4991400.0,SCHMIDT,Dylan,91735,New Zealand
4991451.0,FERMBÄCK,Elsa,92322,Sweden
4991480.0,BÁBA,Jaroslav,91602,Czech Republic
4991500.0,VAN BENTHEM,Merle,93603,Netherlands
4991522.0,HARVEY,Alex,92054,Canada
4991549.0,VITENKO,Vladislav,94063,Kazakhstan
4991550.0,THRASHER,Virginia,95182,United States
4991559.0,YANG,Jiayu,89910,China
4991603.0,USHKINA,Natalia,91326,Romania
4991605.0,HALDEMANN,Alexandre,91334,Switzerland
4991609.0,CALDWELL HAMILTON,Sophie,91559,United States
4991625.0,MARAS,Vlasios,89912,Greece
4991637.0,HAWKINS,Chari,91849,United States
4991639.0,OMELIN,Igor,170773,Olympic Athlete from Russia
4991639.0,OMELIN,Igor,201529,ROC
4991640.0,HART,Nathan,92742,Australia
4991663.0,PATTERSON,Eleanor,96375,Australia
4991698.0,SAITO,Hitomi,91764,Japan
4991732.0,SZTANKOVICS,Anna,94021,Hungary
4991800.0,DÖRNBACH,Maximilian,90116,Germany
4991816.0,INIC,Maksim,95157,Montenegro
5015269.0,BECKMANN,Emilie,91774,Denmark
5015274.0,PONS,Joan Lluís,91571,Spain
5015388.0,LOBANOVSZKIJ,Maxim,94021,Hungary
5015393.0,TROMBETTI,Luisa,91971,Italy
5015401.0,CHERUTI,Meiron,92897,Israel
5015416.0,KAWAI,Yukako,8797,Japan
5015417.0,LIM,Namkyu,91813,Republic of Korea
5015476.0,GERAEI,Mohammadali,11181,Iran
5015522.0,BOCHARNIKOV,Sergey,91776,Belarus
5038762.0,REGEZ,Ryan,96896,Switzerland
5038836.0,EVGLEVSKI,Sergei,96380,Australia
5038874.0,DION,Pascal,91610,Canada
5038877.0,YIN,Qi,98001,China
5038882.0,MALSINER,Lara,90509,Italy
5050563.0,NELIN,Jesper,91473,Sweden
5050564.0,BØE,Magnus,92675,Republic of Korea
5050607.0,RAJDA,Kinga,93126,Poland
5085571.0,PYON,Song Gyong,15327,DPR Korea
5097454.0,KIM,Yooran,96810,Republic of Korea
5097491.0,LAN,Minghao,14577,China
5121015.0,NEO,Jie Shi,95813,Singapore
5132636.0,ZAYED,Ebtissam,94433,Egypt
5132670.0,JURADO,Cristofer,95645,Panama
5132827.0,HAMILTON,Lucas,95039,Australia
5132846.0,CARAPAZ,Richard,105582,Ecuador
5132900.0,AULAR,Orluis,95909,Venezuela
5132933.0,VERDUGO,Yuli,94431,Mexico
5132952.0,GAUDU,David,105584,France
5132961.0,DYGERT,Chloé,95637,United States
5132965.0,DLAMINI,Nicholas,95044,South Africa
5132997.0,PATIÑO,Paula,95735,Colombia
5133027.0,GEE,Derek,105592,Canada
5133072.0,PETCH,Rebecca,101309,New Zealand
5133072.0,PETCH,Rebecca,94432,New Zealand
5133133.0,SOLUYANOVA,Svetlana,194291,ROC
5133159.0,PRONSKIY,Vadim,102341,Kazakhstan
5133160.0,MCNULTY,Brandon,95637,United States
5133169.0,BABRIS,Helvijs,94317,Latvia
5133224.0,LELIOR,Anat,93731,Israel
5133235.0,HENNESSY,Brisa,93736,Costa Rica
5133238.0,RESANO,Candelaria,93740,Nicaragua
5133240.0,ROSAS,Daniella,96853,Peru
5133248.0,EWING,Ethan,93502,Australia
5133369.0,FIERRO,Vahiné,93735,France
5133402.0,STARKE,Pauline,9851,Germany
5133504.0,CHOE,Un Song,92133,DPR Korea
5133533.0,EROSTARBE,Nadia,93501,Spain
5134405.0,FRAYRE,Eder,98874,Mexico
5134517.0,SELMAN,Manuel,93504,Chile
5146230.0,QUEYREL,Alexia,96922,France
5146231.0,SURGET,Merlin,96922,France
5146235.0,BURNS,Robert,92538,United States
5146261.0,DUMONT,Valentine,91432,Belgium
5157971.0,TOMITAKA,Hinako,92019,Japan
5169701.0,MAHMOUD,Aram,194577,Refugee Olympic Team
5169740.0,NARAOKA,Kodai,9835,Japan
5181391.0,PETROS,Amanal,94474,Germany
5181395.0,BELABAS,Katia,93361,Algeria
5181407.0,BIBIC,Elzan,101446,Serbia
5181424.0,MYKHAYLOVA,Darya,91581,Ukraine
5181426.0,BAMOUSSA,Abdoullah,91594,Italy
5181438.0,DOYLE,Cathal,96910,Ireland
5181456.0,RAESS,Jonas,95229,Switzerland
5181477.0,ROOMS,Lisa,91068,Belgium
5181478.0,MAHAMED,Mahamed,92761,Great Britain
5181505.0,STREBKOVA,Nataliya,91581,Ukraine
5204955.0,PETTOROSSI,Diego Aldo,91594,Italy
5204986.0,KUJANPÄÄ,Urho,92122,Finland
5205004.0,TJIN A-LIM,Maayke,91854,Netherlands
5205022.0,DOBBER,Jochem,91854,Netherlands
5205030.0,COUCKUYT,Paulien,91068,Belgium
5205164.0,AGRALI,Yavuz,97543,Türkiye
5205168.0,RISTICEVIC,Andjelko,101446,Serbia
5216837.0,DOWN-JENKINS,Anton,91590,New Zealand
5216877.0,HAINS,Nikita,91751,Australia
5216908.0,WHITEHEAD,Breiana,94466,Australia
5216919.0,STRANSKY,Mara,94466,Australia
5216920.0,THOMSON,Zoë,94466,Australia
5240511.0,NORSGAARD BJERG,Emma,95914,Denmark
5240526.0,VOGEL,Alex,91036,Switzerland
5240527.0,WRIGHT,Fred,102358,Great Britain
5240538.0,COPPONI,Clara,96340,France
5240573.0,KOCH,Franziska,98857,Germany
5240615.0,GEORGI,Pfeiffer,102358,Great Britain
5240630.0,PATERNOSTER,Letizia,90117,Italy
5240650.0,PIDCOCK,Tom,94434,Great Britain
5240650.0,PIDCOCK,Tom,102358,Great Britain
5240660.0,BERTEAU,Victoire,105584,France
5240661.0,FORTIN,Valentine,96340,France
5275568.0,SCHWENDINGER,Raphael,15703,Liechtenstein
5275679.0,MACHÁC,Tomáš,17994,Czech Republic
5275763.0,MAMMADALIYEVA,Gultaj,8769,Azerbaijan
5275778.0,CYSIQUE,Sarah-Leonie,11142,France
5287554.0,PLATA,Joel,96950,Spain
5287601.0,BOYER,Marine,95194,France
5287602.0,DERWAEL,Nina,91355,Belgium
5287608.0,ALT,Tabea,92884,GER
5287611.0,KOVACS,Zsofia,96368,Hungary
5287618.0,DE MUNCK,Loran,96969,Netherlands
5287621.0,FENTON,Georgia-Mae,94067,Great Britain
5287622.0,ROSEMAN-GANNON,Ruby,95039,Australia
5287736.0,FÖRSTERLING,Alexandra,92136,Germany
5287750.0,SPITZ,Emma,98185,Austria
5287783.0,HENSELEIT,Esther,92136,Germany
5287825.0,DUMONT DE CHASSART,Adrien,98184,Belgium
5287841.0,BORGE,Celine,98186,Norway
5287904.0,VÄLIMÄKI,Sami,92869,Finland
5287959.0,HOLASOVA,Aneta,92228,Czech Republic
5287960.0,ILIANKOVA,Anastasiia,194642,ROC
5287976.0,VARINSKA,Diana,91376,Ukraine
5287982.0,FRASER,Joe,94067,Great Britain
5287987.0,HRIBAR,Lucija,95236,Slovenia
5288003.0,TRAUKOVA,Hanna,94031,Belarus
5288012.0,DE JESUS DOS SANTOS,Melanie,95194,France
5288018.0,HEGGEMSNES,Sofus,97571,Norway
5288024.0,KUAVITA,Noah,91355,Belgium
5288028.0,MAGGIO,Martina,94443,ITA
5288046.0,FERNANDEZ,Estefania,91881,Spain
5300496.0,VAN DER PEET,Steffie,89885,Netherlands
5300699.0,HOOLE,Daan,99397,Netherlands
5300715.0,GROS,Mathilde,96340,France
5312402.0,LEHIKOINEN,Viivi,92122,Finland
5312406.0,VAN ES,Diane,91854,Netherlands
5312448.0,BÁNHIDI-FARKAS,Petra,91810,Hungary
5312492.0,DALLAVALLE,Andrea,91594,Italy
5312532.0,LITA BAEHRE,Bo Kanda,94474,Germany
5312560.0,VARGA,Donát,91810,Hungary
5312594.0,CRESTAN,Eliott,91068,Belgium
5312614.0,LARSSON,Henrik,91373,Sweden
5312626.0,SACOOR,Jonathan,91068,Belgium
5312662.0,DIALLO,Fatoumata,91452,Portugal
5312663.0,BOL,Femke,91854,Netherlands
5312667.0,GAJANOVÁ,Gabriela,91884,Slovakia
5312669.0,CHILOYAN,Gayane,95228,Armenia
5312694.0,SCHILDER,Jessica,91854,Netherlands
5312731.0,KRSEK,Matej,91602,Czech Republic
5312738.0,OBASUYI,Michael,91068,Belgium
5312779.0,BARONTINI,Simone,91594,Italy
5312780.0,GUTTORMSEN,Sondre,94497,Norway
5312798.0,REUX,Tom,91520,France
5312839.0,NILSSON,Maja,91373,Sweden
5312845.0,GASTAUD,Marie-Charlotte,92937,Monaco
5312846.0,TOLJ,Marija,91770,Croatia
5312908.0,DANISMAZ,Tugba,97543,Türkiye
5312920.0,GIGER,Yasmin,95229,Switzerland
5360163.0,OBIENA,Ernest,95257,Philippines
5360443.0,TABAL,Mary Joy,95257,Philippines
5384252.0,DARWISH,Ahmed,92077,Egypt
5443398.0,KITATA,Shura,94034,Ethiopia
5456030.0,ANDRE,Filipe,97601,Angola
5456041.0,BOLAT,Ebru,92798,Romania
5456132.0,RATULU,Viliame,97565,Fiji
5456160.0,HALLIDAY,Nicholas,91592,"Hong Kong, China"
5503525.0,OGUCHI,Takako,89944,Japan
5503621.0,APPIAH,Cynthia,91365,Canada
5515411.0,NEJATI,Alireza,11181,Iran
5515421.0,VALIEV,Chermen,17442,Albania
5515469.0,KUMAR,Ravi,11175,India
5515489.0,MEDET KYZY,Aiperi,12072,Kyrgyzstan
5515501.0,ISMAILOV,Amantur,15347,Kyrgyzstan
5515578.0,YANEVA,Yuliana,15328,Bulgaria
5539120.0,SABALENKA,Aryna,17469,Belarus
5539162.0,MUCHOVÁ,Karolína,17994,Czech Republic
5587176.0,GANTENBEIN,Talina,96896,Switzerland
5598880.0,CHU,Yuanmeng,90487,China
5622194.0,ARREY,Sophina,10799,Cameroon
5622239.0,ZHAO,Minggang,10228,China
5622249.0,SANABRIA,Ana,95735,Colombia
5634067.0,CHERONO,Lawrence,95235,Kenya
5634092.0,TUXEN,Helle,95226,Norway
5645773.0,HÄRDI,Ramona,101297,Switzerland
5645819.0,LOTFY,Giana,13582,Egypt
5645820.0,MATOUB,Lamya,12195,Algeria
5645828.0,YANG,Tao,98001,China
5645838.0,JANICKI,Artur,94308,Poland
5645870.0,ZUREK,Damian,94308,Poland
5645876.0,ODOR,Gabriel,97783,Austria
5645884.0,SMEDING,Ellia,100071,Great Britain
5645900.0,MOROZOVA,Nadezhda,94306,Kazakhstan
5645912.0,CHUNG,Jae-Woong,97997,Republic of Korea
5646075.0,ELSAWY,Ali,13582,Egypt
5646174.0,SAYED,Radwa,13582,Egypt
5657851.0,LANGENHAN,Max,91469,Germany
5657852.0,LEJSEK,Michael,94095,Czech Republic
5669463.0,SCHAUFFELE,Xander,94484,United States
5669472.0,MELNICHENKO,Andrey,170910,Olympic Athlete from Russia
5681145.0,BERISO,Amane,94034,Ethiopia
5681153.0,TAIT,Rakai,91453,New Zealand
5692749.0,COLES-LYSTER,Maggie,91483,Canada
5704344.0,WICKI,Berenice,92367,Switzerland
5704347.0,ETTEL,Leilani,95203,Germany
5704351.0,BURVALL,Hugo,91754,Sweden
5704371.0,HERASKEVYCH,Vladyslav,96875,Ukraine
5704372.0,TERAUDA,Endija,92042,Latvia
5704380.0,MIYAJIMA,Katsuyuki,89944,Japan
5704458.0,HUBER,Nicolas,92367,Switzerland
5704464.0,OTSUKA,Takeru,91769,Japan
5704468.0,TOTSUKA,Yuto,91769,Japan
5704472.0,ALLENSPACH,Elias,92367,Switzerland
5704476.0,IMAI,Kurumi,91769,Japan
5704482.0,COADY,Tess,95230,Australia
5716114.0,GENESIS,Miesinnei,12422,Nigeria
5716136.0,GABER IBRAHIM,Houssein,92982,Djibouti
5716164.0,SANGALA,Bellore,95318,Congo
5716204.0,KOBAYASHI,Seiya,91335,Japan
5727857.0,KALKENBERG,Emilie,91421,Norway
5727984.0,RUNNALLS,Adam,92064,Canada
5727990.0,BEAUVAIS,César,91413,Belgium
5728012.0,HORVÁTOVÁ,Henrieta,92348,Slovakia
5728038.0,EIDUKA,Patricija,93319,Latvia
5739661.0,MURAKAMI,Yuma,93591,Japan
5739697.0,MATHIBELLE,Tsepo,91378,Lesotho
5739698.0,WACHIRA,Simon,95235,Kenya
5739700.0,GAO,Tingyu,98001,China
5739813.0,MASILO,Boitumelo,92017,Botswana
5739820.0,CAMARA,Ebrima,92353,Gambia
5739834.0,AFOUMBA,Gilles Anthony,92943,Congo
5739840.0,KAMARA,Ismail,92119,Sierra Leone
5739851.0,SEMEDO,Gorete,97590,Sao Tome & Principe
5739853.0,KALII,Hellen Syombua,95235,Kenya
5739877.0,SEUTLOALI,Khoarahlane,91378,Lesotho
5739883.0,SOLOMON,Kokob Tesfagaber,97583,Eritrea
5739889.0,KEITA,Makoura,97579,Guinea
5739900.0,PESSE,Prénam,92282,Togo
5751588.0,KRUZBERGS,Roberts,93505,Latvia
5751593.0,DUBOIS,Steven,91610,Canada
5751594.0,LI,Jinyu,94496,China
5751603.0,DAUDET,Gwendoline,94438,France
5751606.0,BINEY,Maame,94506,United States
5751611.0,LEE,Yu Bin,92039,Republic of Korea
5751621.0,BLAIS,Danaé,91610,Canada
5751625.0,HWANG,Dae Heon,92039,Republic of Korea
5751630.0,COREY,Brendan,92123,Australia
5751646.0,SITNIKOV,Pavel,163939,Olympic Athlete from Russia
5751646.0,SITNIKOV,Pavel,201556,ROC
5751673.0,ZBASNIK,Lana,94646,Croatia
5763273.0,BRAUßE,Franziska,90116,Germany
5786674.0,UNAL,Mehmet Nadir,12437,Türkiye
5809933.0,HAN,Daeyoon,92351,Republic of Korea
5809935.0,OYUNBAT,Yesugen,94501,Mongolia
5809939.0,ROSTAMIYAN,Haniyeh,93115,Iran
5809941.0,KUBANYCHBEKOVA,Kanykei,95241,Kyrgyzstan
5809950.0,VONGSUKDEE,Thongphaphum,91361,Thailand
5809955.0,LIU,Wan-Yu,95183,Chinese Taipei
5809973.0,CHEN,Yiwen,89939,China
5821577.0,GUELI,Claudia,91375,Australia
5821582.0,HOURTOU,Marlyse,93430,Chad
5821621.0,VAZQUEZ,Ana,95784,Mexico
5821766.0,ELGHRARI,Ali,93429,Libya
5821773.0,HAMMED,Mohamed,98214,Tunisia
5821784.0,WANG,Jin,91066,China
5821785.0,GIACCIO,Olivia,94642,United States
5833429.0,LEE,Mee Hyun,96836,Republic of Korea
5833432.0,SHULGINOV,Alexander,163939,Olympic Athlete from Russia
5868260.0,JOUISSE,Caroline,99639,France
5868276.0,SAKAKIBARA,Saya,98010,Australia
5868321.0,REIS,Paola,98011,Brazil
5891555.0,SILVA,Altobeli,96363,Brazil
5891556.0,LÓPEZ,Luis,92615,El Salvador
5891571.0,QUISPE,Rosemary,96955,Bolivia
5903193.0,CLARKE,Frazer,10820,Great Britain
5903258.0,YAFAI,Galal,10820,Great Britain
5903353.0,PARK,Skylar,8765,Canada
5903360.0,SHAKHSUVARLY,Kamran,11967,Azerbaijan
5903416.0,PERSSON,Anton,94446,Sweden
5915054.0,VODAN,Nika,94672,Slovenia
5961521.0,CARPANO,Caterina,91794,Italy
5961523.0,ZERKHOLD,Pia,91417,Austria
5961530.0,SHMURATKO,Ivan,96384,Ukraine
5961533.0,BOCH,Margot,92106,France
5961537.0,DAMARATSKAYA,Anna,98000,Belarus
5961542.0,FARQUHARSON,Ashley,92051,United States
5961546.0,RAVENNA,Verónica María,92281,Argentina
5961589.0,MENG,Fanqi,90487,China
5961604.0,COMOLA,Samuela,92341,Italy
5961610.0,KHALILI,Said Karimulla,201554,ROC
5961617.0,ZHU,Zhenyu,90487,China
5961620.0,JUPPE,Anna,91415,Austria
5961625.0,HAVLÍCKOVÁ,Barbora,91603,Czech Republic
5961626.0,VILA,Carola,96829,Andorra
5961632.0,SKENDER,Gabrijela,93321,Croatia
5961634.0,HALVORSEN,Hannah,91559,United States
5961636.0,KROL,Yuliia,89907,Ukraine
5961665.0,VIGANTS,Raimo,93319,Latvia
5961666.0,LINDHOLM,Remi,94041,Finland
5961668.0,DE MARRE,Thibaut,92676,Belgium
5961672.0,CRV,Vili,91525,Slovenia
5961674.0,SIAO HIM FA,Adam,96900,France
5961686.0,KLEBA,Austin,94702,United States
5961689.0,CHA,Jun-Hwan,91042,Republic of Korea
5961697.0,FISCHER,Jana,95203,Germany
5961704.0,KOHALA,Tove,91340,Sweden
5973319.0,LARSON,Casey,94066,United States
5973323.0,STEFANESCU,Alexandru Stefan,94052,Romania
5973325.0,SMART,Amelia,95279,Canada
5973326.0,DRUKAROV,Andrej,95270,Lithuania
5973331.0,JOGEVA,Anna Lotta,92294,Estonia
5973333.0,CERUTTI,Camille,92765,France
5973334.0,SALIHOVIC,Eldar,95156,Montenegro
5973346.0,MUZAFERIJA,Elvedina,96374,Bosnia & Herzegovina
5973352.0,HORWITZ,Kai,94070,Chile
5973355.0,MUHLEN-SCHULTE,Louis,92318,Australia
5973357.0,OSCH,Matthieu,94467,Luxembourg
5973361.0,NARALOCNIK,Nejc,96892,Slovenia
5973363.0,RADAMUS,River,91818,United States
5973365.0,KOLEGA,Samuel,94646,Croatia
5973367.0,PARKER,Kathryn,92318,Australia
5973369.0,CASHMAN,Keely,91818,United States
5973378.0,SIMADER,Sabrina,95298,Kenya
5973393.0,LEAROYD,Jonathan,91748,France
5985055.0,HOWDEN,Reece,91843,Canada
5985060.0,REBAGLIATI,Chiara,91529,ITA
5985062.0,HUNBIN,Oleksii,94643,Ukraine
5985561.0,HALL,Tom,91625,Great Britain
5985643.0,POETTOZ,Michael,97592,Colombia
5985708.0,MOBÄRG,David,91754,Sweden
5997394.0,KITWANICHSATIEN,Chutikarn,93899,Thailand
6009158.0,DIK,Pavel,94023,Belarus
6009165.0,TARARYCHENKOVA,Alina,201600,ROC
6009168.0,WILI,Colin,96896,Switzerland
6009175.0,NASCIMENTO AMARO,Laura,91512,Brazil
6009177.0,RUKOSUEV,Evgeniy,201600,ROC
6009188.0,MAIER,Samuel,91724,Austria
6009216.0,NOLTE,Laura,91867,Germany
6009233.0,GREMAUD,Mathilde,96896,Switzerland
6009236.0,FEDOROVA,Sofya,170911,Olympic Athlete from Russia
6032436.0,HAMZA,Yacine,98871,Algeria
6032444.0,SHRIEVER,Bethany,101308,Great Britain
6044272.0,TOMAR,Sandeep,11175,India
6044277.0,OTOGURO,Keisuke,8797,Japan
6044311.0,RONG,Ningning,12066,China
6067601.0,ABDUL RAZZAQ,Fathimath,15374,Maldives
6067639.0,ARAI,Matsuri,95252,Japan
6067640.0,GARCÍA,Tuti,91604,Cuba
6067781.0,NGUYEN,Nhat,14589,Ireland
6067831.0,PARK,Guylim,92337,Republic of Korea
6067836.0,MALTSEV,Kevin,89911,Estonia
6067841.0,GASIENICA,Patrick,94066,United States
6067847.0,MARUSIAK,Yevhen,97574,Ukraine
6079543.0,MONNA,Paolo,91868,Italy
6079560.0,MACCHINI,Carlo,94443,ITA
6079583.0,DENIZ,Cansel,15951,Kazakhstan
6079884.0,GALASHINA,Anastasiia,194614,ROC
6079919.0,MARTYNOVA,Maria,89928,Belarus
6079922.0,PRÍVRATSKÝ,Jirí,91460,Czech Republic
6079953.0,MAJOR,Veronika,94477,Hungary
6079954.0,MARICIC,Miran,92770,Croatia
6080364.0,SUMIYOSHI,Kisara,92019,Japan
6091966.0,SHUMATE,Jared,92303,United States
6091970.0,SCHUMANN,Stephen,92303,United States
6103579.0,FOPPEN,Mike,91854,Netherlands
6103586.0,KARAPETYAN,Elmira,91741,Armenia
6103590.0,EDWARDS,Kai,103841,Australia
6103616.0,COHEN,Yoav,91765,Israel
6115205.0,HATTORI,Yuma,91841,Japan
6115238.0,GRISKENAS,Evita,94645,United States
6115239.0,SHANG,Rong,94022,China
6115273.0,DELAGO,Nadia,96391,Italy
6115275.0,PLESHKOVA,Julia,201575,ROC
6115281.0,STJERNESUND,Thea Louise,91509,Norway
6126942.0,UNAL,Bugra,93691,Türkiye
6150299.0,HERNANDEZ RIOS,Yurisandy,12062,Cuba
6150314.0,KÜHNEL,Kea,94060,Germany
6161955.0,DZHUZUPBEKOV,Uzur,15347,Kyrgyzstan
6161955.0,DZHUZUPBEKOV,Uzur,12072,Kyrgyzstan
6162106.0,GHIASI CHEKA,Morteza,11181,Iran
6162138.0,RETHERFORD,Zain,12055,United States
6162167.0,SULEIMANOV,Sanan,15944,Azerbaijan
6197208.0,WANG,Qin,89910,China
6197247.0,PUSZTAI,Liza,8826,Hungary
6197260.0,WÆRENSKJOLD,Søren,95919,Norway
6197270.0,JURKIEWICZ,Jan,8825,Poland
6197272.0,LACHERAY,Eva,11154,France
6197278.0,PIANFETTI,Maxime,11154,France
6197340.0,FAVARETTO,Martina,9849,Italy
6197394.0,KOCH,Mate,8826,Hungary
6197426.0,MARINI,Tommaso,9849,Italy
6197430.0,MYLNIKOV,Vladislav,194400,ROC
6197449.0,BORODACHEV,Anton,194400,ROC
6197516.0,MUHARI,Eszter,8826,Hungary
6197546.0,MURTAZAEVA,Aizanat,194400,ROC
6197580.0,KARAPETYAN,Ashot,94097,Armenia
6197591.0,DICKSON SOMMERS,Rodolfo Roberto,93127,Mexico
6197597.0,MAUD,Tessa,92538,United States
6209230.0,MENSAH,Tamyra,12055,United States
6209262.0,SEBIE,Mahmoud,10204,Egypt
6209284.0,ELSHARABATY,Saleh,11108,Jordan
6209300.0,ELSAYED IBRAHIM,Mohamed Ibrahim,10246,Egypt
6209300.0,ELSAYED IBRAHIM,Mohamed Ibrahim,10204,Egypt
6220944.0,MARCHENKOV,Vladislav,166557,Olympic Athlete from Russia
6220947.0,GENG,Wenqiang,93788,China
6220948.0,YAN,Wengang,93788,China
6220961.0,KNOLL,Anabel,91498,Germany
6220993.0,ROE,Ivan,95182,United States
6221055.0,BLASER,Andrew,92904,United States
6232994.0,SAHAKIAN,Mariana,11992,Lebanon
6244594.0,CONNOLLY,Breege,96910,Ireland
6244597.0,KANCYS,Remigijus,94493,Lithuania
6244599.0,CSERE,Gáspár,91810,Hungary
6244601.0,VRAJIC,Marija,91770,Croatia
6244602.0,SZABÓ,Tünde,91810,Hungary
6267905.0,CHANG,Yani,89939,China
6279510.0,NADIR,Abdelhaq,12961,Morocco
6291252.0,SZÉP,Balázs,91318,Hungary
6291322.0,SARAVANAN,Vishnu,97604,India
6303041.0,MARHELE,Ilona,89947,Latvia
6314653.0,NAVASCUÉS,Estela,95223,Spain
6314658.0,HOARE,Oliver,96375,Australia
6314659.0,YUKICH,Alanah,96375,Australia
6314676.0,TRIPPAS,Edward,96375,Australia
6314680.0,RYAN,Lauren,96375,Australia
6314699.0,EDWARDS,Jye,96375,Australia
6314700.0,DENG,Joseph,96375,Australia
6326471.0,CUNNINGHAM,Vashti,91849,United States
6326473.0,DUNKLEY,Fitzroy,95237,Jamaica
6326486.0,CHIENG,Jennifer,15379,Micronesia
6326493.0,GRAMANE,Rady,15382,Mozambique
6326527.0,MOHAMMED,Abdullah Abkar,96931,Saudi Arabia
6326533.0,GILL,Shaun,92284,Belize
6326536.0,ABULJADAYEL,Kariman,96931,Saudi Arabia
6361353.0,HOMRANI,Mariem,15068,Tunisia
6361411.0,PHORA,Thapelo,91331,South Africa
6361412.0,GAYE,Demish,95237,Jamaica
6361415.0,PRAMAU,Uladzislau,91502,Belarus
6361463.0,DE PINA,David,12451,Cape Verde
6361464.0,DOS SANTOS MORAIS,Davilson,12451,Cape Verde
6361471.0,FOTSALA,Simplice,10248,Cameroon
6361477.0,AKINYI,Elizabeth,11174,Kenya
6361486.0,NGAMISSENGUE,Mpi Anauël,12457,Congo
6361491.0,SEYI NTSENGUE,Dieudonne Wilfried,10248,Cameroon
6361495.0,REZK,Uosry,12966,Egypt
6361527.0,DUDCHENKO,Anton,90491,Ukraine
6361532.0,SIIMER,Kristo,92297,Estonia
6361538.0,TODOROVSKA,Viktorija,98565,North Macedonia
6361547.0,MALONGA DZAIAMOU,Dival Forele,12457,Congo
6361576.0,CHELIMO,Rose,95288,Bahrain
6384838.0,DUMAN,Aysenur,92674,Türkiye
6384841.0,BENTZ,Coralie,95262,France
6384845.0,RYDZEK,Coletta,96925,Germany
6384850.0,GRATE,Marcus,94446,Sweden
6384855.0,KODAMA,Miki,91882,Japan
6384892.0,VENTURA,Paolo,92055,Italy
6384898.0,LAPALUS,Hugo,95262,France
6384909.0,MOYA,Diego,92023,Chile
6384915.0,KITTS,Wesley,92092,United States
6408110.0,CHALKIADAKIS,Charalambos,96966,Greece
6408129.0,ZHANG,Xinqiu,92331,China
6419799.0,JEPCHIRCHIR,Peres,95235,Kenya
6419807.0,ANDO,Yuka,91841,Japan
6420001.0,HILBORN,Ariana,89947,Latvia
6420006.0,ORJUELA,Angie,91368,Colombia
6420045.0,RAMOS,Ricardo,93121,Mexico
6420050.0,GALIMANY,Marta,95223,Spain
6454918.0,AHN,Seul-Ki,96937,Republic of Korea
6455035.0,ÖZBILEN,Kaan Kigen,97543,Türkiye
6466781.0,LÓPEZ,Teófimo,12987,Honduras
6478426.0,LEVAI,Zoltan,10255,Hungary
6478444.0,VAN DER VELDEN,Niek,95244,Netherlands
6478502.0,LECLAIR,Laura,92054,Canada
6478512.0,NIEMELÄ,Carola,91852,Finland
6478520.0,VOCKENSPERGER,Leon,95203,Germany
6478624.0,LUO,Huan,91858,China
6490299.0,GALUSKOVA,Antonie,97526,Czech Republic
6525353.0,KAMMINGA,Arno,95179,Netherlands
6525543.0,JIMÉNEZ,Jordy,91997,Ecuador
6525612.0,BECHDEJU,Laura,96950,Spain
6525645.0,MAZZO,Lucas,96363,Brazil
6537317.0,PARUSZEWSKI,Sandra,8785,Germany
6537325.0,GIYASOV,Shakhram,10259,Uzbekistan
6537378.0,KAN,Chiawei,12450,Chinese Taipei
6537381.0,KHARKHUU,Enkh-Amar,12059,Mongolia
6537400.0,EASHASH,Zeyad,10841,Jordan
6537419.0,KARADENIZ,Suleyman Mustafa,15318,Türkiye
6549056.0,CASANOVA,Lara,92367,Switzerland
6549093.0,WIZANI,Benny,94234,Austria
6549137.0,GAUDET,Arnaud,94050,Canada
6549177.0,LOGINOV,Dmitriy,170911,Olympic Athlete from Russia
6549177.0,LOGINOV,Dmitriy,200954,ROC
6549188.0,HUBER,Elias,95203,Germany
6549197.0,FERRARI,Filippo,91794,Italy
6549203.0,CASANOVA,Gian,92367,Switzerland
6549209.0,ANGENEND,Yannik,95203,Germany
6549238.0,BOZZOLO,Loan,96922,France
6560844.0,TIERNAN,Patrick,96375,Australia
6560997.0,ADCOCK,Liam,96375,Australia
6561012.0,LACAYO,Rafael,94671,Nicaragua
6561019.0,TOSTI,Alejandro,92217,Argentina
6561046.0,TORRES,María,92204,Puerto Rico
6561064.0,BUCHANAN,Andrew,96375,Australia
6561150.0,AHMED,Samaa,99187,Egypt
6572957.0,BROSZUS,Blake,15073,Canada
6572977.0,CAUCHON,Francois,15073,Canada
6572999.0,SANER,Harry,9853,South Africa
6573042.0,HSIEH,Kaylin Sin Yan,10213,"Hong Kong, China"
6573079.0,PARK,Sangwon,15947,Republic of Korea
6573109.0,AZUMA,Sera,8811,Japan
6573121.0,DAGHFOUS,Yasmine,14611,Tunisia
6573125.0,UENO,Yuka,8811,Japan
6573128.0,PROESTAKIS ORTIZ,Katina Alexandra,11976,Chile
6573134.0,DE COSTER,Gabriel,93112,Belgium
6573136.0,BRAENDLE,Naemi,92124,Switzerland
6573137.0,MARX,Alena,92124,Switzerland
6573242.0,GONCALVES DOS SANTOS,Max Batista,96363,Brazil
6573244.0,CAMPOS,Luis Henry,92612,Peru
6608330.0,HATAKEYAMA,Sae,98031,Japan
6608347.0,TARTAKOVSKY,Elizabeth,12029,United States
6608362.0,MCDOWALD,Curtis,12029,United States
6608364.0,MO,Ziwei,14577,China
6608377.0,WANG,Zijie,14577,China
6608414.0,LUGO,Grabiel,9839,Venezuela
6620060.0,EPIS,Giovanna,91594,Italy
6620093.0,HERNANDEZ,Laurie,92027,United States
6620200.0,LEBEDEVA,Iana,195349,ROC
6620202.0,STEVENS,Jessica,94473,United States
6620243.0,DETILLEUX,Emeline,91410,Belgium
6620352.0,TAN,Sze En,97155,Singapore
6620358.0,ALVARADO,Luciana,93834,Costa Rica
6620440.0,JEPTOO,Susan,91520,France
6632159.0,KORSTANJE,Nyls,95179,Netherlands
6632228.0,IAKOVLEVA,Lidiia,92370,Australia
6655599.0,JOHNSON,Moesha,103841,Australia
6655599.0,JOHNSON,Moesha,91357,Australia
6667525.0,ZAKARANI,Youssra,14617,Morocco
6679164.0,YASTREMSKA,Dayana,12645,Ukraine
6690792.0,VELI,Evagjelia,96948,Albania
6690821.0,KUSHITASHVILI,Georgii,9837,Georgia
6690843.0,PRADHAN,Manita Shrestha,11619,Nepal
6737380.0,MENEZES,João,11820,Brazil
6737421.0,HOSSEINI,Mirhashem,8775,Iran
6737448.0,HATAOKA,Nasa,91637,Japan
6737474.0,BAIRD,Jasmine,94050,Canada
6772291.0,FURQUIM,Georgia,90500,Brazil
6772293.0,JEONG,Jigeun,92351,Republic of Korea
6819081.0,HARRINGTON,Ben,99966,New Zealand
6819094.0,FOREHAND,Mac,94642,United States
6819113.0,MOFFATT,Max,91843,Canada
6819133.0,THERRIAULT,Edouard,91843,Canada
6819153.0,SALLINEN,Jon,97559,Finland
6819177.0,KREIENBUEHL,Rafael,96896,Switzerland
6819200.0,BURMANSSON,Jennie-Lee,91754,Sweden
6819204.0,HAMILL,Marin,94642,United States
6819207.0,ATKIN,Zoe,91583,Great Britain
6830844.0,HIGUITA,Sergio,95735,Colombia
6842523.0,TRINH,Van Vinh,91424,Vietnam
6842543.0,HOANG,Thi Duyen,91424,Vietnam
6842552.0,ELBAKH,Fares Ibrahim,91803,Qatar
6842553.0,RASULBEKOV,Bekdoolot,91362,Kyrgyzstan
6854148.0,PERSICO,Silvia,95033,Italy
6865784.0,WANG,Dapeng,94636,CHN
6900680.0,MUSAB,Adam Ali,96945,Qatar
6900688.0,TRAVÉ,Miquel,92107,Spain
6900692.0,OCHOA,Manuel,92107,Spain
6900751.0,ECHANIZ,Pau,92107,Spain
6900814.0,SAMBA,Abderrahman,96945,Qatar
6912418.0,SONEGO,Lorenzo,10477,Italy
6924006.0,AKAMATSU,Ryoichi,91841,Japan
6924010.0,LEVY,Ronald,95237,Jamaica
6924021.0,BARNES,Emre Zafer,97543,Türkiye
6924023.0,HASHIOKA,Yuki,91841,Japan
6947311.0,ZAKALNYTSKYY,Maryan,91581,Ukraine
6947364.0,ZOURAVAND,Hamid Reza,93136,Iran
6947365.0,KAWANO,Masatora,91841,Japan
6947369.0,NIEDZIALEK,Lukasz,96888,Poland
6947371.0,HLAVÁC,Vít,91602,Czech Republic
6947376.0,AMANKUL,Abilkhan,10218,Kazakhstan
6947387.0,FEIGE,Saskia,94474,Germany
6947446.0,OPEYORI,Anuoluwapo,10245,Nigeria
6947524.0,MIHAILA,Narcis Stefan,91838,Romania
6947545.0,BERETTA,Clémence,91520,France
6947548.0,BORDIER,Gabriel,91520,France
6947556.0,KÖPP,Leo,94474,Germany
6947610.0,GHEBREGERGISH,Yohannes,97583,Eritrea
6959278.0,CUASPUD,Marcella,98228,Ecuador
6959280.0,JURT,Anna,91556,Switzerland
6970925.0,TELEGDY,Ádám,94021,Hungary
6970933.0,SALCUTAN,Tatiana,91747,Moldova
6982587.0,MCSHARRY,Mona,92224,Ireland
6982644.0,GULLSTRAND,Emma,94609,Sweden
6994279.0,TERLIUGA,Anzhelika,9933,Ukraine
6994302.0,JOVANOSKA,Puleksenija,16138,North Macedonia
6994317.0,PODOROSKA,Nadia,17991,Argentina
6994325.0,CHEN,Yang,89910,China
6994330.0,KVESIC,Ivan,10111,Croatia
6994331.0,HÁRSPATAKI,Gábor,17096,Hungary
6994339.0,HADIS,Abadi,94034,Ethiopia
6994340.0,CHEMUTAI,Peruth,91575,Uganda
6994358.0,PREKOVIC,Jovana,12685,Serbia
7006042.0,RAHMOUNI,Chaima,92085,Tunisia
7006055.0,RANDAFIARISON,Rosinah,96897,Madagascar
7029351.0,FANGIO,Francesca,91971,Italy
7029379.0,SOTO,Ricardo,91562,Chile
7029451.0,JADHAV,Pravin Ramesh,92057,India
7064556.0,VRZALOVÁ,Simona,91602,Czech Republic
7087913.0,AWAD,Zouhaïr,95288,Bahrain
7111424.0,DJONDE,Bedopassa Buassat,11951,Guinea-Bissau
7111460.0,PEÑAFLOR,Aram,96951,Mexico
7111481.0,MAKHKAMOV,Shakhriyor,92349,Uzbekistan
7111485.0,KUBOTA,Manaka,97564,Japan
7123164.0,HANEKOM,Lindsay,91331,South Africa
7134939.0,SOCCOL,Manuela,91068,Belgium
7134969.0,JORGE ENRIQUEZ,Fernando Dayan,92231,Cuba
7134969.0,JORGE ENRIQUEZ,Fernando Dayan,195790,Refugee Olympic Team
7134984.0,IBRAHIMI,Drilon,98291,Kosovo
7134985.0,SASAKI,Chizuru,91618,Japan
7134994.0,SHI,Mengyao,92331,China
7135004.0,SHANER,William,95182,United States
7146713.0,DENNIS-KENGOTT,Daniel,12055,United States
7146715.0,COX,J'Den,12055,United States
7146724.0,RUSSELL,Gary,12035,United States
7170071.0,KATSUKI,Hayato,91841,Japan
7181815.0,MOUTAKI,Yassmin,12961,Morocco
7181863.0,BUTTI,Cedric,94143,Switzerland
7181874.0,THONAKAL,Gopi,91760,India
7181896.0,LYSENKO,Anna,12012,Ukraine
7181906.0,WALSH,Grainne,8807,Ireland
7181910.0,HARRINGTON,Kellie,8807,Ireland
7181915.0,GRAHAM,Naomi,12035,United States
7181982.0,LEHMANN,Csongor,92559,Hungary
7181999.0,WAUGH,Kate,92070,Great Britain
7182029.0,VILAÇA,Vasco,92102,Portugal
7182031.0,THORN,Vetle Bergsvik,93022,Norway
7193771.0,AGRUSTI,Andrea,91594,Italy
7193791.0,GRÜNBERG,Jermain,96969,Netherlands
7193816.0,UHLAENDER,Katie,92904,United States
7193952.0,MESZAROS,Krisztofer,96368,Hungary
7193961.0,CHEPURNYI,Nazar,91376,Ukraine
7193962.0,MIR,Nicolau,96950,Spain
7193965.0,SEIFERT,Noe,94608,Switzerland
7193984.0,DIALLO,Thierno,96950,Spain
7194008.0,VIKSTROM,Antti,92117,Finland
7194129.0,GODMANN,Jacky,95220,Brazil
7194136.0,HREZI,Mohamed,91815,Libya
7194137.0,SALUKOMBO,Makorobondo,91790,DR Congo
7217965.0,FINESSE,Nantenaina,11268,Seychelles
7217974.0,ALHASSANE,Ismael,12471,Niger
7217981.0,MELNIKOVA,Angelina,194642,ROC
7217981.0,MELNIKOVA,Angelina,96404,Russia
7217990.0,DUARTE,Ítalo,95178,Brazil
7217993.0,CAN,Yasemin,97543,Türkiye
7217999.0,AKDAG,Meryem,97543,Türkiye
7218006.0,LECHENAULT,Oréane,95194,France
7218019.0,SIDIBE,Rachid,11022,Burkina Faso
7218031.0,HOLBURA,Maria,89958,Romania
7218039.0,ABUZHAKYNOVA,Abiba,9850,Kazakhstan
7218065.0,DOSSO,Zaynab,91594,Italy
7241896.0,BHAKAT,Ankita,92057,India
7241903.0,MICALLEF,Kyle,93457,Malta
7265876.0,JACOME,Antia,91881,Spain
7290205.0,HARDEEP,Hardeep,12074,India
7302129.0,ABDELAAL,Mahmoud,12966,Egypt
7338032.0,SÁEZ VERA,Olfides,92916,Cuba
7338075.0,BONNAT,Zacarias,96349,Dominican Republic
7338077.0,UCELO,Scarleth,92872,Guatemala
7350040.0,GREENE,Darragh,92224,Ireland
7350051.0,YU,Liyan,91428,China
7350180.0,SOUDI,Mathis,93651,Morocco
7350185.0,ALDRIDGE,Eleanor,96894,Great Britain
7374066.0,ABRAMS,Aliyah,91975,Guyana
7374156.0,MASO,Mohamad,98208,Syria
7386093.0,DELASSUS,Marjorie,91449,France
7386100.0,RIVIERE,Mathilde,11981,France
7386105.0,KINSELLA,Alice,94067,Great Britain
7386107.0,BELL,Alexandra,92761,Great Britain
7386147.0,DAKHLAOUI,Haythem,11168,Tunisia
7386194.0,ERICHSEN,Julie,97571,Norway
7386206.0,VISSER,Naomi,96969,Netherlands
7386209.0,BRASSART,Maellyse,91355,Belgium
7386213.0,OSYSSEK-REIMER,Morgane,95194,France
7386214.0,VEERMAN,Sanna,96969,Netherlands
7386254.0,RYAN,Megan,100760,Ireland
7386301.0,ZHOU,Yu,91404,China
7386320.0,SYLLA,Mamadassa,10691,France
7386345.0,MENG,Lingzhe,15355,China
7410323.0,VAN KLINKEN,Jorinde,91854,Netherlands
7434208.0,TESFOAM,Eyeru,195189,Refugee Olympic Team
7434257.0,AGIURGIUCULESE,Alexandra,91782,Italy
7434297.0,POHRANYCHNA,Khrystyna,95233,Ukraine
7434315.0,AGHAMIROVA,Zohra,93531,Azerbaijan
7434471.0,GEREFIEL,Selam Amha,95047,Ethiopia
7434521.0,LEPAGE,Pierce,91425,Canada
7446484.0,GONGQA,Lungile,91331,South Africa
7446496.0,DANSTRUP,Kirstine,91827,Denmark
7446501.0,RAVNIKAR,Ziga,92892,Slovenia
7446559.0,ABDULLIN,Ilfat,96395,Kazakhstan
7446633.0,SHANNY,Itay,91878,Israel
7458891.0,THUM,Andreas,91443,Austria
7458922.0,SMETANA,František,91460,Czech Republic
7458945.0,RAMPULA,Matej,91460,Czech Republic
7483278.0,CHIENGJIEK,James,157941,Refugee Olympic Team
7507154.0,MABIKA,Yolande Bukasa,62303,Refugee Olympic Team
7519058.0,ROBLES,Carolina,95223,Spain
7519065.0,BLECH,Torben,94474,Germany
7519088.0,RZAZADE,Aliabbas,15306,Azerbaijan
7519092.0,AALERUD,Katrine,95919,Norway
7519094.0,KIESENHOFER,Anna,98862,Austria
7519163.0,OKOROKOV,Georgii,9843,Australia
7543043.0,VAKASAMA,Taichi,98162,Fiji
7543074.0,ROBERTS,Wesley,93381,Cook Islands
7543123.0,KINDE,Yonas,157941,Refugee Olympic Team
7543437.0,VEOCIC,Gabrijel,15987,Croatia
7543518.0,TERTERYAN,Nikolai,15354,Denmark
7543605.0,GOMEZ,Mineri,95312,Guam
7555624.0,TAN,Adele,91543,Singapore
7555628.0,GASSON,Helena,94047,New Zealand
7555644.0,ROZANI,Jacob,91331,South Africa
7555647.0,NKHASI,Namakwe,91378,Lesotho
7555668.0,STUBBLETY-COOK,Zac,91357,Australia
7555681.0,MATADI,Emmanuel,92944,Liberia
7555682.0,MUNYAI,Clarence,91331,South Africa
7555698.0,SOUSA,Graziele,12407,Brazil
7555703.0,TUEI,Emily Cherotich,95235,Kenya
7555704.0,KENYI,Santino,101940,South Sudan
7555708.0,INOSTROZA GAETE,Arantza Antonia,11976,Chile
7555737.0,INCHUDE,Jessica,92611,Guinea-Bissau
7555737.0,INCHUDE,Jessica,91452,Portugal
7555749.0,YOSHIOKA,Dai,91618,Japan
7555762.0,SADEGHIAN,Armina,93115,Iran
7555824.0,DABLA,Fabrice,92282,Togo
7555825.0,SISSOKO,Fodé,92144,Mali
7555890.0,NYIRARUKUNDO,Salomé,91831,Rwanda
7555909.0,ONYEKWERE,Chioma,97539,Nigeria
7567747.0,LEHONKOVA,Nataliya,91581,Ukraine
7567751.0,RUIZ,Andrés,91368,Colombia
7567752.0,MOLINA,Luis Ariel,94602,Argentina
7567753.0,CHAVEZ,Viviana,94602,Argentina
7567755.0,BIEL,Yiech Pur,157941,Refugee Olympic Team
7567756.0,LOHALITH,Anjelina Nadai,157941,Refugee Olympic Team
7567757.0,LOKONYEN,Rose Nathike,157941,Refugee Olympic Team
7567758.0,LOKORO,Paulo Amotun,157941,Refugee Olympic Team
7567760.0,PAVON,Matthieu,93402,France
7579614.0,SCOTT,Dominique,91331,South Africa
7579624.0,BOHÉ,Caroline,92739,Denmark
7579638.0,HOLMGREN,Gunnar,96342,Canada
7579652.0,RODRÍGUEZ,Monserrath,90479,Mexico
7579654.0,ZALTSMAN,Tomer,93511,Israel
7579659.0,LECOMTE,Loana,91409,France
7579669.0,JOHANNESSEN,Tobias,95919,Norway
7579677.0,LYU,Xianjing,98872,China
7591656.0,TULIAMUK,Aliphine Chepkerker,91849,United States
7615285.0,BASTIEN,Steven,91849,United States
7615296.0,NORMAN,Michael,91849,United States
7615299.0,HINTZE,Johannes,92362,Germany
7615314.0,KONOTOP,Kamila,92893,Ukraine
7615360.0,STEVENS,Deajah,91849,United States
7615372.0,KERLEY,Fred,91849,United States
7615375.0,THOMAS,Gabrielle,91849,United States
7615709.0,ODKHUU,Tsetsentsengel,12416,Mongolia
7627546.0,SIMMONS,Cale,91849,United States
7627554.0,WILLIAMS,Noah,89933,Great Britain
7627557.0,HEIMBERG,Michelle,92296,Switzerland
7627563.0,CARNEIRO SANTANA,Graciete,96363,Brazil
7627568.0,SEKINE,Hanami,91841,Japan
7627609.0,NILSEN,Chris,91849,United States
7627610.0,IBADIN,Edose,97539,Nigeria
7627621.0,PELLACANI,Chiara,94640,Italy
7627639.0,LYSKUN,Sofiia,92109,Ukraine
7627653.0,STODOLSKI,Adam,11166,Poland
7627714.0,KOSTOEV,Dzhafar,10856,United Arab Emirates
7627762.0,LANIR,Inbar,11985,Israel
7627796.0,FIZEL,Marius,8806,Slovakia
7627797.0,HRISTOV,Mark,11943,Bulgaria
7627806.0,FATIYEV,Murad,8769,Azerbaijan
7627845.0,GRIGALASHVILI,Tato,8808,Georgia
7627852.0,STERPU,Victor,8793,Moldova
7627869.0,KAMPS,Marit,8805,Netherlands
7627872.0,BALLHAUS,Mascha,9851,Germany
7627887.0,ZACHOVA,Renata,9857,Czech Republic
7627888.0,DICKO,Romane,11142,France
7627893.0,ASVESTA,Sofia,15950,Cyprus
7627896.0,OZBAS,Szofi,11982,Hungary
7627910.0,TCKAEV,Zelim,8769,Azerbaijan
7639746.0,SANDBLOM,Linda,92122,Finland
7639747.0,POUSSE,Pauline,91520,France
7639753.0,INFANTINO,Antonio,91594,Italy
7639761.0,VASILIOU,Irini,97537,Greece
7639765.0,KAROL,Yuliya,91502,Belarus
7639774.0,VARGAS LEY,Mary Dee,11172,Chile
7639797.0,KRYEZIU,Vijona,101187,Kosovo
7639799.0,MALYSHCHYK,Hanna,91502,Belarus
7639810.0,GILES,Elliot,92761,Great Britain
7639811.0,KAYA,Aras,97543,Türkiye
7639888.0,FILIPIC,Neja,91832,Slovenia
7651704.0,DEBJANI,Ismael,91068,Belgium
7663503.0,OTERO,Matias,91322,Uruguay
7663510.0,OPELOGE,Don,91440,Samoa
7675379.0,JOHNSON,Alaysha,91849,United States
7675382.0,MORRISON,Ebony,92944,Liberia
7675384.0,CAMACHO-QUINN,Jasmine,92292,Puerto Rico
7675389.0,BELANOVICH,Katsiaryna,91502,Belarus
7687299.0,ZAYAS,Luis Enrique,89943,Cuba
7687311.0,KAHK,Adham,10204,Egypt
7687333.0,WALLS,Matt,89899,Great Britain
7687362.0,SECCAFIEN,Andrea,91425,Canada
7687400.0,NOVOLODSKAIA,Mariya,195791,ROC
7687433.0,RESTREPO,Daniel,92901,Colombia
7687445.0,ROBINSON,Byron,91849,United States
7687452.0,YOUNG,Alex,91849,United States
7687467.0,JACOBUS,Lexi,91849,United States
7687472.0,WEIßENBERG,Sophie,94474,Germany
7687473.0,KUNZ,Annie,91849,United States
7687474.0,JACKSON,Chase,91849,United States
7687713.0,TESFAY,Fotyen,94034,Ethiopia
7687716.0,COCKRELL,Anna,91849,United States
7687725.0,MALONE-HARDIN,Maggie,91849,United States
7687732.0,MÁRTON,Richárd,94021,Hungary
7687733.0,POLEWKA,Tomasz,94476,Poland
7687786.0,GESTIN,Nicolas,91449,France
7687788.0,TANAKA,Nozomi,91841,Japan
7687801.0,BROEKSMA,Gijs,91787,Netherlands
7687811.0,VAN DER WEKEN,Patrizia,91596,Luxembourg
7687815.0,INGEBRIGTSEN,Jakob,94497,Norway
7687857.0,BUTTERWORTH,Lindsey,91425,Canada
7687880.0,HU,Yixuan,91428,China
7687882.0,JURASZEK,Pawel,94476,Poland
7687883.0,HOLLÓ,Balázs,94021,Hungary
7687886.0,WON,Young-Jun,92558,Republic of Korea
7687892.0,MONIER SULIMAN,Iszlam,9437,Sudan
7687950.0,CRISP,Leah,104359,Great Britain
7687970.0,CHIRILA,Catalin,97532,Romania
7687981.0,NEDASEKAU,Maksim,91502,Belarus
7687985.0,LINCOLN,Scott,92761,Great Britain
7687988.0,KETEMA,Lemawork,92900,Austria
7687989.0,NDHLOVU,Pardon,92313,Zimbabwe
7688000.0,SONG,Jiayuan,89910,China
7688016.0,ANDREWS,Ellesse,94432,New Zealand
7688030.0,GULYAS,Michelle,91318,Hungary
7688044.0,TURNBULL,Hamish,89899,Great Britain
7688057.0,MAKULA,Saidi,94593,Tanzania
7688058.0,LAAMECHE,El Hadi,95764,Algeria
7688064.0,SAADI,Hakim,95764,Algeria
7688065.0,BOATENG,Bismark,91425,Canada
7688066.0,CATRILEO,Hugo,91472,Chile
7688073.0,BARDI,Felipe,96363,Brazil
7688074.0,RENTERÍA,Jhonny,91368,Colombia
7688077.0,CAMILO,Paulo André,96363,Brazil
7688081.0,THOMAS,Damion,95237,Jamaica
7688088.0,ROGERS,Camryn,91425,Canada
7688089.0,VELAZCO,Davisleydi,89943,Cuba
7688132.0,MARTINS,Maria,90469,Portugal
7688155.0,HAMZA,Samar,10246,Egypt
7688162.0,HELAL,Rayan,96340,France
7688190.0,SCHERL,Anja,94474,Germany
7688233.0,JAMES,Renick,9441,Belize
7688236.0,KIPLIMO,Jacob,91575,Uganda
7688258.0,NADEEM,Arshad,94657,Pakistan
7690186.0,YAREMCHUK,Sofiia,91594,Italy
7690193.0,SALPETER,Lonah Chemtai,94450,Israel
7690196.0,IVANOVA,Nastassia,91502,Belarus
7690246.0,SIBIAK,Nikola,91481,Poland
7690254.0,ALICE KAMULHANGA,Beatrice,91790,DR Congo
7690294.0,KINCAID,William,91849,United States
7690297.0,TOMMASONE,Carmine,9867,Italy
7690304.0,KALMÁR,Ákos,94021,Hungary
7690328.0,KATZOURAKI,Emmanouela,96966,Greece
7690344.0,MURCHE,Kathrin,91640,Germany
7690373.0,BERNAL,Sandra,90517,Poland
7690375.0,ALI,Selin,91609,Bulgaria
7690385.0,SHUKLA,Jazz,91425,Canada
7690395.0,YAHIYA,Muhammed Anas,91760,India
7690413.0,TURNER,Vernon,91849,United States
7690451.0,KORPATSCH,Tamara,10473,Germany
7690452.0,THORPE,Ainsley,92100,New Zealand
7690479.0,WINCHESTER,Jacarra,12055,United States
7690504.0,GAY,John,91425,Canada
7690540.0,KOLOI,Alysha,91751,Australia
7690668.0,ZAPLETALOVÁ,Emma,91884,Slovakia
7690682.0,SULEK-SCHUBERT,Adrianna,96888,Poland
7690685.0,DEMIDIK,Karyna,91502,Belarus
7690710.0,SAMBA-MAYELA,Cyréna,91520,France
7690712.0,SAVASKAN,Buse,97543,Türkiye
7690716.0,SCLABAS,Delia,95229,Switzerland
7690724.0,KLEKNER,Hanga,91810,Hungary
7690729.0,KOTWILA,Martyna,96888,Poland
7690734.0,KRÓLIK,Kinga,96888,Poland
7690765.0,MARQUÉS,Águeda,95223,Spain
7690770.0,O'CONNOR,Kate,96910,Ireland
7690789.0,SISK,Pieter,91068,Belgium
7690827.0,ADAMOPOULOU,Ariadni,97537,Greece
7690836.0,BATTOCLETTI,Nadia,91594,Italy
7690837.0,BEKMEZ,Meryem,97543,Türkiye
7690842.0,BESTUÉ,Jaël,95223,Spain
7690857.0,COIRO,Eloisa,91594,Italy
7690878.0,GALVYDYTE,Gabija,94493,Lithuania
7690891.0,HODEL,Andrina,95229,Switzerland
7690894.0,ION,Diana Ana Maria,91838,Romania
7690896.0,JOHANSSON,Axelina,91373,Sweden
7690897.0,KÄLIN,Annik,95229,Switzerland
7690908.0,AGYEKUM,Emil,94474,Germany
7690917.0,ARESE,Pietro,91594,Italy
7690921.0,BAHUTSKI,Yauheni,91502,Belarus
7690928.0,BENGTSTRÖM,Carl,91373,Sweden
7690937.0,CARABAÑA,Nahuel,89903,Andorra
7690938.0,CARLSSON,Ragnar,91373,Sweden
7690942.0,CEH,Kristjan,91832,Slovenia
7690943.0,CHALMERS,Alastair,92761,Great Britain
7690950.0,COLLET,Thibaut,91520,France
7690978.0,GLETTY,Makenson,91520,France
7690988.0,HEYWARD,Jake,92761,Great Britain
7690995.0,IMÜK,Abdulselam,97543,Türkiye
7691061.0,MILLS,George,92761,Great Britain
7691066.0,MOHUMED,Mohamed,94474,Germany
7691075.0,NADER,Isaac,91452,Portugal
7691100.0,PETRUCCIANI,Ricky,95229,Switzerland
7691119.0,SASMA,Ersu,97543,Türkiye
7691123.0,SCOTTI,Edoardo,91594,Italy
7691127.0,SIBILIO,Alessandro,91594,Italy
7691140.0,KARLSSON,Frida,94446,Sweden
7691156.0,BONVIN,Julien,95229,Switzerland
7691158.0,CARMOY,Thomas,91068,Belgium
7691194.0,FILTISAKOU,Kyriaki,97537,Greece
7691203.0,LUKAN,Klara,91832,Slovenia
7691205.0,MACHADO,Mariana,91452,Portugal
7691219.0,WEßEL,Nele,94474,Germany
7691269.0,SATKOVA,Gabriela,97526,Czech Republic
7691274.0,HEGGE,Noah,91626,Germany
7691311.0,FARINANGO,David,101920,Ecuador
7691327.0,BRAMONT-ARIAS,María,103845,Peru
7691343.0,SHEORAN,Nirmala,91760,India
7691379.0,CHETVERIKOVA,Anastasiia,95191,Ukraine
7691413.0,COCIU,Daniela,92922,Moldova
7691575.0,OLARASU,Maria,92922,Moldova
7691629.0,FANALI,Alessandra,91739,Italy
7691686.0,GRANT,Linn,94090,Sweden
7691694.0,STAVNAR,Madelene,98186,Norway
7691695.0,STARK,Maja,94090,Sweden
7691718.0,HØJGAARD,Rasmus,92568,Denmark
7691744.0,FERNANDEZ,Andres,92783,Guatemala
7691806.0,SCHWARZ,Charline,92773,GER
7691835.0,KAZLOUSKAYA,Karyna,91385,Belarus
7691865.0,WIJLER,Steve,91787,Netherlands
7692072.0,LE,Duc Phat,15370,Vietnam
7692425.0,CHEMUTAI,Albert,91575,Uganda
7692430.0,PRATT,Aimee,92761,Great Britain
7692438.0,BOSHNAK,Aliya,92285,Jordan
7692456.0,ROMERO,Claudio,91472,Chile
7692492.0,BAREGA,Selemon,94034,Ethiopia
7692495.0,WALE,Getnet,94034,Ethiopia
7692517.0,KASSIM,Denika,92146,Comoros
7692524.0,CHEBET,Esther,91575,Uganda
7692531.0,KPATCHA,Hilary,91520,France
7692535.0,PRESTON,James,95176,New Zealand
7692541.0,ERM,Johannes,92083,Estonia
7692565.0,ŠCERBA,Matej,91602,Czech Republic
7692571.0,JHINAOUI,Mohamed,96919,Tunisia
7692583.0,JAINAGA,Odei,95223,Spain
7692598.0,PEREIRA,Rafael,96363,Brazil
7692603.0,STONA,Roje,95237,Jamaica
7692617.0,KANDISSOUNON,Léna,91520,France
7692620.0,NETO,Liliana,95267,Angola
7692622.0,STAFFORD,Lucia,91425,Canada
7692629.0,ZODZIK,Maria,96888,Poland
7692636.0,DUBOVITSKAYA,Nadezhda,91386,Kazakhstan
7692638.0,MCDONALD,Natassha,91425,Canada
7692644.0,DE ORBETA,Rachelle,92292,Puerto Rico
7692646.0,MCGREGOR,Roneisha,95237,Jamaica
7692649.0,COLEBROOKE,Samson,96929,Bahamas
7692651.0,BAILEY,Sean,95237,Jamaica
7692661.0,LEMI,Teddese,94034,Ethiopia
7692662.0,YASEEN,Taha Hussein,92609,Iraq
7692669.0,GALE,Tom,92761,Great Britain
7692674.0,KIPLANGAT,Victor,91575,Uganda
7692687.0,OLATOYE,Oyesade,97539,Nigeria
7692689.0,MALONEY,Shafiqua,92604,St. Vincent & the Grenadines
7692693.0,WILLIAMS,Stacey Ann,95237,Jamaica
7692701.0,WU,Yanni,89910,China
7692714.0,PARDOE,Hector,104359,Great Britain
7692785.0,SZOKE,Alex Gergo,15953,Hungary
7693071.0,NIKOLOV,Aleksandar,91601,Bulgaria
7693079.0,ST. HILLAIRE,Dwight,91503,Trinidad & Tobago
7705110.0,LABUTOV,Yevgeniy,91386,Kazakhstan
7705111.0,BABILONIA,Brian,102362,Puerto Rico
7705115.0,BEST,Jahvid,92576,Saint Lucia
7705117.0,YAMASHITA,Kohei,91841,Japan
7705119.0,KAAZOUZI,Brahim,91445,Morocco
7705123.0,ESTRADA,Daniel,91472,Chile
7705133.0,TELES,Marcio,96363,Brazil
7705134.0,SMITH,Aubrey,95237,Jamaica
7705135.0,MAGOUR,Ahmed Bader,96945,Qatar
7705136.0,RANASINGHE,Sumedha,94442,Sri Lanka
7705137.0,EL HISSOUF,Abdelmajid,91445,Morocco
7705138.0,KROMAH,Mariam,92944,Liberia
7705139.0,BALEW,Birhanu,95288,Bahrain
7705140.0,YAQOOB,Salem Eid,95288,Bahrain
7705141.0,ZULKIFLI,Zaidatul Husniah,92006,Malaysia
7705144.0,CARVER,David,92780,Mauritius
7705145.0,VLACHAKI,Panagiota,97537,Greece
7705146.0,MUNERIA,Charles,95235,Kenya
7705147.0,MAGEO,Jordan,91636,American Samoa
7705148.0,NEWELL,Anicka,91425,Canada
7705149.0,GRAND-PIERRE,Naomy,92974,Haiti
7705150.0,ABDUL RAHIM,Maizurah,92290,Brunei Darussalam
7705151.0,HARUTYUNYAN,Lilit,95228,Armenia
7705152.0,MOHAMED,Mohamed Daud,91346,Somalia
7705153.0,YOUSUFI,Kamia,92149,Afghanistan
7705154.0,CHEROBEN,Abraham Naibei,95288,Bahrain
7705155.0,ALI,Mehboob,94657,Pakistan
7705158.0,SHKURAT,Oksana,91581,Ukraine
7705159.0,JASSIM,Iman Isa,95288,Bahrain
7705178.0,ZAHIRI,Abdul Wahab,92149,Afghanistan
7705179.0,BA,Houleye,95814,Mauritania
7705180.0,LEITE,Hermenegildo,95267,Angola
7705181.0,AL HARITH,Dalal,96945,Qatar
7705183.0,OUSSEINI,Djibo Idrissa,97586,Niger
7705184.0,MBOTTO,Francky,92283,Central African Republic
7705185.0,SIMEON,Richson,92940,Marshall Islands
7705186.0,MARTINS LEITAO,Romario,97590,Sao Tome & Principe
7705187.0,AL-ZAABI,Saud,92942,United Arab Emirates
7705188.0,TEWAAKI,Karitaake,95811,Kiribati
7705189.0,HENRY,Lerissa,95798,Micronesia
7705190.0,BHATTARAI,Saraswati,92946,Nepal
7705213.0,LY,Nary,91043,Cambodia
7705214.0,ABRAMYAN,Benik,92286,Georgia
7705215.0,BOULAID,Kaoutar,91445,Morocco
7717069.0,DASCAL,Ana-Iulia,91977,Romania
7717072.0,DERIKS,Senna,91355,Belgium
7740675.0,DE LARA,Miguel,91598,Mexico
7752637.0,XU,Rui,12066,China
7752638.0,MOHAMED,Mohamed Aly Zaghloul,10246,Egypt
7752639.0,HITCHINS,Richardson,10277,Haiti
7752640.0,ALOMAIR,Lubna,11074,Saudi Arabia
7752641.0,FAHMY,Joud,15699,Saudi Arabia
7788967.0,NAKONECHNYI,Ruslan,94439,Latvia
7941888.0,SILAFAU,Isaac,91636,American Samoa
8048349.0,QUINTERO,Kevin,90471,Colombia
8048378.0,WAMMES,Nick,91483,Canada
8048412.0,CHAIYASOMBAT,Thanakhan,98854,Thailand
8154935.0,HANNESDÓTTIR,Edda,96302,Iceland
8166787.0,PRESCOD,Reece,92761,Great Britain
8190490.0,IVASHKA,Ilya,17469,Belarus
8202236.0,GRASSL,Daniel,91615,Italy
8202243.0,PAGANINI,Alexia,91040,Switzerland
8202244.0,ZAGITOVA,Alina,170772,Olympic Athlete from Russia
8202264.0,KIM,Ye-Lim,91042,Republic of Korea
8214813.0,BERTONCELLI,Marta,97569,Italy
8226620.0,BRAUNSCHWEIG,Ole,92362,Germany
8238445.0,VARGA,Ádám,95242,Hungary
8238473.0,FITZPATRICK,Connor,96895,Canada
8238542.0,THORDSEN,Jakob,91606,Germany
8238544.0,VAN DER WESTHUYZEN,Jean,91723,Australia
8238552.0,HAKE,Jule Marie,91606,Germany
8238623.0,ANDERSSON,Melina,92332,Sweden
8238629.0,CLIFTON,Samalulu,97129,Samoa
8238636.0,LIN,Wenjun,91535,China
8250410.0,HANAGURUMA,Yu,95181,Japan
8250423.0,WINNINGTON,Elijah,91357,Australia
8250440.0,WALSH,Alex,95184,United States
8250450.0,SULTANGALI,Aidos,10819,Kazakhstan
8250463.0,BASTIAN,Izaak,96927,Bahamas
8250479.0,CLAREBURT,Lewis,94047,New Zealand
8250484.0,REID,Zac,94047,New Zealand
8250486.0,TANIGUCHI,Taku,95181,Japan
8250488.0,MCINTOSH,Hayley,94047,New Zealand
8250510.0,PENG,Xuwei,91428,China
8250528.0,BERDIMURATOV,Jalgasbay,12967,Uzbekistan
8250532.0,BEY,Kamal,11112,United States
8250542.0,NOVIKOV,Semen,15349,Bulgaria
8285798.0,VEKOVISHCHEV,Mikhail,194639,ROC
8285861.0,KOLESNIKOV,Kliment,194639,ROC
8285865.0,STUPIN,Maksim,194639,ROC
8286021.0,JENSEN,Sophia,96895,Canada
8297995.0,WONG,Ka Lee,8788,"Hong Kong, China"
8309803.0,ROZMYS,Michal,96888,Poland
8392580.0,AMOE-TARRANT,Charisma,89937,Australia
8392587.0,LYDEMENT,Matthew,89937,Australia
8392603.0,WAKELING,Brandon,89937,Australia
8392645.0,HOFFOS,Courtney,91843,Canada
8416145.0,ABAY,Burak,95911,Türkiye
8416150.0,ILIC,Ognjen,105585,Serbia
8416158.0,LEKNESSUND,Andreas,95919,Norway
8463250.0,LESYUK,Artem,11988,Ukraine
8463269.0,NAIRNE,Lele,10201,Great Britain
8463273.0,FISCHER,Sarah,92870,Austria
8463320.0,ANA,Andreea Beatrice,14606,Romania
8463328.0,ADAMUS,Bartlomiej,92277,Poland
8463382.0,KOUGIOUMTSIDIS,Georgios,15937,Greece
8463393.0,MALMGREN,Emma Jonna,15942,Sweden
8463441.0,YETGIL,Zeynep,15318,Türkiye
8463514.0,LALAYAN,Varazdat,91980,Armenia
8463529.0,GARCÍA TORNE,David,8771,Spain
8463596.0,MAKHMUDOV,Akzhol,15347,Kyrgyzstan
8463596.0,MAKHMUDOV,Akzhol,12072,Kyrgyzstan
8463602.0,YERGALI,Alisher,11157,Kazakhstan
8463626.0,MALIK,Anshu,11175,India
8463648.0,ISHIGURO,Hayato,8797,Japan
8463715.0,BRAVO YOUNG,Roman,11975,Mexico
8463727.0,BAYRAMOV,Turan,15306,Azerbaijan
8463731.0,GAMKRELIDZE,Vladimeri,9405,Georgia
8463752.0,SAKURAI,Tsugumi,8797,Japan
8463795.0,SHARSHENBEKOV,Zholaman,15347,Kyrgyzstan
8463795.0,SHARSHENBEKOV,Zholaman,12072,Kyrgyzstan
8511249.0,YIP,Alannah,101474,Canada
8511265.0,HARRISON,Campbell,94973,Australia
8511319.0,FOSSALI,Ludovico,101328,Italy
8511327.0,MAWEM,Mickael,94965,France
8511332.0,COLEMAN,Nathaniel,94728,United States
8511342.0,GARNBRET,Janja,93883,Slovenia
8511345.0,PILZ,Jessica,95119,Austria
8511351.0,CONDIE,Kyra,94728,United States
8511364.0,THOMPSON-SMITH,Molly,98738,Great Britain
8511368.0,PAN,Yufei,100110,China
8511378.0,LEHMANN,Sascha,101463,Switzerland
8511414.0,MESHKOVA,Viktoriia,195803,ROC
8534922.0,DIAW,Ibrahima,11061,Senegal
8534935.0,FEIGIN,Alexandra,91466,Bulgaria
8558966.0,TAI,Wei-Lin,97787,Chinese Taipei
8594957.0,ALIPOUR,Reza,94941,Iran
8594958.0,KHAIBULLIN,Rishat,94976,Kazakhstan
8595064.0,MIRZAKHALILOV,Mirazizbek,10259,Uzbekistan
8595069.0,CONNOR,Ben,92761,Great Britain
8618836.0,GENEST,Lauriane,91483,Canada
8618854.0,MAJOROV,Nikolaj,91522,Sweden
8618941.0,TANG,Qianting,91428,China
8642901.0,KOSGEI,Brigid,95235,Kenya
8666685.0,JAMAL,Aminat,95288,Bahrain
8666716.0,JAHL,Marlene,10089,Austria
8666728.0,RAMIREZ VARGAS,Andrea,10225,Colombia
8666831.0,SU,Po-ya,11986,Chinese Taipei
8666926.0,MERONK,Adrian,93188,Poland
8678796.0,O’LEARY,Connor,93498,Japan
8678812.0,TOLEDO,Filipe,99976,Brazil
8678835.0,DEFAY,Johanne,93735,France
8678857.0,BOUKHIAM,Ramzi,98582,Morocco
8678918.0,MARKS,Caroline,93497,United States
8678975.0,VAAST,Kauli,93735,France
8679058.0,MATSUDA,Shino,93498,Japan
8679059.0,AGUIRRE,Sol,96853,Peru
8679073.0,SORGENTE,Alex,94730,ITA
8679074.0,SMITH,Alana,93865,United States
8679075.0,MACDONALD,Andy,98385,Great Britain
8679077.0,SABLONE,Alexis,93865,United States
8679088.0,GUSTAVO,Felipe,101346,BRA
8679093.0,EATON,Jagger,93865,United States
8679100.0,BRÜCKLER,Julia,93921,Austria
8679102.0,SANTIAGO,Manny,105024,Puerto Rico
8679105.0,HUSTON,Nyjah,93865,United States
8679107.0,BARROS,Pedro,101346,BRA
8679113.0,GLIFBERG,Rune,98716,Denmark
8679114.0,DECENZO,Ryan,103585,Canada
8679118.0,O'NEILL,Shane,98724,AUS
8679121.0,SCHAAR,Tom,93865,United States
8679126.0,BUFONI,Leticia,101346,BRA
8679127.0,DURAN,Mariah,93865,United States
8679128.0,ROSA,Pâmela,101346,BRA
8679135.0,CRUYSBERGHS,Axel,98360,Belgium
8679156.0,BERGER,Matt,103585,Canada
8714758.0,LUU,Finn,11937,Australia
8726653.0,ZUBIR,Nur Aisyah,95488,Malaysia
8726672.0,MANSOURI,Hamza,98871,Algeria
8726681.0,BJERG,Mikkel,95914,Denmark
8762221.0,MOZZATO,Luca,95033,Italy
8762289.0,MORIKAWA,Collin,94484,United States
8774137.0,HARADA,Kai,98030,Japan
8774254.0,FLOHÉ,Yannick,101325,Germany
8797819.0,CERVANTES LOPEZ,Diego Alekce,10093,Mexico
8797919.0,KIPRUTO,Amos,95235,Kenya
8821800.0,MEGOS,Alexander,101325,Germany
8821885.0,NG,Jason,98204,"Hong Kong, China"
8845880.0,PIDHORESKY,Dayna,91425,Canada
8845891.0,RAST,Camille,94036,Switzerland
8857833.0,GERBEKOV,Askerbii,11615,Bahrain
8857860.0,BREITFUSS,Simon,95293,Bolivia
8881507.0,HOULIE,Michael,94594,South Africa
8881513.0,MEDER,Rebecca,94594,South Africa
8881525.0,DÖRFFEL,Lucia,101325,Germany
8881554.0,BOUTBIEN,Jeanne,92170,Senegal
8893382.0,MATSUMOTO,Katsuhiro,95181,Japan
8893388.0,MIZUNUMA,Naoki,95181,Japan
8893390.0,SMITH,Regan,95184,United States
8905215.0,ÖZBEK,Furkan,96902,Türkiye
8905229.0,TALIB,Talha,95238,Pakistan
8905577.0,DAVOUDI,Ali,91738,Iran
8905685.0,HSIEH,Yun Ting,91850,Chinese Taipei
8905700.0,LEE,Seon-Mi,91812,Republic of Korea
8905709.0,KHAMBAO,Surodchana,91046,Thailand
8917832.0,LAU,Ashley,96283,Malaysia
8929603.0,RECBER,Hakan,11133,Türkiye
8929634.0,MUÑOZ,Sebastián,92992,Colombia
8977038.0,IRR,Brian,13567,United States
8977073.0,GAYSINSKY,Daniel,12204,Canada
8977105.0,GIBSON,Alison,91613,United States
8977147.0,YULDASHEV,Daniyar,9944,Kazakhstan
8977180.0,HAMEDI,Tareg Ali,13572,Saudi Arabia
8989032.0,HEURTAULT,Leila,8798,France
8989082.0,SEMERARO,Silvia,8791,Italy
8989093.0,SOFUOGLU,Ali,10116,Türkiye
8989203.0,CRESCENZO,Angelo,8791,Italy
9001086.0,MADERA,Andres,17107,Venezuela
9013148.0,GRUPPER,Jesse,94728,United States
9025336.0,HANDEI,Oleh,92751,Ukraine
9025340.0,GOH,Cheyenne,98589,Singapore
9025345.0,KIM,Iong A,92578,Kazakhstan
9037116.0,VAN ROON,Valerie,95179,Netherlands
9048917.0,HOEFLER,Kelvin,101346,BRA
9049159.0,YANG,Brian,11941,Canada
9049182.0,CARRAGGI,Julien,15064,Belgium
9049205.0,SEN,Lakshya,12032,India
9061214.0,NISHIDA,Reo,95252,Japan
9085004.0,WANG,Hongli,98001,China
9097177.0,DAGAR,Diksha,95830,India
9097199.0,YAMAMOTO,Taisei,92019,Japan
9133452.0,ZHU,Mingye,14577,China
9157740.0,WILLIAMS,Brodie,95254,Great Britain
9157742.0,POGGIO,Federico,91971,Italy
9157761.0,EPITROPOV,Lyubomir,91601,Bulgaria
9157794.0,ANTONIOU,Kalia,95192,Cyprus
9157825.0,FRANKEL,Tomer,92897,Israel
9157829.0,LOKTEV,Denis,92897,Israel
9157831.0,SALCHOW,Josha,92362,Germany
9157833.0,STOKOWSKI,Kacper,94476,Poland
9157847.0,RIEDER,Celine,92362,Germany
9157848.0,ANDERSON,Freya,95254,Great Britain
9157849.0,DUHAMEL,Cyrielle,89925,France
9157856.0,WALSHE,Ellen,92224,Ireland
9157922.0,RAZZETTI,Alberto,91971,Italy
9157951.0,GIREV,Ivan,194639,ROC
9157959.0,MILÁK,Kristóf,94021,Hungary
9157968.0,BOLLIN,Thierry,91334,Switzerland
9157976.0,KAHLER,Marlene,96377,Austria
9157987.0,GÜRES,Ümit Can,92048,Türkiye
9157995.0,DEREJE,Roza,94034,Ethiopia
9158022.0,ANTUNOVIC,Andjela,95157,Montenegro
9158027.0,KÖHLER,Angelina,92362,Germany
9158031.0,PAPASTAMOS,Apostolos,94631,Greece
9158033.0,SEELIGER,Björn,91826,Sweden
9158065.0,SZABÓ-FELTÓTHY,Eszter,94021,Hungary
9158079.0,FAIN,Katja,89908,Slovenia
9158082.0,GOSE,Isabel,92362,Germany
9158084.0,GROUSSET,Maxime,89925,France
9158131.0,CECCON,Thomas,91971,Italy
9158133.0,DI COLA,Stefano,91971,Italy
9158161.0,NÉMETH,Nándor,94021,Hungary
9158169.0,POTOCKÁ,Tamara,92037,Slovakia
9158211.0,COSSER,Christopher,95136,South Africa
9158217.0,SHIN,Eun-Cheol,98335,Republic of Korea
9158256.0,KRAMPL,Mia,93883,Slovenia
9158285.0,KELLY,Piper,94728,United States
9158343.0,SAPINA,Ivan,10106,Croatia
9206847.0,JOSLIN,Chris,93865,United States
9218977.0,PATEL,Maana,94669,India
9218989.0,LEE,Ju-Ho,92558,Republic of Korea
9219000.0,LEE,Ho-Joon,92558,Republic of Korea
9219014.0,MUSSIN,Adilbek,97528,Kazakhstan
9219034.0,AL-WIR,Amro,92805,Jordan
9219047.0,ABBAS,Omar,92967,Syria
9231191.0,HUSIC,Nedzad,11935,Bosnia & Herzegovina
9231320.0,STOLBOVA,Petra,8755,Czech Republic
9231322.0,MCGOWAN,Rebecca,8809,Great Britain
9231347.0,MAHBOUBI,Achraf,10788,Morocco
9231350.0,VICENTE YUNTA,Adrian,9863,Spain
9231353.0,SEMBERG,Avishag,8770,Israel
9231360.0,ANN,Alasan,11324,Gambia
9231395.0,LAURIN,Althéa,10215,France
9231417.0,NICKOLAS,CJ,12024,United States
9231452.0,LO,Chia-Ling,11986,Chinese Taipei
9231490.0,ATESLI,Emre,11133,Türkiye
9231619.0,JANG,Jun,9828,Republic of Korea
9231720.0,SUZUKI,Ricardo,10118,Japan
9231742.0,ALESSIO,Simone,15948,Italy
9231744.0,SONG,Jie,11984,China
9231746.0,KAFADAR,Josipa,8765,Canada
9231761.0,AOUN,Laetitia,15766,Lebanon
9231771.0,ZHOU,Lijun,11984,China
9231780.0,RODRIGUEZ,Madelyn Andrea,9876,Dominican Republic
9231805.0,LAARAJ,Nada,10788,Morocco
9231827.0,ABO-ALRUB,Rama,11108,Jordan
9231856.0,BURNS,Thomas,10101,New Zealand
9231898.0,HYMER,Stacey,8776,Australia
9269031.0,JU,Hyeri,92675,Republic of Korea
9305339.0,DIVARI,Kate,91766,Greece
9305356.0,LAPPA,Natasa,91474,Cyprus
9305367.0,RENNA,Nicolò,91740,Italy
9305391.0,NURDAULETOV,Bekzad,10218,Kazakhstan
9305423.0,TIAFACK,Nelvie Raman,11160,Germany
9305434.0,TURSUNOV,Sanjar,10259,Uzbekistan
9305459.0,HALL,Conor,91625,Great Britain
9305499.0,BETTLES,Sarah,91625,Great Britain
9317692.0,KOIKE,Katsunori,91764,Japan
9329816.0,NURILLAEV,Sardor,14612,Uzbekistan
9329824.0,REID,Emma,10201,Great Britain
9329825.0,GAUTHIER-DRAPEAU,Francois,11148,Canada
9329868.0,MA,Zhenzhao,12017,China
9342092.0,BARANNIKOVA,Anastasiya,161312,Olympic Athlete from Russia
9342093.0,MORAT,Lucile,91748,France
9342124.0,TRAILL,Venice,9900,Fiji
9342126.0,NAKANISHI,Junya,92310,JPN
9342128.0,MALONEY WESTGÅRD,Thomas,92672,Ireland
9354176.0,MCKAY,Natasha,92785,Great Britain
9354210.0,MAGNUSSON,Oliwer,91754,Sweden
9366269.0,VAN DE VELDE,Julie,98863,Belgium
9366281.0,ROGENTIN,Stefan,94036,Switzerland
9390432.0,CAPOBIANCO,Andrew,91613,United States
9390481.0,SCHEFFER,Fernando,95178,Brazil
9390516.0,ZEPHIR,Jean-Luc,95807,Saint Lucia
9390517.0,AL-YAMANI,Mokhtar,93159,Yemen
9390518.0,KOUMA,Sébastien,93158,Mali
9390528.0,TARIQ,Haseeb,93379,Pakistan
9390563.0,STRATE,Abigail,92257,Canada
9390767.0,URIBE,Luis,92901,Colombia
9390769.0,WILLARS,Randal,95164,Mexico
9390770.0,WIENS,Rylan,94084,Canada
9390848.0,YING,Qing,95893,China
9390850.0,HUAI,MingMing,95893,China
9390891.0,TITUS,Danielle,91073,Barbados
9390893.0,ARROYO,Jarod,92234,Puerto Rico
9390901.0,RASOLONJATOVO,Heriniavo,93382,Madagascar
9390922.0,RABARIJAONA,Tiana,93382,Madagascar
9390923.0,SCANLAN,Tilali,95319,American Samoa
9390924.0,YOUNG,Robyn,98165,Eswatini
9403020.0,MADKAMOV,Fakhriddin,96249,Tajikistan
9403022.0,BAH,Mamadou,93367,Guinea
9403032.0,MOHAMED,Ridhwan,93377,Kenya
9415191.0,DERAFSHIPOUR,Hamoon,194294,Refugee Olympic Team
9415328.0,HOPKIN,Anna,95254,Great Britain
9415371.0,FERACCI,Alexandra,8798,France
9415395.0,MIYAHARA,Miho,17094,Japan
9415727.0,ECCLES,Rosie,10820,Great Britain
9415787.0,SAMDAN,Eray,10116,Türkiye
9415798.0,NISHIMURA,Ken,17094,Japan
9416138.0,SAGO,Naoto,17094,Japan
9442651.0,SERONOSOVA,Polina,90501,Belarus
9454697.0,SMITH,Emerson,94642,United States
9454715.0,LIN,Ying-Shin,95183,Chinese Taipei
9454716.0,LIU,Yukun,92331,China
9478869.0,RAITANEN,Topi,92122,Finland
9479013.0,MCCANN,Jodie,96910,Ireland
9479027.0,DEVER,Patrick,92761,Great Britain
9479038.0,SOMERS,Michael,91068,Belgium
9479052.0,GARCÍA,Marta,95223,Spain
9479053.0,LIZAKOWSKA,Weronika,96888,Poland
9491194.0,ZAVADOVSKAYA,Victoria,170773,Olympic Athlete from Russia
9491234.0,VALODZKA,Siuzanna,218425,AIN
9491243.0,KUWORGE,Enzo,95210,Netherlands
9491264.0,ZAMMIT STEVENS,Yasmin,93457,Malta
9491273.0,PARK,Seong-Hyeon,97997,Republic of Korea
9491333.0,WIKLUND,Ragne,101293,Norway
9491401.0,LIU,Ming Hu,12066,China
9491449.0,IN 'T HOF,Sanne,93590,Netherlands
9527754.0,NEWBY,Brendan,99961,Ireland
9527941.0,JANG,Yujin,96836,Republic of Korea
9527942.0,DOLCI,Flora,95262,France
9540011.0,SADOWSKI-SYNNOTT,Zoi,91453,New Zealand
9540014.0,SHAO,Qi,91066,China
9552096.0,KUBIŠ,Lukáš,95652,Slovakia
9589127.0,BUGEJA,Emily,95215,Canada
9613389.0,BRODKA,Amelia,94969,Poland
9613401.0,JUNEAU,Cory,93865,United States
9613404.0,FEDERICO,Ivan,94730,ITA
9613405.0,GIRAUD,Aurélien,95110,FRA
9613408.0,WETTSTEIN,Bryce,93865,United States
9613410.0,LEÓN,Danny,103573,Spain
9613417.0,TURY,Riso,94338,Slovakia
9613422.0,MATHERON,Vincent,95110,FRA
9613423.0,MILOU,Vincent,95110,FRA
9613529.0,LANZI,Asia,94730,ITA
9613556.0,MATEU,Jaime,103573,Spain
9613565.0,GONZALEZ,Jhancarlos,94738,Colombia
9613576.0,OLDENBEUVING,Keet,101323,Netherlands
9613612.0,EDTMAYER,Tyler,93862,Germany
9613667.0,GUGLIA,Annie,103585,Canada
9613691.0,HYM,Charlotte,95110,FRA
9613721.0,REYNOLDS,Heimana,93865,United States
9613809.0,PIÑEIRO,Steven,105024,Puerto Rico
9650410.0,EDEGRAN,Markus,96400,United States
9674717.0,LEERDAM,Jutta,93590,Netherlands
9686924.0,ZEUNER,Brighton,93865,United States
9686927.0,ARMANTO,Lizzie,95127,Finland
9686928.0,STARR OLSEN,Poppy,98724,AUS
9686929.0,BARRATT,Jordyn,93865,United States
9686987.0,RIBEIRO,Gustavo,94737,Portugal
9687018.0,BRUGGEMAN,Lore,98360,Belgium
9796312.0,RINGQUIST,Abby,94066,United States
9796411.0,KOPYRENKO,Nikita,94893,Kazakhstan
9820578.0,BACHA,Aymen,92085,Tunisia
9820670.0,ANDO,Elreen Ann,96938,Philippines
9820687.0,CENIZA,John Fabuar,96938,Philippines
9820691.0,BAK,Ju-Hyo,91812,Republic of Korea
9820738.0,CHARRON,Maude,91062,Canada
9820771.0,JANG,Yeon-Hak,91812,Republic of Korea
9820780.0,LIAO,Qiuyun,92887,China
9820781.0,LEBLANC-BAZINET,Rachel,91062,Canada
9869312.0,GARBACCIO,Joseph,95110,FRA
9881474.0,PAPA,Micky,103585,Canada
9881519.0,GUAN,Ziyan,91066,China
9881559.0,CHANLOUNG,Karen,96563,Thailand
9893621.0,LLISO,Javier,94044,Spain
9893624.0,TATALINA,Anastasiya,201529,ROC
9893624.0,TATALINA,Anastasiya,170773,Olympic Athlete from Russia
9905674.0,NICK,Megan,94642,United States
9905675.0,PURCELL,Max,10475,Australia
9929897.0,CORIA,Federico,17991,Argentina
9929899.0,BOUSHITA,Abderrahmane,12056,Morocco
9929909.0,OFNER,Sebastian,13340,Austria
9929910.0,MEBARKI,Meriem,10690,Algeria
9966568.0,SADINI,Ibtissam,13583,Morocco
9966605.0,SCHOMMER,Paul,94039,United States
9966648.0,HÄGGSTRÖM,Johan,94446,Sweden
9978712.0,SEMIKOV,Ilia,201552,ROC
9990758.0,IMAI,Miho,90473,Japan
10039504.0,PROCK,Hannah,91074,Austria
10039587.0,GALIAKHMETOV,Adil,92578,Kazakhstan
10039614.0,WANG,Haotian,98001,China
10039628.0,SARAULT,Courtney,91610,Canada
10051695.0,SIGHEL,Pietro,92553,Italy
10051703.0,BERZINS,Reinis,93505,Latvia
10063776.0,WANG,Xiyu,14007,China
10063791.0,SWIATEK,Iga,12241,Poland
10063805.0,BERGS,Zizou,17998,Belgium
10063849.0,HIJIKATA,Rinky,10475,Australia
10063860.0,KOSTYUK,Marta,12645,Ukraine
10063866.0,WANG,Xinyu,14007,China
10063884.0,VONEŠ,Jan,92729,Czech Republic
10075941.0,CROWLEY,Brogan,96920,Great Britain
10100167.0,KOBAYASHI,Chika,91882,Japan
10100171.0,DAL FARRA,Franco,98562,Argentina
10100173.0,YAMASHITA,Haruki,91882,Japan
10100174.0,ROOS,Henri,92125,Estonia
10100190.0,ISTOMINA,Mariya,201552,ROC
10100191.0,SKENDER,Marko,93321,Croatia
10100193.0,ZULOAGA,Matías,98562,Argentina
10100200.0,DE CAMPO,Seve,95225,Australia
10100205.0,SANTOS,Victor,93716,Brazil
10112295.0,WYATT,Marcus,96920,Great Britain
10112320.0,SCHLINTNER,Alexander,91724,Austria
10112324.0,WATSON,Anthony,93615,Jamaica
10112347.0,UPRIMNY,Sebastián,96824,Colombia
10112355.0,KIM,Eunji,91628,Republic of Korea
10125000.0,MONCADA SÁNCHEZ,Ana,91496,Spain
10125085.0,KIM,Minwoo,92675,Republic of Korea
10125087.0,KIM,Eunho,92675,Republic of Korea
10137165.0,SOAR,Hannah,94642,United States
10137380.0,WOODS-TOPALOVIC,Cooper,91375,Australia
10137381.0,LI,Fanghui,91066,China
10137382.0,CHAI,Hong,91066,China
10137383.0,ZHANG,Kexin,91066,China
10137386.0,MAO,Bingqiang,91066,China
10137396.0,BUCK,Kaylie,94050,Canada
10149489.0,DAKE,Kyle,12055,United States
10173627.0,LIEN,Ida,91421,Norway
10173641.0,HOFFMANN,Anna,94066,United States
10173644.0,PETER,Dominik,92919,Switzerland
10173648.0,BRESADOLA,Giovanni,90509,Italy
10173652.0,WESTMAN,Frida,92068,Sweden
10173739.0,SUN,Hongyi,11984,China
10173837.0,DEAN,Decker,94066,United States
10173869.0,VOIGT,Vanessa,91837,Germany
10186035.0,TAHIRI,Albin,101855,Kosovo
10198554.0,OFTEBRO,Jens Lurås,94456,Norway
10198594.0,KUCHLER,Albert,96925,Germany
10198603.0,JOHANSSON,Leo,94446,Sweden
10198605.0,DROLET,Rémi,92054,Canada
10198624.0,AVVAKUMOVA,Ekaterina,91620,Republic of Korea
10210868.0,ZHANGBYRBAY,Moldir,9944,Kazakhstan
10211964.0,SHUEB,Wael,194294,Refugee Olympic Team
10236068.0,KIM,Kyoungeun,96836,Republic of Korea
10236071.0,SMIRNOVA,Anastasia,201529,ROC
10248128.0,GRIEKSPOOR,Tallon,11808,Netherlands
10248131.0,PEREIRA DE SOUSA,Julia,96922,France
10272274.0,GALANT,Martyna,96888,Poland
10284460.0,TSUNODA,Natsumi,10786,Japan
10284461.0,NIIZOE,Saki,10786,Japan
10284504.0,LKHAGVASUREN,Sosorbaram,12416,Mongolia
10296569.0,ŠTIMAC,Ida,94646,Croatia
10296571.0,NI,Yueming,93139,China
10308624.0,HORIGOME,Yuto,101350,JPN
10308669.0,FLORENCE,John John,93497,United States
10308673.0,FERREIRA,Italo,99976,Brazil
10308677.0,BOUREZ,Michel,93735,France
10308688.0,ROBINSON,Jack,93502,Australia
10308710.0,ZHANG,Yangming,93139,China
10308712.0,WILSON,Connor,92596,South Africa
10308717.0,LIMA,Silvana,99976,Brazil
10320814.0,GURTSIEV,Georgii,218137,AIN
10320890.0,DINCEL,Merve,11133,Türkiye
10320978.0,AHMADI,Atefeh,95804,Iran
10333030.0,PUKHKALO,Vitaliy,96968,Kazakhstan
10345155.0,SESEMANN,Philip,92761,Great Britain
10357241.0,ZAJC,Timi,94672,Slovenia
10357256.0,KARLÍK,Mikuláš,91429,Czech Republic
10357269.0,SKLENÁRIK,Tomáš,92348,Slovakia
10369358.0,CEPURAN,Ethan,94702,United States
10369360.0,LANGELAAR,Tyson,97784,Canada
10369362.0,FISH,Graeme,97784,Canada
10369367.0,SAMSONSEN,Julie Nistad,101293,Norway
10369373.0,COLTEA,George,91326,Romania
10369374.0,MCDOUGALL,Brooklyn,97784,Canada
10369377.0,HOWE,Connor,97784,Canada
10381492.0,WINTERS,Cody,92538,United States
10381498.0,SIEGENTHALER,Sina,92367,Switzerland
10381515.0,GRONDIN,Eliot,94050,Canada
10381530.0,KIRCHWEHM,Umito,95203,Germany
10381564.0,LIN,Sin-Rong,92260,Chinese Taipei
10381566.0,WANG,PeiXuan,98557,China
10381576.0,JUNGBLUTH,Klaus,93486,Ecuador
10381581.0,CVETANOVSKA,Ana,98565,North Macedonia
10381586.0,PÓNYA,Sára,92673,Hungary
10393670.0,IVLIEV,Konstantin,201556,ROC
10393672.0,SPECHENHAUSER,Luca,92553,Italy
10393677.0,TREACY,Niall,97572,Great Britain
10393685.0,THITIKUL,Jeeno,93185,Thailand
10405747.0,KANIA,Marek,94308,Poland
10405754.0,WEISS,Emma,94060,Germany
10405755.0,ROTH,Noe,96896,Switzerland
10417805.0,WALCOTT-NOLAN,Revee,92761,Great Britain
10429858.0,GREGORICH HECHAVARRIA,Daniel,12406,Cuba
10429876.0,ROSILLO KINDELAN,Gabriel,12062,Cuba
10429876.0,ROSILLO KINDELAN,Gabriel,12406,Cuba
10466295.0,OSIPOVA,Svetlana,9852,Uzbekistan
10478400.0,ABE,Uta,10786,Japan
10478424.0,LIN,Chen-Hao,15337,Chinese Taipei
10478444.0,HERIN,Laura,12406,Cuba
10490508.0,PIJNENBURG,Stan,95179,Netherlands
10490524.0,FARKEN,Robert,94474,Germany
10490573.0,KUMAR,Deepak,94600,India
10490579.0,YUNUSMETOVA,Irina,92879,Kazakhstan
10490583.0,SATPAYEV,Islam,92879,Kazakhstan
10490594.0,LIN,Junmin,92331,China
10490603.0,QI,Ying,92331,China
10490605.0,WANG,Xiaojing,92331,China
10490622.0,UCHIDA,Misaki,92323,Japan
10502688.0,SPANOUDAKI-CHATZIRIGA,Rafailia,97537,Greece
10538922.0,ASH,Sophie,91375,Australia
10538934.0,MOLDAUER,Yul,92027,United States
10539024.0,AMRENOVA,Ayaulum,92236,Kazakhstan
10539076.0,ELOFSSON,Oskar,91754,Sweden
10551151.0,KADIMAGOMEDOV,Magomedkhabib,218436,AIN
10551151.0,KADIMAGOMEDOV,Magomedkhabib,15935,Belarus
10551155.0,MUNKHTUR,Lkhagvagerel,8817,Mongolia
10551157.0,KONG,Fanying,93139,China
10551158.0,XU,Mingfu,93139,China
10551177.0,SORINA,Tatiana,201552,ROC
10551254.0,MAROTY,Mariann Mimi,94016,Hungary
10563416.0,PATRICE,Sebastien,11154,France
10563461.0,DI VEROLI,Davide,9849,Italy
10563572.0,GALLO,Michele,9849,Italy
10563666.0,FINK,Pia,96925,Germany
10563676.0,VASILIEVA,Lilia,201552,ROC
10575877.0,BAER,Alexandra,96896,Switzerland
10575878.0,PRYTKOVA,Anastasiia,201529,ROC
10575880.0,ZHOLDAS,Ayana,92236,Kazakhstan
10575893.0,SCHOENEFELD,Justin,94642,United States
10575899.0,SUN,Jiaxu,91066,China
10575913.0,WERNER,Pirmin,96896,Switzerland
10575952.0,SUN,Jingbo,91066,China
10575956.0,WU,Meng,91066,China
10575957.0,KONG,Xiangrui,91066,China
10588046.0,WILDE,Hayden,92100,New Zealand
10600217.0,PANTOVIC,Jelena,94583,Montenegro
10624459.0,MAISCH,Katharina,94474,Germany
10624472.0,KOKOSHKO,Roman,91581,Ukraine
10672957.0,AHMADISAFA,Omid,194289,Refugee Olympic Team
10673004.0,MOUSAVI,Seyidshahin,14599,Iran
10685068.0,JOHNSON,Delante,12035,United States
10685081.0,QUIROGA,Ramon,10120,Argentina
10685086.0,SALCEDO CODAZZI,Cristian,10104,Colombia
10685114.0,RAGAN,Duke,12035,United States
10685116.0,ISLEY,Troy,12035,United States
10697191.0,ZHANG,Jin,91858,China
10697275.0,PRIYANKA,,91760,India
10709445.0,WEBB,Jeffrey,92156,Malaysia
10709454.0,HO,Ping-Jui,91392,Chinese Taipei
10733653.0,ANACAN,Alexandrea,11546,New Zealand
10733711.0,ABOUDOU-MOINDZE,Djamili-Dini,15333,France
10745881.0,WANG,Qiang,94904,China
10745930.0,MA,Qinghua,94904,China
10746064.0,TERENTEV,Alexander,201552,ROC
10746082.0,KÄHÄRÄ,Jasmin,94041,Finland
10746092.0,RUBLOVA,Daria,89907,Ukraine
10746096.0,CERNÝ,Ondrej,91603,Czech Republic
10746098.0,ERIC,Strahinja,96562,Bosnia & Herzegovina
10746099.0,GAL,Mélissa,95262,France
10746101.0,HIMMA,Martin,92125,Estonia
10746124.0,ŽERJAV,Neža,91525,Slovenia
10746130.0,FIRAT,Yusuf Emre,92674,Türkiye
10746131.0,HOLÍKOVÁ,Zuzana,91603,Czech Republic
10746139.0,SHPUNTAU,Yahor,90501,Belarus
10746242.0,ARIUNSANAA,Enkhtuul,94908,Mongolia
10746255.0,TAWK,Samer,96826,Lebanon
10746257.0,ZHARKYMBAEV,Tariel,93718,Kyrgyzstan
10770821.0,GEAY,Gabriel Gerald,94593,Tanzania
10770823.0,ICHIYAMA,Mao,91841,Japan
10770832.0,MATANGA,Failuna,94593,Tanzania
10770837.0,SHAURI,Magdalena,94593,Tanzania
10770840.0,KHATALA,Neheng,91378,Lesotho
10782969.0,KUNITAKE,Hiroaki,91769,Japan
10782970.0,TOBITA,Ruki,91769,Japan
10795008.0,NIYOMUKUNZI,Francine,92934,Burundi
10795009.0,ELGENDY,Ahmed,92065,Egypt
10795012.0,SHABAN,Mohanad,92065,Egypt
10795014.0,TINDOUFT,Mohamed,91445,Morocco
10795034.0,GUEM,Abraham,101940,South Sudan
10795058.0,TESFAY,Berhane,97583,Eritrea
10795082.0,TESFU,Dolshi,97583,Eritrea
10795100.0,DESGAGNÉS,Jean-Simon,91425,Canada
10795111.0,LUMB,Kieran,91425,Canada
10795136.0,GARCÍA,Mario,95223,Spain
10795146.0,OUTALHA,Mohcin,91445,Morocco
10795159.0,KWIZERA,Rodrigue,92934,Burundi
10795160.0,MPHAHLELE,Ryan,91331,South Africa
10795170.0,KISSA,Stephen,91575,Uganda
10795173.0,HOFBAUER,Trevor,91425,Canada
10795196.0,TAHIRI,Rahma,91445,Morocco
10795197.0,CHELANGAT,Sarah,91575,Uganda
10795213.0,YIMER,Zeineba,94034,Ethiopia
10819342.0,GORNOSTAEVA,Anastasia,201575,ROC
10819351.0,SHEPILENKO,Anastasiya,91072,Ukraine
10819368.0,USTA,Berkin,91753,Türkiye
10819375.0,DELLA MEA,Lara,96391,Italy
10819379.0,HARUTYUNYAN,Harutyun,94097,Armenia
10819402.0,VINATZER,Alex,96391,Italy
10819421.0,LAINE,Tormis,92294,Estonia
10819432.0,SHERINA,Natalia,201529,ROC
10831625.0,ETXEZARRETA,Adur,94489,Spain
10831633.0,JOCHER,Simon,92764,Germany
10831655.0,GRILLET AUBERT,Jade,92112,France
10831666.0,MORENO,Cande,95227,Andorra
10831677.0,PYJAS,Pawel,91500,Poland
10831682.0,MORAVCIKOVA,Sona,92115,Slovakia
10831691.0,MILLER,Asa,93356,Philippines
10831700.0,FLAHERTY,Charles,94083,Puerto Rico
10831701.0,ARNOUK,Cezar,94019,Lebanon
10843923.0,SEROKHVOSTOV,Daniil,201554,ROC
10843954.0,HACHISUKA,Asuka,94485,Japan
10868086.0,PLETIKOS,Lin,89931,Slovenia
10868120.0,OLVERA,Osmar,95164,Mexico
10880216.0,BAHMANYAR ESTALKHBEJARI,Sara,16129,Iran
10892495.0,KERR,Hamish,95176,New Zealand
10892498.0,HAYWARD,Katie,96375,Australia
10892522.0,BISSET,Catriona,96375,Australia
10892703.0,MCTAGGART,Olivia,95176,New Zealand
10892707.0,NEWTON-SMITH,Camryn,96375,Australia
10892874.0,ZHOYA,Sasha,91520,France
10905021.0,MOUHIIDINE,Aziz Abbes,9867,Italy
10905388.0,TANAKA,Yuuki,92033,Japan
10905393.0,REZANEJAD HASSANJANI,Amir,233516,Refugee Olympic Team
10905518.0,CAI,Alex,15073,Canada
10905616.0,JEON,Hayoung,15947,Republic of Korea
10905677.0,CATANTAN,Samantha Kyle,12424,Philippines
10905684.0,CHOI,Sebin,15947,Republic of Korea
10905692.0,DAYIBEKOVA,Zaynab,15980,Uzbekistan
10917737.0,THOMASBERGER,David,92362,Germany
10918042.0,ABOUKE,Nancy Genzel,91847,Nauru
10918045.0,HUBBARD,Laurel,92250,New Zealand
10930090.0,FEAIN-RYAN,Cara,96375,Australia
10930125.0,AYRIS,Imogen,95176,New Zealand
10930363.0,RATCLIFFE,Stephanie,96375,Australia
10954485.0,OLTIBOEV,Bekmurod,14612,Uzbekistan
10954490.0,TZELI,Fani,11103,Greece
10954497.0,VÁZQUEZ,Aranza,95164,Mexico
10954498.0,BERLÍN,Kevin,95164,Mexico
10966816.0,HRISTOV,Hristo,92566,Bulgaria
10967111.0,ABDULLAH,Rahmat,92101,Indonesia
10967124.0,MASSIDDA,Sergio,92758,Italy
10967133.0,MANUMUA,Kuinini,92883,Tonga
10967134.0,FAYZULLAEVA,Kumushkhon,91572,Uzbekistan
10967142.0,CAMBEI,Mihaela Valentina,96396,Romania
10967190.0,JABBOROVA,Tursunoy,91572,Uzbekistan
10979608.0,MKHEIDZE,Luka,11142,France
10991762.0,COLOMBOTTO ROSSO,Lucrezia,91739,Italy
11003917.0,HODGES,Chelsea,91357,Australia
11040044.0,KAWAZOE,Kaori,91841,Japan
11040084.0,IM,Sungjae,91969,Republic of Korea
11052200.0,BROWN,Sky,98385,Great Britain
11076327.0,DEVILLARD,Coline,95194,France
11076331.0,NISHIMURA,Aori,101350,JPN
11076347.0,STADELMANN,Jenjira,8815,Switzerland
11076503.0,PIETRUK,Aleksandra,90517,Poland
11076515.0,JANSSEN,Anna,91640,Germany
11076532.0,JEDRZEJEWSKI,Camille,90493,France
11076539.0,LEONE,Chiara,94504,Switzerland
11076571.0,KAPS,Jessie,91560,Belgium
11076573.0,KIROV,Kiril,91609,Bulgaria
11076576.0,KOWALEWICZ,Maciej,90517,Poland
11076600.0,TARHAN,Sevval Ilayda,92561,Türkiye
11076606.0,WALTER,Robin,91640,Germany
11088887.0,CABEÇA,José,95904,Portugal
11113036.0,GORANOVA,Ivet,12014,Bulgaria
11125571.0,SONG,Yiling,100110,China
11149682.0,LOBALU,Dominic Lokinyomo,157941,Refugee Olympic Team
11149690.0,OMURWA,Ferdinand,95235,Kenya
11210584.0,BENZ,Nina,91399,Germany
11210647.0,METELLUS,Philippe Abel,16590,Haiti
11234819.0,ROMERO ROSARIO,Noemi,95768,Spain
11234882.0,PERZAMANOS,Zak,91329,Great Britain
11235098.0,DELL OLIO,Matias,97836,Argentina
11235140.0,CARO,Angelo,94348,Peru
11235183.0,VIANNA,Giovanni,101346,BRA
11235190.0,MAZETTO,Gabriela,101346,BRA
11235236.0,IGLESIAS,Mauro,97836,Argentina
11235291.0,LEAL,Rayssa,101346,BRA
11295902.0,WHYTE,Kye,101308,Great Britain
11295922.0,KIPRUTO,Benson,95235,Kenya
11295930.0,BOLLE CARRILLO,Gabriela,97795,Colombia
11320119.0,SHABAN,Alzahraa,92077,Egypt
11320136.0,MAKKAR,Youssef Helmy,92077,Egypt
11320146.0,DENG,Yu-cheng,91526,Chinese Taipei
11320150.0,MARTINEZ,Bruno,95784,Mexico
11320166.0,EGOROV,Vladimir,10232,North Macedonia
11332238.0,STEEN,Jordan,10824,Canada
11332242.0,MIKAMI,Sayaka,95252,Japan
11332263.0,ERLAM,Margo,94084,Canada
11344406.0,ABDELAZIZ,Abdalla Mamduh,13582,Egypt
11344410.0,ABDELAZIZ,Feryal,13582,Egypt
11381287.0,LACK,Saskja,96896,Switzerland
11393574.0,ROOSKRANTZ,Caitlin,96890,South Africa
11393605.0,DARIES,Naveen,96890,South Africa
11393626.0,HOYLE,Jacob,12029,United States
11393709.0,CARGO,Palma,92084,Croatia
11393761.0,ZOU,Wanhao,12066,China
11393807.0,YAO,Bianwa,93744,China
11393824.0,BARRONDO,Bernardo,91589,Guatemala
11393828.0,HINCKEL,Tainá,99976,Brazil
11457414.0,SAITO,Marina,91841,Japan
11457420.0,WU,Ruiting,89910,China
11457423.0,TADA,Shuhei,91841,Japan
11470035.0,AKHAIMOVA,Liliia,194642,ROC
11470036.0,KURBANOV,Nariman,91510,Kazakhstan
11470061.0,YULDOSHEV,Murodjon,14612,Uzbekistan
11482672.0,SMOLONSKIS,Ruslans,89947,Latvia
11482673.0,KARIMI,Milad,91510,Kazakhstan
11482750.0,SOBCHUK,Olena,91581,Ukraine
11482758.0,LIU,Qi,91404,China
11482919.0,ORSONI,Riccardo,91594,Italy
11495910.0,SEDAGHAT,Mahyar,93115,Iran
11495938.0,MEYER,Geovana,90500,Brazil
11495948.0,BAE,Sanghee,92351,Republic of Korea
11495962.0,ISLAM,Robiul,91728,Bangladesh
11521444.0,TORRES GUTIERREZ,Ariel,13567,United States
11521719.0,AZHIKANOV,Nurkanat,9944,Kazakhstan
11548810.0,PARRY,Diane,10472,France
11561539.0,PALMER,Keegan,98724,AUS
11561540.0,ROZENBERG HALLBERG,Oskar,95122,Sweden
11561542.0,WRIGHT,Zion,93865,United States
11574361.0,SHAHEEN,Nigara,62303,Refugee Olympic Team
11574523.0,HOANG,Thi Tinh,11265,Vietnam
11574525.0,MAAN,Tulika,12401,India
11587546.0,MCDONALD,Kate,92756,Australia
11587652.0,KHATTALI,Ghailene,97313,Tunisia
11587677.0,KASPERCZAK,Kamil,92767,Poland
11600304.0,BENITEZ,Andrea,103573,Spain
11600314.0,WILSON,Hayley,98724,AUS
11600345.0,FRICKER,Sam,91751,Australia
11613000.0,NOMENJANAHARY,Damiella,11023,Madagascar
11613012.0,WOOLLEY,Kieran,98724,AUS
11613027.0,BATMUNKH,Bolor-Erdene,11298,Mongolia
11613065.0,MUCUNGUI,Diassonema,12996,Angola
11613094.0,ANDREW,Joshter,9442,Guam
11613130.0,HERNANDEZ,Hailey,91613,United States
11613176.0,POWELL,Haylie,98724,AUS
11613177.0,TREW,Ruby,98724,AUS
11625955.0,MUSOLESI,Federico,91529,ITA
11626023.0,GOMBOEVA,Svetlana,194612,ROC
11638609.0,DO NASCIMENTO,Rodrigo,96363,Brazil
11638612.0,MORAIS,Welington,96363,Brazil
11638770.0,TAKAHASHI,Giulia,14615,Brazil
11651458.0,ZWETSLOOT,Roos,101323,Netherlands
11664127.0,SHIN,Yubin,10094,Republic of Korea
11676840.0,ADILKHANOVA,Alina,95766,Kazakhstan
11677095.0,DOMINGOS,Bárbara,96939,Brazil
11677096.0,KITA,Sumire,94637,Japan
11677165.0,BRUCE,Kyle,89937,Australia
11689813.0,TOGAMI,Shunsuke,11940,Japan
11727934.0,FANIEL,Eyob,91594,Italy
11727940.0,HIDALGO,Miguel,91768,Brazil
11727949.0,ZHUK,Iryna,91502,Belarus
11727951.0,KINYAMAL,Wycliffe,95235,Kenya
11740602.0,RABOUTOU,Brooke,94728,United States
11740611.0,GROSSMAN,Natalia,94728,United States
11753292.0,KERYHUEL,Jeremy Fafa,9881,Côte d'Ivoire
11753311.0,ILARDI,Jake,93865,United States
11753314.0,PAALAM,Carlo,11151,Philippines
11753329.0,OHTA,Riyu,94015,Japan
11753359.0,HANY,Noha,15341,Egypt
11753386.0,BATUROV,Bobo Usmon,10259,Uzbekistan
11753425.0,MAZZARA,Alessandro,94730,ITA
11753455.0,YAVI,Winfred,95288,Bahrain
11766104.0,LAPPALAINEN,Sara,92122,Finland
11766167.0,STEFANOWICZ,John,12055,United States
11766172.0,KIM,Bomi,92351,Republic of Korea
11766233.0,WIFFEN,Daniel,92224,Ireland
11766233.0,WIFFEN,Daniel,102118,Ireland
11766295.0,NIEMANN,Joaquín,92999,Chile
11778933.0,HAMDI,Sarra,11168,Tunisia
11778939.0,GUENNICHI,Amine,11168,Tunisia
11778951.0,HE,Junyi,91428,China
11778955.0,LØYNING,Ingeborg,89949,Norway
11842536.0,CAMPBELL,Luke,94474,Germany
11842547.0,SKVARTSOVA,Viyaleta,91502,Belarus
11842560.0,PIMENTA,Larissa,11177,Brazil
11842565.0,MUSIYENKO,Ihor,91581,Ukraine
11842568.0,GLADIICHUK,Iana,91581,Ukraine
11842576.0,BIRON,Gilles,91520,France
11842578.0,PETRŽILKOVÁ,Tereza,91602,Czech Republic
11842839.0,MARTINEZ,Paulina,16588,Mexico
11842871.0,BOGLIOLO,Luminosa,91594,Italy
11855680.0,PETERS,Jacob,95254,Great Britain
11855708.0,NDOYE BROUARD,Yohann,89925,France
11855715.0,WEBER,Anja,92781,Switzerland
11855766.0,EIM,Nina,91498,Germany
11855772.0,BATISTA,Ricardo,92102,Portugal
11855773.0,SLUPEK,Roksana,96299,Poland
11855777.0,LØVSETH,Solveig,93022,Norway
11855782.0,KAINDL,Tjebbe,96385,Austria
11868567.0,RIVERA FIGUEROA,Yankiel,12026,Puerto Rico
11868629.0,OLIVEIRA,Wanderson,12407,Brazil
11881379.0,CLARK,Wyndham,94484,United States
11894105.0,ELLIS,Kendall,91849,United States
11894111.0,FRIEDRICH,Lea Sophie,90116,Germany
11894144.0,DJURAEV,Akbar,91572,Uzbekistan
11894178.0,TSIKHANTSOU,Yauheni,92249,Belarus
11894178.0,TSIKHANTSOU,Yauheni,218425,AIN
11894251.0,ALMOSAWI,Sayed Mohammad,13304,Kuwait
11919871.0,MACNEIL,Maggie,91621,Canada
11919899.0,APPLE,Zach,95184,United States
11920258.0,REUSSER,Marlen,95642,Switzerland
11933153.0,CHUGAY,Andrey,91484,Kazakhstan
11946216.0,GRIMM,Vanessa,94474,Germany
11946233.0,VALJALO,Brandon,101489,South Africa
11946269.0,ADOLF,Balázs,95242,Hungary
11946520.0,KIGEN,Benjamin,95235,Kenya
11959375.0,HOLLOWAY,Grant,91849,United States
11959383.0,BROWN,Brittany,91849,United States
11959388.0,RODRIGUES,Eduardo,96363,Brazil
11959407.0,ALLEN,CJ,91849,United States
11959415.0,SMITH-BARNETT,Destiny,92944,Liberia
11959425.0,DINCOFF,Rachel,91849,United States
11959431.0,HILTZ,Nikki,91849,United States
11959491.0,LUDWIG,Matt,91849,United States
11959541.0,SCHWEIZER,Karissa,91849,United States
11959560.0,GOLUBOVIC,Daniel,96375,Australia
11959583.0,JEWETT,Isaiah,91849,United States
11959663.0,SAN MARTÍN,Carlos,91368,Colombia
11959705.0,WEIL,Martina,91472,Chile
11959706.0,GRANJA,Mary Zenaida,91997,Ecuador
11959714.0,YOUNG,Clayton,91849,United States
11959716.0,HIEBERT,Xenia,97584,Paraguay
11972690.0,BARKHORDARI,Mehran,8775,Iran
12011617.0,FIEDKIEWICZ,Kornelia,94476,Poland
12011620.0,CHENG,Ching Yin,91592,"Hong Kong, China"
12011650.0,COCCONCELLI,Costanza,91971,Italy
12011662.0,MEW JENSEN,Scarlett,89933,Great Britain
12011674.0,SHKURDAI,Anastasiya,233512,Individual Neutral Athlete
12011674.0,SHKURDAI,Anastasiya,92082,Belarus
12011832.0,ROGORA,Laura,101328,Italy
12011834.0,AVEZOU,Sam,94965,France
12011837.0,EVANS,Angharad,95254,Great Britain
12011839.0,BARZELAY,Aviv,92897,Israel
12011847.0,POLONSKY,Lea,92897,Israel
12011848.0,GRABOWSKI,Lena,96377,Austria
12011908.0,TEN HAVE,Veerle,90495,New Zealand
12011910.0,HARPER,Yasmin,89933,Great Britain
12011929.0,BIGINELLI,Maia,94640,Italy
12011944.0,CIFTCI,Ibrahim,15318,Türkiye
12011949.0,KOLIADENKO,Iryna,12441,Ukraine
12012023.0,GEREVINI,Sveva,91594,Italy
12012030.0,UME,John,12067,Papua New Guinea
12025163.0,BWOGI,Musa,15065,Uganda
12025166.0,SAKOBI,Matshu Marcela,8818,DR Congo
12025310.0,BELAHBIB,Oumayma,12961,Morocco
12025312.0,KHELIF,Hadjila,8778,Algeria
12038446.0,BIRD,Kieran,95254,Great Britain
12038455.0,SOMOV,Evgeniy,233512,Individual Neutral Athlete
12038456.0,MALYUTIN,Martin,194639,ROC
12038458.0,WILSON,Alicia,95254,Great Britain
12038480.0,MITYUKOV,Roman,91334,Switzerland
12038484.0,TETEREVKOVA,Kotryna,90494,Lithuania
12038496.0,KALUSOWSKI,Jan,94476,Poland
12038497.0,LOPES,José,91070,Portugal
12038501.0,DEAN,Tom,95254,Great Britain
12038526.0,DEPLANO,Leonardo,91971,Italy
12038534.0,NØRGAARD,Alexander,91774,Denmark
12038538.0,DJAKOVIC,Antonio,91334,Switzerland
12038545.0,GERCHIK,David,92897,Israel
12038549.0,KESYL,Denys,89938,Ukraine
12038556.0,BURDISSO,Federico,91971,Italy
12038559.0,COHEN GROUMI,Gal,92897,Israel
12038577.0,MALUKA,Ieva,91552,Latvia
12038590.0,LAITAROVSKY,Michael,92897,Israel
12038599.0,PONTI,Noè,91334,Switzerland
12038602.0,POLONSKY,Ron,92897,Israel
12038606.0,BUCHER,Simon,96377,Austria
12038612.0,CAMPOS,Tiago,99627,Portugal
12038646.0,OSMANOV,Adil,8793,Moldova
12038697.0,EICH,Daniel,14596,Switzerland
12038719.0,SHERIFOVSKI,Edi,15707,North Macedonia
12038767.0,SULAMANIDZE,Ilia,8808,Georgia
12038784.0,BEKAURI,Lasha,8808,Georgia
12038836.0,VAN LIESHOUT,Joanne,8805,Netherlands
12038839.0,KRISTO,Katarina,9414,Croatia
12038842.0,FAZLIU,Laura,15822,Kosovo
12038860.0,GOSHEN,Maya,11985,Israel
12038921.0,VEG,Zsombor,11982,Hungary
12052086.0,AL-KAABI,Fatimah,93465,Iraq
12052089.0,SIMOTWO,Charles Cheboi,95235,Kenya
12052105.0,HOBERG,Alex,96380,Australia
12052128.0,BHANWALA,Anish,94600,India
12052131.0,BABUTA,Arjun,94600,India
12052132.0,CHEEMA,Arjun Singh,94600,India
12052137.0,NIELSEN,Anna,95250,Denmark
12052139.0,QUEZADA,Carlos,91418,Mexico
12052142.0,TSOLMONBAATAR,Anudari,94501,Mongolia
12052150.0,VALARIVAN,Elavenil,94600,India
12052164.0,SAURABH,Chaudhary,94600,India
12052175.0,ZHANG,Changhong,92331,China
12052176.0,ABELN,Katelyn,95182,United States
12052190.0,DUESTAD,Jeanette Hegg,91321,Norway
12052195.0,GUTIÉRREZ,Marcelo,91973,Argentina
12052197.0,HEGG,Jon-Hermann,91321,Norway
12052200.0,KRYZS,Lucas,90493,France
12052206.0,LEVERETT,Henry,95182,United States
12052207.0,LEVERETT,Jack,95182,United States
12052209.0,MALINOVSKIY,Konstantin,92879,Kazakhstan
12052214.0,NAKAGUCHI,Haruka,91618,Japan
12052218.0,PETER,Florian,91640,Germany
12052219.0,PHURIHIRANPHAT,Isaranuudom,91361,Thailand
12052226.0,SOLARI,Jason,94504,Switzerland
12052258.0,CHO,Yeongjae,92351,Republic of Korea
12052314.0,TOKHIROVA,Mukhtasar,95213,Uzbekistan
12052387.0,FITI,Scott James,95798,Micronesia
12052392.0,HARRIS,Jonah,92287,Nauru
12052410.0,BEU,Leonie,97582,Papua New Guinea
12052422.0,FOTOFILI,Ronald,92947,Tonga
12065546.0,SAWADOGO,Faysal,11096,Burkina Faso
12065561.0,FOFANA,Seydou,12153,Mali
12105018.0,RESTIVO,Matteo,91971,Italy
12105033.0,SOUSA,Catarina,98160,Angola
12105034.0,BELO,Imelda,103603,Timor-Leste
12105036.0,SZABÓ,Szebasztián,94021,Hungary
12105044.0,PALMER,Krysta,91613,United States
12105051.0,GOMES,Filipe,92816,Malawi
12105112.0,RUIZ,Prisis,91604,Cuba
12105116.0,ZSOMBOR-MURRAY,Nathan,94084,Canada
12105160.0,FISHER-MARSTERS,Kirsten,93381,Cook Islands
12105162.0,KIHLENG,Kestra,92164,Micronesia
12105164.0,ODLUM-SMITH,Jayhan,95807,Saint Lucia
12105176.0,BUARISH,Yousif,96246,Saudi Arabia
12105177.0,RADJI,Nafissath,92802,Benin
12105183.0,KINONO,Phillip,96248,Marshall Islands
12105184.0,WU,Qingfeng,91428,China
12105188.0,CHARLEMAGNE,Mikaili,95807,Saint Lucia
12105191.0,UMUHOZA UWASE,Lidwine,93157,Rwanda
12105194.0,ROBINSON,Adrian,96258,Botswana
12118482.0,MITTON,Sarah,91425,Canada
12131623.0,KAUR,Kamal Preet,91760,India
12131642.0,AL YAARI,Ahmed,92941,Yemen
12131652.0,DE DEUS,Felisberto,101305,Timor-Leste
12131697.0,CHAUDHARY,Parul,91760,India
12131714.0,HATA,Sumire,91841,Japan
12144915.0,TOOR,Tajinder Pal Singh,91760,India
12144940.0,DUBOIS,Caroline,10820,Great Britain
12144949.0,SORRENTINO,Giordana,9867,Italy
12144955.0,AKBAS,Hatice,12437,Türkiye
12144956.0,TRIEBELOVA,Jessica,14616,Slovakia
12144981.0,ZHU,Yaming,89910,China
12145092.0,CACIC,Nikolina,15987,Croatia
12145120.0,HEIJNEN,Chelsey,15965,Netherlands
12145140.0,NICOLI,Rebecca,9867,Italy
12158275.0,BURNET,Taymir,91854,Netherlands
12158277.0,MÉTRAUX,Morgane,93404,Switzerland
12158281.0,ZHANG,Mengyu,11984,China
12185054.0,GAYLE,Tajay,95237,Jamaica
12198250.0,JEANJEAN,Anthony,171703,France
12198265.0,DHERS,Daniel,178979,Venezuela
12198268.0,BROOKS,Declan,183294,Great Britain
12198278.0,TORRES,Jose Augusto,173014,Argentina
12198281.0,RIZAEV,Irek,195595,ROC
12198295.0,TENCIO,Kenneth,171707,Costa Rica
12198300.0,MARTIN,Logan,172336,Australia
12198301.0,POSADSKIKH,Elizaveta,195595,ROC
12198303.0,ROBERTS,Hannah,177723,United States
12198305.0,RANTEŠ,Marin,172334,Croatia
12198314.0,BRUCE,Nick,177723,United States
12198326.0,ZEBOLDS,Ernests,178976,Latvia
12198327.0,DUCARROZ,Nikita,171980,Switzerland
12198328.0,PÉREZ,Macarena,171708,Chile
12224690.0,FREY,Géraldine,95229,Switzerland
12224710.0,ADEGOKE,Enoch,97539,Nigeria
12224716.0,ZAZINI,Sokwakhana,91331,South Africa
12224717.0,DÍAZ,Jordan,95223,Spain
12224719.0,KOKHAN,Mykhaylo,91581,Ukraine
12224721.0,MATHEUS,Melany,89943,Cuba
12224723.0,MALÍKOVÁ,Barbora,91602,Czech Republic
12224734.0,NIU,Chunge,89910,China
12224736.0,MO,Jiadie,89910,China
12224743.0,DAI,Qianqian,89910,China
12224745.0,SUN,Yue,89910,China
12224746.0,MORALES,Silinda,89943,Cuba
12224750.0,ANDERSON,Britany,95237,Jamaica
12224753.0,WEGNER,Dawid,96888,Poland
12224755.0,VICENTE,María,95223,Spain
12224757.0,STEFANOWICZ,Magdalena,96888,Poland
12224762.0,DOS SANTOS,Alison,96363,Brazil
12224766.0,LESCAY,Lester,89943,Cuba
12224777.0,MAHUCHIKH,Yaroslava,91581,Ukraine
12224778.0,GELDENHUYS,Zenéy,91331,South Africa
12224788.0,DA SILVA,Chayenne,96363,Brazil
12224790.0,MOREJÓN,Glenda,91997,Ecuador
12224792.0,MARTINS,Lorraine,96363,Brazil
12224793.0,TORRES,Paula,91997,Ecuador
12224817.0,CHEPAREVA,Elvira,192506,ROC
12224823.0,BROSSIER,Amandine,91520,France
12224834.0,POLAK,Eleni-Klaoudia,97537,Greece
12224846.0,WESSOLLY,Jessica-Bianca,94474,Germany
12224856.0,HOFFMANN,Lore,95229,Switzerland
12224875.0,BECKER,Sophie,96910,Ireland
12224891.0,DE SOUSA,Agate,91452,Portugal
12224910.0,GOGOIS,Thomas,91520,France
12224911.0,ESSAYI,Anass,91445,Morocco
12224922.0,DALMERO,Arnovis,91368,Colombia
12224981.0,CHEBET,Beatrice,95235,Kenya
12225018.0,LARREGINA,Elián,94602,Argentina
12225020.0,CANALES,Elvin Josué,95223,Spain
12225022.0,LLOPIS,Enrique,95223,Spain
12225024.0,PORTILLO,Erick,93121,Mexico
12225025.0,CARDOSO,Erik,96363,Brazil
12225074.0,ORTIZ,José Eduardo,91589,Guatemala
12225085.0,JEBITOK,Edinah,95235,Kenya
12225131.0,NEUGEBAUER,Leo,94474,Germany
12225132.0,BETT,Leonard Kipkemoi,95235,Kenya
12225149.0,NBERET,Melese,94034,Ethiopia
12225156.0,MENGESHA,Milkesa,94034,Ethiopia
12225165.0,RAYHAN,Mohammad Jahir,92614,Bangladesh
12225191.0,CHELIMO,Oscar,91575,Uganda
12225206.0,WANG,Qi,89910,China
12225241.0,MAKARAWU,Tapiwanashe,92313,Zimbabwe
12225276.0,HAILU,Lemlem,94034,Ethiopia
12225283.0,BENHADJA,Loubna,95764,Algeria
12225299.0,MORAA,Mary,95235,Kenya
12225300.0,ANDÍA,Mary Luz,92612,Peru
12225314.0,DESTA,Netsanet,94034,Ethiopia
12225315.0,CAICEDO,Nicole,91997,Ecuador
12225318.0,VARGAS,Noelia,94607,Costa Rica
12225334.0,CHUKWUMA,Rosemary,97539,Nigeria
12225339.0,GREBO,Shana,91520,France
12225362.0,LAVSKYY,Vladyslav,91581,Ukraine
12225363.0,PINNOCK,Wayne,95237,Jamaica
12225394.0,MOTA,Yoveinny,91508,Venezuela
12225452.0,ÅBERG,Ludvig,94090,Sweden
12225467.0,HØJGAARD,Nicolai,92568,Denmark
12225474.0,BABNIK,Pia,93184,Slovenia
12238616.0,ABDELWAHED,Ahmed,91594,Italy
12238736.0,BERTAGNOLI,Pietro,93601,Italy
12238747.0,SÁNCHEZ-VALLADARES,Pablo,95223,Spain
12238797.0,COHEN,Adva,94450,Israel
12238823.0,MAAROUFOU,Hachim,92146,Comoros
12238834.0,MUSAH,Kojo,89902,Denmark
12238869.0,ROJO,Yago,95223,Spain
12252190.0,KORIR,Emmanuel Kipkurui,95235,Kenya
12291549.0,QIN,Haiyang,91428,China
12304809.0,NOVOTNA,Veronika,91312,Czech Republic
12304820.0,VAN DEN BOSSCHE,Fabio,89895,Belgium
12304838.0,HOCEVAR,Eva Alina,94020,Slovenia
12304850.0,SERRANO,Franco,92232,Argentina
12305055.0,HUG,Angele,91449,France
12305276.0,JAWAID,Marlena,95186,Sweden
12318445.0,LEVAJAC,Dimitrije,14056,Serbia
12331780.0,BEN YESSOUF,Tekiath,10229,Niger
12358032.0,BLAYVAS,Anastasia,8785,Germany
12358122.0,LOSONCZI,Dávid,10255,Hungary
12358182.0,RINGACI,Irina,11956,Moldova
12358215.0,LEFTER,Radu,11956,Moldova
12358273.0,MONTERO,Ludia,92916,Cuba
12358282.0,LUDRICK RIVAS,Sema,94480,Nicaragua
12384585.0,EIBL,Ronja,91399,Germany
12384626.0,KENNEDY,Izaac,98010,Australia
12384632.0,AVONDETTO,Simone,91031,Italy
12384641.0,STIGGER,Laura,90478,Austria
12384656.0,LARSEN,Kamren,101310,United States
12384669.0,SUKPRASERT,Komet,93899,Thailand
12384907.0,TAUSON,Clara,10478,Denmark
12385009.0,JAFAROV,Hasrat,15944,Azerbaijan
12385070.0,BISULTANOV,Turpal Ali,11126,Denmark
12398347.0,KHERIS,Amira,93095,Algeria
12398404.0,CORDOVA,Jose,92231,Cuba
12398484.0,GREEN,Thomas,91723,Australia
12398499.0,KONIJN,Selma,92363,Netherlands
12424826.0,LAZKANO,Oier,95650,Spain
12424851.0,LUDWIG,Hannah,98857,Germany
12424941.0,BOUSSETTA,Siwar,11168,Tunisia
12424943.0,PARRISH,Dominique,12055,United States
12424973.0,USTUROL,Vasile,10207,Belgium
12438130.0,WIEBES,Lorena,99397,Netherlands
12438168.0,NAKANO,Shinji,94015,Japan
12438241.0,HOCKOVÁ,Vanesa,96946,Slovakia
12451417.0,BJELJAC,Bojana,91770,Croatia
12451439.0,SARUNI,Michael,95235,Kenya
12464581.0,ZHUMANAZAROVA,Meerim,12072,Kyrgyzstan
12464591.0,EMAMICHOGHAEI,Yones,11181,Iran
12464599.0,DIRKS,Samantha,92284,Belize
12464620.0,HUSSEN,Amr Reda Ramadan,10246,Egypt
12464722.0,AR-RASYID,Muhammad Noor Firdaus,92290,Brunei Darussalam
12464833.0,CHIARELLA,Florencia,92915,Peru
12464981.0,MOWATT,Kemar,95237,Jamaica
12464982.0,EL AARABY,Mohamed Reda,91445,Morocco
12464983.0,BARRIE,Maggie,92119,Sierra Leone
12464998.0,SARLAK,Alireza,11181,Iran
12465002.0,NAIFONOV,Artur,194581,ROC
12465011.0,BAT-OCHIR,Bolortuya,8817,Mongolia
12465017.0,AKMATALIEV,Ernazar,12072,Kyrgyzstan
12465023.0,SHAPIEV,Javrail,12967,Uzbekistan
12465025.0,ENKHSAIKHAN,Delgermaa,8817,Mongolia
12465068.0,SANCHEZ RODRIGUEZ,Yudari,12406,Cuba
12465100.0,SCHWINGENSCHLÖGL,Fabian,92362,Germany
12465118.0,MARTINEZ,Alberto,100250,Spain
12465162.0,ENGLEZAKIS,Konstantinos,94631,Greece
12465180.0,ASP,Yndiara,101346,BRA
12465494.0,CAO,Liguo,15355,China
12478756.0,DAY,Riley,96375,Australia
12478760.0,FAN,Hau-Li,107898,Canada
12478771.0,ANGUS,Sophie,91621,Canada
12478778.0,OIWA,Chisaki,94637,Japan
12478825.0,STESS,Minna,93865,United States
12478826.0,CAREW,Tate,93865,United States
12478837.0,SYRITSA,Gleb,233517,Individual Neutral Athlete
12478871.0,FRANCISCO,Luiz,101346,BRA
12478873.0,VARELLA,Dora,101346,BRA
12478897.0,ANDERSON,Andy,103585,Canada
12478939.0,CINI,Luigi,101346,BRA
12478950.0,QUINTAS,Pedro,101346,BRA
12492130.0,JARMAN,Jake,94067,Great Britain
12492140.0,MORGAN,Amelie,94067,Great Britain
12492161.0,TEFERA,Samuel,94034,Ethiopia
12505957.0,MINAKOV,Andrei,194639,ROC
12506079.0,ZOMBORI,Gábor,94021,Hungary
12506087.0,HANSON,Robin,91826,Sweden
12506093.0,SCHWARZ,Sven,92362,Germany
12506095.0,TOMAC,Mewen,89925,France
12506099.0,GORBENKO,Anastasya,92897,Israel
12506154.0,CORBEAU,Caspar,95179,Netherlands
12506175.0,CEJKA,Jan,96908,Czech Republic
12506178.0,DAMASIOTI,Georgia,94631,Greece
12506328.0,TAKÁCS,Boglárka,91810,Hungary
12506329.0,SCICLUNA,Carla,95815,Malta
12519503.0,CONNOLLY,Ella,96375,Australia
12519587.0,NGAYAP HAMBOU,Maxime Gael,11142,France
12559835.0,D'AMATO,Alice,94443,ITA
12559836.0,D'AMATO,Asia,94443,ITA
12559839.0,IORIO,Elisa,94443,ITA
12559859.0,FRIESS,Aline,95194,France
12559862.0,BACSKAY,Csenge Maria,96368,Hungary
12559879.0,SAVRANBASI,Nazli,93662,Türkiye
12560214.0,YILDIZ,Salih,11164,Türkiye
12560215.0,GASSNER,Samuel,12037,Austria
12560238.0,KARTSEV,Aleksandr,194642,ROC
12560308.0,WISE,Alex,91625,Great Britain
12560354.0,MADZHIDOV,Dzhakhongir,12968,Tajikistan
12560398.0,SCHIMIDT,Guilherme,11177,Brazil
12560451.0,KIM,Min-Jong,11135,Republic of Korea
12560454.0,LIMA,Willian,11177,Brazil
12560476.0,TUROBOYEV,Muzaffarbek,14612,Uzbekistan
12560502.0,MUN,Song Hui,11946,DPR Korea
12560626.0,TEROL,Daniela,103573,Spain
12560642.0,BENEDETTI,Julia,103573,Spain
12573836.0,LILLEFOSSE,Pål Haugen,94497,Norway
12573979.0,SIMONS,Kenzo,95179,Netherlands
12573997.0,ZARBO,Alessia,91520,France
12573998.0,VAN DAALEN,Alida,91854,Netherlands
12574018.0,DUCOS,Clément,91520,France
12574041.0,BUARÓ,Pedro,91452,Portugal
12574047.0,SPITZ,Lionel,95229,Switzerland
12574065.0,ROOTH,Markus,94497,Norway
12574227.0,BARSEGHYAN,Artur,96255,Armenia
12574229.0,MANUCHARYAN,Varsenik,96255,Armenia
12587434.0,DZEBISASHVILI,Goderdzi,9405,Georgia
12587585.0,SEDNEY,Zoë,91854,Netherlands
12587596.0,BRENNAN,Emmet,8807,Ireland
12587602.0,SMIAHLIKAU,Uladzislau,15957,Belarus
12587738.0,JOSEPH,Gémima,91520,France
12587778.0,ROOSEN,Sven,91854,Netherlands
12587808.0,ADELEKE,Rhasidat,96910,Ireland
12588166.0,MILTHERS,Sara,91060,Denmark
12601559.0,MORGAN,Annika,95203,Germany
12601574.0,KERÄNEN,Toni,92122,Finland
12601604.0,ÖZER,Kayhan,97543,Türkiye
12601636.0,TUAL,Gabriel,91520,France
12601645.0,REEKIE,Jemma,92761,Great Britain
12601651.0,CHAUSSINAND,Yann,91520,France
12601661.0,BLOMQVIST,Nathalie,92122,Finland
12601663.0,CAUDERY,Molly,92761,Great Britain
12601664.0,HEALY,Sarah,96910,Ireland
12601678.0,ZEZE,Ryan,91520,France
12601708.0,VICKTOR,Noah,95203,Germany
12601712.0,FITZSIMONS,Sean,92538,United States
12601725.0,OKUBO,Yuri,91769,Japan
12601784.0,ROBERT,Benjamin,91520,France
12601789.0,TECUCEANU,Catalin,91594,Italy
12601790.0,IHEMEJE,Emmanuel,91594,Italy
12601793.0,CÎSLARI,Constantin,94474,Germany
12601798.0,HOLÝ,David,91602,Czech Republic
12601807.0,KADDARI,Dalia,91594,Italy
12601833.0,FRANTZESKAKIS,Christos,97537,Greece
12601846.0,JUNNILA,Ella,92122,Finland
12601850.0,GUNNARSDÓTTIR,Erna Sóley,96911,Iceland
12601857.0,SABBATINI,Gaia,91594,Italy
12601871.0,JOSEPH,Jason,95229,Switzerland
12601902.0,NORDÅS,Narve Gilje,94497,Norway
12601943.0,CAVALLI,Ludovica,91594,Italy
12601981.0,EHAMMER,Simon,95229,Switzerland
12601994.0,NEMEJC,Tomáš,91602,Czech Republic
12602019.0,KAMGA,Vanessa,91373,Sweden
12602035.0,BLOMSTERBERG,Thea,91774,Denmark
12602065.0,KULICHENKO,Elena,96373,Cyprus
12602074.0,KAZIMIERSKA,Klaudia,96888,Poland
12602089.0,DOSI,Panagiota,97537,Greece
12602090.0,SKRZYSZOWSKA,Pia,96888,Poland
12628551.0,ARMIT,Josh,90495,New Zealand
12628565.0,YOSOZUMI,Sakura,101350,JPN
12628656.0,MCMAHON,Eve,94017,Ireland
12628660.0,BÜSSELBERG,Julia,92378,Germany
12628709.0,MAKRI,Marilena,91474,Cyprus
12641938.0,KOEPFER,Dominik,10473,Germany
12668913.0,PASEKA,Malia,16096,Tonga
12682506.0,POINTET,Léonie,95229,Switzerland
12695724.0,WHALEY,Jeffrey,171981,Canada
12721987.0,KIPKORIR,Nicholas,95235,Kenya
12735237.0,GUBANOVA,Anastasia,92007,Georgia
12762382.0,KOBORI,Waka,95181,Japan
12762406.0,GONCHE,Matheus,95178,Brazil
12762416.0,WILD,Cassie,95254,Great Britain
12762418.0,DOUGLASS,Kate,95184,United States
12762419.0,MACINNES,Keanna,95254,Great Britain
12762445.0,FOSTER,Carson,95184,United States
12762449.0,SMITH,Kieran,95184,United States
12762463.0,PALLISTER,Lani,91357,Australia
12762483.0,STRONG,Corbin,105593,New Zealand
12762484.0,FULTON,Shaane,94432,New Zealand
12762531.0,KIM,Eu-Ro,95046,Republic of Korea
12762571.0,MASTROMATTEO,Gabe,91621,Canada
12762577.0,MIROSLAW,Rafael,92362,Germany
12762587.0,NAZAROVA,Diana,97528,Kazakhstan
12762588.0,FORRESTER,Jenna,91357,Australia
12762863.0,SHAH,Alexander,98163,Nepal
12762879.0,DELGADO,Anicka,95277,Ecuador
12762883.0,PADRÓN,Beatriz,91371,Costa Rica
12762890.0,ROSAFIO,Danilo,93377,Kenya
12762919.0,KIRBY,Jack,91073,Barbados
12762920.0,WUILLIEZ,Jadon,93162,Antigua and Barbuda
12762921.0,FREEMAN,James,96258,Botswana
12762927.0,VARGAS,Joaquin,95748,Peru
12762933.0,MOTA,Kayky,95178,Brazil
12762952.0,KABBARA,Munzer,93369,Lebanon
12762960.0,HELPER,Kayla,96248,Marshall Islands
12762996.0,KUIPERS,Natalia,95310,Virgin Islands
12763060.0,MESTRE,Alberto,92607,Venezuela
12776386.0,LUO,Shuai,92896,China
12828851.0,ALVES LOPES,Marcia,93528,Cape Verde
12828980.0,SEMENENKO,Evgeniy,201550,ROC
12842168.0,TRUSOVA,Aleksandra,201550,ROC
12855278.0,ASIL,Adem,93662,Türkiye
12855281.0,PANGHAL,Amit,15995,India
12855296.0,FRASCA,Loris,95194,France
12868505.0,FERREIRA,Jacira,11019,Mozambique
12868518.0,LOZADA,Ashley,12026,Puerto Rico
12868525.0,FERREIRA,Beatriz,12407,Brazil
12868533.0,JONES,Oshae,12035,United States
12868535.0,THIBEAULT,Tammara,11980,Canada
12868548.0,MUNGANDU,Steven,12465,Zambia
12895158.0,LESSMANN,Lara,178974,Germany
12895160.0,DOWELL,Justin,177723,United States
12895428.0,MERABET,Abdelmalek,14574,Algeria
12895502.0,KUSAKA,Nao,15970,Japan
12895562.0,FAN,Xiaobing,96573,China
12921790.0,YECHSHENKO,Eduard,92879,Kazakhstan
12921803.0,SMITH,Austen,95182,United States
12921835.0,BARROS,Maria,90512,Portugal
12935034.0,VIDAURRE,Martín,96345,Chile
12935047.0,BLUNK,Savilia,94014,United States
12935097.0,KEEP,Tiffany,95044,South Africa
12935118.0,KAWAGUCHI,Urara,90473,Japan
12935139.0,MORONI,Camilla,101328,Italy
12935162.0,KALUCKA,Aleksandra,93919,Poland
12935279.0,POTOCAR,Luka,93883,Slovenia
12935325.0,TKACH,Yaroslav,101339,Ukraine
12948530.0,MOORS,Brooklyn,92018,Canada
12974846.0,LOZANO,Rafael,12428,Spain
13016945.0,RIDDLE,Jamie,91871,South Africa
13016953.0,HELLWIG,Tim,91498,Germany
13030074.0,ACERENZA,Domenico,91971,Italy
13030074.0,ACERENZA,Domenico,108272,Italy
13030105.0,HURSEY,Anna,15307,Great Britain
13030124.0,LY,Edward,9866,Canada
13043652.0,MOHAMED,Omar,91611,Egypt
13043672.0,FEDOROV,Yevgeniy,102341,Kazakhstan
13043703.0,CAMPBELL,Emily,91864,Great Britain
13043723.0,BROOKS,Aaron,12055,United States
13043845.0,BOLDSAIKHAN,Khongorzul,8817,Mongolia
13043849.0,YEPEZ GUZMAN,Lucia Yamileth,8779,Ecuador
13043895.0,SONAM,Sonam,11175,India
13043903.0,KAGAMI,Yuka,8797,Japan
13043905.0,SGHAIER,Zaineb,11168,Tunisia
13044021.0,KHALMATOV,Dilshot,11988,Ukraine
13044025.0,ABRAMOV,Erik,9851,Germany
13044120.0,SUGINO,Takaaki,94494,Japan
13070642.0,AMAISTROAIE,Madalina,96904,Romania
13083817.0,SALLSABILLAH,Rajiah,94940,Indonesia
13097613.0,JORGENSON,Matteo,95637,United States
13097628.0,SKJELMOSE,Mattias,95914,Denmark
13097664.0,EVENEPOEL,Remco,98863,Belgium
13124281.0,HERZOG,Peter,92900,Austria
13137672.0,CLANCY,Dean,8807,Ireland
13137705.0,AYKUTSUN,Kaan,12437,Türkiye
13137717.0,GALLAGHER,Jude,8807,Ireland
13137763.0,ALLAHVERDIYEV,Murad,11967,Azerbaijan
13179214.0,MOUM,Abderrahim,93455,Morocco
13205675.0,RUIU,Davide,92758,Italy
13205680.0,EL BOUCHTI,Oumaima,10788,Morocco
13205719.0,ROBU,Marin,92539,Moldova
13205752.0,YOU,Young,91042,Republic of Korea
13218892.0,ELTER,Tim,93496,Germany
13219037.0,VETTE,Saffi,92701,New Zealand
13245810.0,ALAIFURI,Salwan,94617,Iraq
13245815.0,AKMAL,Nurul,92101,Indonesia
13246076.0,AL-KHANJARI,Amur,93458,Oman
13246174.0,LUO,Shifang,92887,China
13246183.0,SUZUKI,Rira,91588,Japan
13259485.0,CAREY,Jade,92027,United States
13273532.0,WANG,Jianjiahe,91428,China
13273745.0,BALSINI,Matin,155330,Refugee Olympic Team
13273745.0,BALSINI,Matin,92965,Iran
13273747.0,DOUEIHY,Simon,93369,Lebanon
13313406.0,PAEGLIS,Laura,92749,AUS
13313416.0,JAJARABILLA,Mario Damian,96914,ARG
13313434.0,CANALES,Elia,97541,Spain
13313441.0,BARBELIN,Lisa,92105,FRA
13313450.0,TANG,Chih-Chun,91526,Chinese Taipei
13313504.0,LASSO,Erika,15695,Colombia
13313507.0,MORILLO,Moira,11020,Dominican Republic
13313520.0,ANESTOR,Sabiana,16590,Haiti
13313579.0,GALLARDO,Andres,91562,Chile
13313588.0,CAETANO,Ana Luiza,94061,BRA
13313594.0,PANGESTU,Arif,91839,Indonesia
13313609.0,ROJAS,Carlos,95784,Mexico
13313620.0,KAUFHOLD,Casey,92041,United States
13313653.0,WILLIAMS,Jack,92041,United States
13313655.0,DE SMEDT,Jarno,91630,Belgium
13313668.0,BARANKOVA,Denisa,94861,Slovakia
13313683.0,DE VELASCO,Ines,97541,Spain
13313754.0,TUMER,Berkim,91448,TUR
13313757.0,ROUX,Wian,92356,South Africa
13313758.0,WANG,Yan,94636,CHN
13313784.0,AN,San,91328,Republic of Korea
13313808.0,LONG,Xiaoqing,94636,CHN
13367325.0,THUZAR,Thet Htar,15366,Myanmar
13367337.0,GAN,Ching Hwee,89956,Singapore
13367418.0,CHHUN,Bunthorn,91043,Cambodia
13367557.0,PHA APHAY,Silina,95291,Laos
13406979.0,MINAMIDE,Taishin,104352,Japan
13433804.0,GUSTAFIAN,Fathur,93696,Indonesia
13499669.0,TOTI,Giovanni,10068,Italy
13499736.0,SLOMAN,Nick,103841,Australia
13499954.0,DAHAL,Prince,12979,Nepal
13499992.0,LI,Shifeng,15967,China
13500019.0,AN,Se-Young,10075,Republic of Korea
13500038.0,CILCIC,Elena,92539,Moldova
13500062.0,STERCKX,Nina,91992,Belgium
13500091.0,YUSUPOV,Alisher,14612,Uzbekistan
13500130.0,AIBEK UULU,Kubanychbek,15976,Kyrgyzstan
13500138.0,KIM,Jisu,11135,Republic of Korea
13500159.0,MAKHMADBEKOV,Somon,12968,Tajikistan
13500163.0,MOSAKHLISHVILI,Tristani,8771,Spain
13500216.0,PANARIN,Dmitriy,8796,Kazakhstan
13513438.0,ENGEBRÅTEN,Hallgeir,101293,Norway
13526895.0,DA COSTA,Ana,14016,Timor-Leste
13553639.0,DE JONG,Michelle,93590,Netherlands
13593943.0,HOTTENROTT,Laura,94474,Germany
13593973.0,FANTELLI,Lucrezia,92135,Italy
13594005.0,FURUNO,Satoshi,92019,Japan
13594117.0,MÜLLER,Tobias,94060,Germany
13594248.0,KIWAN,Rami Mofid,12432,Bulgaria
13594362.0,HARRIGAN,Abi,91375,Australia
13594363.0,EICHINGER,Aliah Delia,94060,Germany
13594389.0,MCMILLAN,Chloe,99966,New Zealand
13594397.0,KHASHYRBAYEV,Sherzod,92236,Kazakhstan
13607587.0,GARCES SEQUERA,Claudymar Antonia,17107,Venezuela
13607684.0,HIRANO,Ruka,91769,Japan
13607688.0,TOMITA,Ruki,91769,Japan
13607881.0,CHUNG,Jae Won,97997,Republic of Korea
13608495.0,BERULTSEVA,Sofya,9944,Kazakhstan
13608866.0,HIRANO,Kaishu,91769,Japan
13608892.0,LEE,Na-Yoon,92760,Republic of Korea
13676033.0,SARON,Mitchell,12029,United States
13689137.0,GOLUBIC,Marko,10106,Croatia
13689193.0,PERISIC,Aleksandra,18044,Serbia
13689231.0,RAVET,Cyrian,10215,France
13689316.0,JOZSA,Levente,10072,Hungary
13689366.0,TAKOV,Stefan,18044,Serbia
13689384.0,STOJKOVIC,Lena,10106,Croatia
13715773.0,ALIAS,Azreen Nabila,92006,Malaysia
13715779.0,ATAIDE,Manuel,101305,Timor-Leste
13715893.0,NAKAMURA,Rim,177725,Japan
13715894.0,OIKE,Minato,177725,Japan
13729182.0,XIAKAINI,Aerchenghazi,98001,China
13756145.0,ZHANG,Yuting,94496,China
13782615.0,CHEPNGETICH,Ruth,95235,Kenya
13795852.0,BATISTA,Gustavo,178977,Brazil
13809130.0,HASLER,Melanie,92218,Switzerland
13809332.0,CURTIS,Kelly,92904,United States
13809336.0,ADEAGBO,Simidele,93789,Nigeria
13822542.0,NANBA,Miyu,95181,Japan
13849576.0,MORIMOTO,Mariko,91841,Japan
13849578.0,HOFER,Verena,94452,Italy
13849579.0,ZÖGGELER,Nina,94452,Italy
13862701.0,ENZIE,Blake,93122,Canada
13875813.0,FELDERER,Leon,94452,Italy
13875895.0,BOTA,Elina Ieva,92325,Latvia
13875898.0,FAN,DuoYao,98557,China
13915854.0,ORTA,Luis Alberto,12406,Cuba
13915854.0,ORTA,Luis Alberto,12062,Cuba
13929365.0,DIALLO,Lucas,11022,Burkina Faso
13943311.0,HURT,AJ,91818,United States
13943313.0,SILVEIRA,Nicole,100005,Brazil
13956418.0,HENSIEN,Katie,91818,United States
13969556.0,KHURELKHUU,Bolortuya,8817,Mongolia
13969600.0,IM,Aeji,12413,Republic of Korea
13969612.0,ORTIZ,Citlalli,15952,Mexico
13969645.0,IRIE,Sena,9868,Japan
13969646.0,YUNUSOVA,Shakhnoza,10259,Uzbekistan
13969718.0,DUDAEV,Islam,17442,Albania
13969730.0,BATIRMURZAEV,Yusup,11157,Kazakhstan
13969779.0,SOPPI MBELLA,Richelle Anita,10799,Cameroon
13982970.0,NING,Zhongyan,98001,China
14009548.0,ARNAUS,Adrià,91495,Spain
14009549.0,KROGH,Kristian,98186,Norway
14009558.0,YANG,Shaohui,89910,China
14009571.0,PEREZ,Victor,93402,France
14023000.0,ESPINOSA DE LOS MONTEROS,Adriana,92640,Ecuador
14023007.0,VALNES,Erik,94487,Norway
14062503.0,TANG,Jing,12017,China
14089115.0,BURGOS,Nicolás,11131,Chile
14102475.0,LEHTONEN,Venla,92563,Finland
14142330.0,ÖGRETIR,Berkay,92048,Türkiye
14142397.0,LUO,Zongshi,11984,China
14142410.0,VALLONI,Arianna,92810,San Marino
14155785.0,JÓRUNNARDÓTTIR,Snæfriður,92248,Iceland
14168895.0,ROLLIN,Méline,91520,France
14168967.0,FAY,Brian,96910,Ireland
14168977.0,HEYMANS,John,91068,Belgium
14169041.0,WANG,Luyao,92331,China
14195459.0,HOERL,Chris,92616,Moldova
14195490.0,HENDRIX,Robin,91068,Belgium
14235163.0,ROMANYK,Arthit Mikhail,95207,Thailand
14235201.0,NHAQUILE,Deizy,95821,Mozambique
14235204.0,STATER,Dominique,96400,United States
14235259.0,GORDON,Jalese,97530,Antigua and Barbuda
14235298.0,KAKON,Shai,91765,Israel
14235318.0,RÜEGG,Noemi,95642,Switzerland
14248434.0,CLERC,Mialitiana,95300,Madagascar
14274840.0,PAGNIER,Joséphine,91748,France
14274841.0,FREITAG,Selina,93128,Germany
14288278.0,RAUCHFUSS,Julian,92764,Germany
14354412.0,VAS,Blanka,95036,Hungary
14354412.0,VAS,Blanka,96332,Hungary
14367638.0,GRÖNLUND,Timo,93717,Bolivia
14368239.0,DOMÍNGUEZ,María Cecilia,98562,Argentina
14381976.0,DVORNIK,Neja,96892,Slovenia
14448514.0,CÁRDENAS,Jorge,91792,Mexico
14448795.0,DUVERGEL,Eyurkenia,92916,Cuba
14448798.0,MOYENGWA,Magdeline,93459,Botswana
14448815.0,MILYUKOV,Konstantin,96369,Belarus
14490281.0,ROBINSON,Alice,94028,New Zealand
14542377.0,VELZEBOER,Xandra,94048,Netherlands
14555892.0,CHIANCA,João,99976,Brazil
14555895.0,WAIDA,Rio,96848,Indonesia
14568805.0,HIGGO,Garrick,95785,South Africa
14594631.0,DAVIES,Oliver,91583,Great Britain
14620611.0,KIM,Yu-Jin,9828,Republic of Korea
14620818.0,DAUMONT,Paul,96158,Burkina Faso
14620819.0,HO,Wai Hang,10213,"Hong Kong, China"
14633746.0,VUJICIC,Jelena,95156,Montenegro
14646827.0,HERMAN,Timothy,91068,Belgium
14673376.0,EDER,Lisa,94661,Austria
14673812.0,HEMETSBERGER,Daniel,92026,Austria
14712858.0,PEDERSEN,Isak Stianson,96566,Iceland
14725775.0,SCHMIDT,Jared,91843,Canada
14725783.0,CARIKCIOGLU,Ozlem,91753,Türkiye
14753441.0,VAN AERT,Bernard,93351,Indonesia
14753457.0,BERREITER,Anna,91469,Germany
14753458.0,SCHULTE,Lisa,91074,Austria
14753461.0,DOMARADZKA,Klaudia,95167,Poland
14753467.0,BERZINS,Gints,92325,Latvia
14753516.0,HAN,Chun Gyong,98564,DPR Korea
14753517.0,PAK,Il-Chol,98564,DPR Korea
14753518.0,RI,Yong Gum,98564,DPR Korea
14753519.0,CHOE,Myong-Gwang,92788,DPR Korea
14753520.0,KANG,Song-Il,92788,DPR Korea
14753521.0,KIM,Ryon-Hyang,92788,DPR Korea
14753982.0,SKUPEK,Marian,94038,Slovakia
14767030.0,ALBAYRAK,Vedat,11164,Türkiye
14767030.0,ALBAYRAK,Vedat,12021,Greece
14767498.0,NG,Arabella Caroline Yili,92786,"Hong Kong, China"
14780424.0,FRANKOWSKI,Rosie,91559,United States
14793329.0,GADECKI,Olivia,10475,Australia
14793333.0,CARLÉ,Lourdes,17991,Argentina
14793335.0,DRAPER,Jack,17986,Great Britain
14793341.0,BUREL,Clara,10472,France
14793349.0,BÁEZ,Sebastián,17991,Argentina
14793350.0,SEYBOTH WILD,Thiago,11820,Brazil
14793357.0,SUN,Lulu,17995,New Zealand
14793360.0,COCCIARETTO,Elisabetta,10477,Italy
14793363.0,GAUFF,Coco,13342,United States
14793374.0,JONG,Kwang-Bom,92133,DPR Korea
14793397.0,MUSETTI,Lorenzo,10477,Italy
14793402.0,UCHIJIMA,Moyuka,12655,Japan
14793406.0,ZHENG,Qinwen,14007,China
14806323.0,MAEDA,Honami,91841,Japan
14806327.0,HOZMANN,Szonja,94016,Hungary
14819280.0,LAZOUSKI,Dzmitry,91776,Belarus
14819281.0,IRWIN,Deedra,94039,United States
14819292.0,SCHENKEL,Alexia,97594,Thailand
14819303.0,WINTERS,Luke,91818,United States
14819330.0,HUMAN,Syed,96832,Pakistan
14819335.0,GRAZ,Davide,92055,Italy
14819337.0,SKINDER,Monika,91629,Poland
14819394.0,RÄDLER,Ariane,92026,Austria
14819397.0,TSIOVOLOU,Maria-Eleni,95751,Greece
14819475.0,BROWN,Jake,94039,United States
14819496.0,MADRAZO,Germán,96564,Mexico
14845477.0,SASO,Yuka,91637,Japan
14845477.0,SASO,Yuka,98183,Philippines
14845659.0,PÉREZ,Juan Ignacio,91846,Mexico
14885266.0,SCHMID,Julian,92931,Germany
14885273.0,OGDEN,Ben,91559,United States
14885274.0,ZHANG,Chunyu,90487,China
14885275.0,MARCISZ,Izabela,91629,Poland
14885282.0,SCHUMACHER,Gus,91559,United States
14885283.0,SHALYGINA,Kseniya,96968,Kazakhstan
14885290.0,MATSOKINA,Hristina,201552,ROC
14885301.0,RIEDENER,Nina,95189,Liechtenstein
14885302.0,RITCHIE,Graham,92054,Canada
14885309.0,CYR,Antoine,92054,Canada
14885318.0,GROND,Valerio,92781,Switzerland
14885320.0,HIROSE,Ryo,91882,Japan
14885322.0,JAGER,Luke,91559,United States
14885342.0,SZCZECHOWICZ,Andrzej,92755,Poland
14885347.0,LAMPARTER,Johannes,91995,Austria
14885349.0,NIITTYKOSKI,Otto,91883,Finland
14885358.0,MOCH,Friedrich,96925,Germany
14885382.0,KAASIKU,Kaidy,92125,Estonia
14898315.0,CACINA,Daniel Andrei,91356,Romania
14898320.0,HÖRL,Jan,94661,Austria
14898331.0,MALSINER,Jessica,90509,Italy
14898336.0,RYDL,Radek,89942,Czech Republic
14898426.0,GILLESPIE,Lara,91033,Ireland
14924892.0,BASERGA,Amy,96387,Switzerland
14924899.0,ÖBERG,Elvira,91473,Sweden
14924904.0,KIREYEV,Vladislav,94063,Kazakhstan
14924907.0,PLANKO,Lovro,91444,Slovenia
14924910.0,HARTWEG,Niklas,96387,Switzerland
14924917.0,KLEMENCIC,Živa,91444,Slovenia
14925001.0,VOBORNÍKOVÁ,Tereza,91429,Czech Republic
14925017.0,NIKOLAJEV,Mirza,95752,Bosnia & Herzegovina
14925023.0,ELLIS,Trinity,91517,Canada
14925024.0,HODGSON,Makena,91517,Canada
14938002.0,WRIGHT,Isabella,91818,United States
14938026.0,MCGRATH,Atle Lie,91509,Norway
14938033.0,SOMMEROVÁ,Elese,96381,Czech Republic
14938035.0,PYKÄLÄINEN,Erika,92111,Finland
14938036.0,VUKADINOVA,Eva,95260,Bulgaria
14938046.0,LUCZAK,Magdalena,91500,Poland
14938047.0,OUAISS,Manon,94019,Lebanon
14938070.0,PINHEIRO BRAATHEN,Lucas,91509,Norway
14938104.0,LEE,Min Woo,92777,Australia
14951041.0,MCCULLOUGH,Dylan,92100,New Zealand
15080396.0,DWICAHYO,Ade Resky,12975,Azerbaijan
15093383.0,AYMARD,Virginia,12033,Gabon
15106348.0,BORCHASHVILI,Wachid,12037,Austria
15132199.0,GHAIOU,Ishak,11113,Algeria
15158324.0,DELILAJ,Manuela,94660,Albania
15171767.0,GUZI,Blanka,91318,Hungary
15171770.0,BOHM,Csaba,91318,Hungary
15184754.0,MESLEK,Ossama,91594,Italy
15184821.0,KIM,Hayun,11135,Republic of Korea
15197787.0,SHIRAI,Sora,101350,JPN
15197825.0,KOTOVSKYI,Dmytro,91353,Ukraine
15197855.0,AOKI,Yukito,101350,JPN
15210746.0,LEE,Hoi Yan Jessica,89892,"Hong Kong, China"
15223637.0,OLIVER,Javianne,91849,United States
15223720.0,LEIBFARTH,Evy,92873,United States
15236641.0,BOLGER,Kevin,91559,United States
15236642.0,LETAI,Julie,94506,United States
15236661.0,SEREDA,Oleksii,92109,Ukraine
15236664.0,JODOIN-DI MARIA,Sarah,94640,Italy
15236669.0,PARK,Jang Hyuk,92039,Republic of Korea
15236677.0,LEE,June Seo,92039,Republic of Korea
15236679.0,HEO,Andrew,94506,United States
15236685.0,AKAR,Furkan,99986,Türkiye
15236693.0,DUBROVA,Uliana,92751,Ukraine
15249617.0,IVANOVSKI,Dario,92148,North Macedonia
15249625.0,MAIBUCA,Karalo,97761,Tuvalu
15275421.0,MARTÍNEZ,Pedro,11581,Spain
15275676.0,DE ARMAS RODRIGUEZS,Kevin Yuran,12062,Cuba
15275739.0,GIACOMEL,Tommaso,92341,Italy
15275740.0,SLETTEMARK,Ukaleq Astri,94667,Denmark
15275789.0,CORABALLO,Soleimy,10812,Venezuela
15275815.0,BIONAZ,Didier,92341,Italy
15288742.0,MOLONEY,Ashley,96375,Australia
15301823.0,GRUNDSØE,Stephanie,95250,Denmark
15301840.0,ULBRICH,Maximilian,91640,Germany
15301855.0,TUOHETA,Erbieke,10228,China
15314795.0,KANDIL,Amira,92065,Egypt
15314918.0,CHAVES GUIMARAES,Maria Ieda,91505,Brazil
15314920.0,ISMAIL,Malak,92065,Egypt
15327889.0,CLARKE,Matthew,96375,Australia
15327893.0,GROSS,Mia,96375,Australia
15327906.0,OBOYA,Bendere,96375,Australia
15327929.0,MURPHY,Connor,96375,Australia
15327940.0,BEER,Ellie,96375,Australia
15327992.0,LOKTEVA-ZAGORSKAYA,Ekaterina,200954,ROC
15340879.0,PEARSON,Morgan,95777,United States
15392440.0,MACCHI,Filippo,9849,Italy
15405353.0,HALL,James,95182,United States
15405370.0,ERBIL,Nisanur,10098,Türkiye
15405371.0,DAWSON,Casey,94702,United States
15405389.0,EBERHARDT,Alexis,91973,Argentina
15405396.0,BHAKER,Manu,94600,India
15405421.0,SCOTT,Alexa,97784,Canada
15405422.0,ALDOSHKIN,Daniil,201553,ROC
15405441.0,MIDELTON,Luidgi,11154,France
15431303.0,KLASIK,Alicja,8825,Poland
15431509.0,SZUCS,Luca,8826,Hungary
15431540.0,MURASE,Kokomo,91769,Japan
15444475.0,STODDARD,Corinne,94506,United States
15444479.0,BANDEIRA,Eliana,91452,Portugal
15444512.0,RAMOS,Leandro,91452,Portugal
15457470.0,SEDIQI,Abdullah,194290,Refugee Olympic Team
15457489.0,MEHDIPOURNEJAD,Kasra,194290,Refugee Olympic Team
15457498.0,GOMIS,Païvou Johnouario,12942,Guinea-Bissau
15510012.0,CHILES,Jordan,92027,United States
15536073.0,CALDWELL,Abbey,96375,Australia
15536184.0,AZZOPARDI,Joshua,96375,Australia
15536300.0,WU,Vicky,10071,Fiji
15562315.0,ED DOGHMY,Achraf,99387,Morocco
15601043.0,MAMAZHANOVA,Zhanna,91386,Kazakhstan
15601056.0,HATAKEDA,Hitomi,94494,Japan
15601093.0,LOYO,Elena,95223,Spain
15601119.0,ALMAYA,Haimro,94450,Israel
15601121.0,HAKIZIMANA,John,91831,Rwanda
15601135.0,RAINHOLD,Tomas Hilifa,91467,Namibia
15601144.0,PERRIER,Marie,92780,Mauritius
15601206.0,PASHLEY,Ellie,96375,Australia
15601256.0,BETOUDJI,Valentin,91833,Chad
15627180.0,SINGH,Vikash,91760,India
15653187.0,AKIO,Augusto,101346,BRA
15653372.0,STOEPHASIUS,Lilly,93862,Germany
15653377.0,ZHANG,Rose,94484,United States
15692371.0,ELSALAMONEY,Basmla,95860,Egypt
15718323.0,BATYRGAZIEV,Albert,194291,ROC
15718368.0,O'ROURKE,Aoife,8807,Ireland
15718426.0,ALLICOCK,Keevin,14587,Guyana
15718449.0,SSEMUJJU,Kavuma,15065,Uganda
15718454.0,PLODZICKI-FAOAGALI,Ato,8821,Samoa
15718456.0,MULENGA,Everisto,12065,Zambia
15718458.0,RYAN,Alston,14598,Antigua and Barbuda
15718466.0,TSELIDIS,Theodoros,12021,Greece
15731374.0,BRUNLEHNER,Maria,93377,Kenya
15731457.0,TARERE,Josh,95803,Papua New Guinea
15731467.0,ZHANG,Mingyu,92896,China
15783188.0,NAVARRO,Nicolas,91520,France
15822104.0,AKHTAR,Muhammad Khalil,91743,Pakistan
15835080.0,ITSEKIRI,Usheoritse,97539,Nigeria
15835093.0,ASSELIN,Olivia,91843,Canada
15835126.0,MOATAZ,Adham,15341,Egypt
15835154.0,BENADOUDA,Chaima,10690,Algeria
15835186.0,ELSAYED,Mohamed,15341,Egypt
15835196.0,MOHAMED BELKEBIR,Kaouther,10690,Algeria
15835199.0,SCRUGGS,Lauren,12029,United States
15835205.0,BEN AZIZI,Nadia,14611,Tunisia
15835216.0,MAMUTOV,Sherzod,15980,Uzbekistan
15835226.0,CHEN,Yi-Tung,12042,Chinese Taipei
15835249.0,WORTHINGTON,Charlotte,183294,Great Britain
15835274.0,SHEN,Chenpeng,14577,China
15835301.0,XU,Jie,14577,China
15835325.0,IIMURA,Kazuki,8811,Japan
15835361.0,HUANG,Qianqian,14577,China
15835375.0,YU,Sihan,14577,China
15848302.0,ELENDT,Anna,92362,Germany
15861187.0,OSORIO,Camila,12235,Colombia
15874096.0,CEBULA,Anne,12029,United States
15874204.0,KRASODOMSKI,Michal,91468,Poland
15887152.0,BARIL,Olivia,105592,Canada
15887207.0,SALOS,Anastasiia,94037,Belarus
15887231.0,ZOLOTIC,Anastasija,12024,United States
15887303.0,BLADTCEVA,Anzhela,231944,AIN
15887319.0,LITVINOVICH,Ivan,91990,Belarus
15887319.0,LITVINOVICH,Ivan,231944,AIN
15887352.0,MAHSUDOVA,Seljan,93545,Azerbaijan
15887497.0,CEREZO IGLESIAS,Adriana,9863,Spain
15887567.0,CUNNINGHAM,Caden,8809,Great Britain
15887591.0,TOUMI,Chaima,10224,Tunisia
15887638.0,MANSOURI,Farzad,194290,Refugee Olympic Team
15887638.0,MANSOURI,Farzad,10688,Afghanistan
15887697.0,DILLON,Faith,12024,United States
15887698.0,ABOUFARAS,Fatima-Ezzahra,10788,Morocco
15887723.0,JAYSUNOV,Jasurbek,9852,Uzbekistan
15887928.0,LINDO ALVAREZ,Neshi Lee,15992,Costa Rica
15887942.0,SOBIRJONOVA,Ozoda,9852,Uzbekistan
15888000.0,RASHITOV,Ulugbek,9852,Uzbekistan
15888023.0,KAREEM,Zaid,11108,Jordan
15888048.0,TONGCHAN,Sasikarn,11145,Thailand
15888108.0,KONE,Carmel,11022,Burkina Faso
15888172.0,NOVITSKII,Nikita,201529,ROC
15888178.0,VIERELA,Severi,97559,Finland
15888182.0,LAZARENKO,Viktoriia,201529,ROC
15888200.0,PEDRO,Edmilson,12996,Angola
15901109.0,SANDERSON,Kate,107898,Canada
15901137.0,KNOX,Finlay,91621,Canada
15901147.0,LIENDO,Joshua,91621,Canada
15901156.0,LORENZO,Santiago,10782,Argentina
15901165.0,FONSECA,Daniela,15977,Cuba
15901182.0,PRATT,Cole,91621,Canada
15901277.0,ROJAS JIMENEZ,Marcos,95779,Cuba
15901286.0,YOHUANG,Phurit,94885,Thailand
15901305.0,TOMÉ,Maria,92102,Portugal
15914219.0,ARCHIBOLD,Franklin,95645,Panama
16005170.0,PLAPP,Lucas,95039,Australia
16005207.0,NATARAJ,Srihari,94669,India
16018161.0,HAMORI,Luca,12041,Hungary
16018228.0,MOOREHOUSE,Daina,8807,Ireland
16018235.0,OZER,Gizem,12437,Türkiye
16018266.0,GUMUS,Samet,12437,Türkiye
16057075.0,MOHAMED,Gamal Abdelnaser Hanafy,10246,Egypt
16057109.0,AGIOMOR,Ekerekeme,12422,Nigeria
16057119.0,FARDJ,Mohammed,14574,Algeria
16057128.0,AOUISSI,Chaimaa,14574,Algeria
16057130.0,CAMARA,Fatoumata,10234,Guinea
16070083.0,EMARD,William,92018,Canada
16070109.0,LEE,Sunisa,92027,United States
16070111.0,DOLCI,Félix,92018,Canada
16070117.0,KIROI-BOGATYREVA,Alexandra,92370,Australia
16070157.0,LEONARDO,Veddriq,94940,Indonesia
16070187.0,AN,Qixuan,94636,CHN
16070191.0,ABELA,Matthew,9425,Malta
16070231.0,MCCALLUM,Grace,92027,United States
16070232.0,ARAUJO,Martha,91368,Colombia
16070233.0,O'DOWDA,Jade,92761,Great Britain
16070253.0,HONG,Asher,92027,United States
16083259.0,PICKERING,Jessica,92263,Australia
16083283.0,NISHIOKA,Ryusei,89927,Japan
16096300.0,LAGAN,Alexis,95182,United States
16096321.0,KEUM,Jihyeon,92351,Republic of Korea
16096323.0,LYU,Jianlin,92331,China
16096331.0,TOYYIBA,Vidya Rafika Rahmatan,93696,Indonesia
16096343.0,WEISZ,Alison,95182,United States
16096345.0,XIONG,Yaxuan,92331,China
16109267.0,PEREIRA,Guillermo,92999,Chile
16122208.0,LITANYUK,Valeriy,91581,Ukraine
16122257.0,ALI,Fathimath Dheema,12907,Maldives
16148064.0,IKEDA,Koki,91841,Japan
16148086.0,GONZÁLEZ,Alegna,93121,Mexico
16148106.0,FUJII,Nanako,91841,Japan
16148110.0,WANG,Zhaozhao,89910,China
16148292.0,SALKAZANOV,Taimuraz,11134,Slovakia
16148305.0,ZHANG,Xin,100111,China
16161300.0,SAID,Neama,91470,Egypt
16161602.0,RAMOS,Ethan Adrian,11959,Puerto Rico
16161647.0,HORTA ACEVEDO,Julian Stiven,10250,Colombia
16174716.0,DENG,Lijuan,100110,China
16174724.0,TETZLAFF,Sarah,101473,New Zealand
16174747.0,WU,Zhifan,93744,China
16213739.0,MELAK,Nibret,94034,Ethiopia
16213742.0,VAVASSORI,Andrea,10477,Italy
16239641.0,CLAESSENS,Zoe,94143,Switzerland
16252809.0,MARZOUK,Habiba,92024,Egypt
16266159.0,CHATEAUBRIAN,Philipe,90500,Brazil
16266183.0,WANG,Zongyuan,89939,China
16279447.0,HOWELL,Shanayah,98022,Aruba
16292779.0,MOLINA VERGARA,Mauricio,94141,Chile
16306039.0,ONO,Mitsuki,91769,Japan
16306047.0,GUSELI,Valentino,95230,Australia
16319305.0,ROWE,Shawn,95237,Jamaica
16332579.0,SREESHANKAR,,91760,India
16332693.0,RUSSO,Aurora,15358,Italy
16332749.0,DILYTE,Gabija,12405,Lithuania
16332796.0,KOZYREV,Sergei,194581,ROC
16332827.0,BAS,Nesrin,15318,Türkiye
16332936.0,BAKIR,Muhammet Hamza,15984,Türkiye
16332984.0,TAPPER,Megan,95237,Jamaica
16333005.0,GUTIÉRREZ,Adair,90479,Mexico
16426316.0,HARRIS,Fedrick,12470,Sierra Leone
16426333.0,GOMEZ SANCHEZ,Manuela,100041,Colombia
16426355.0,YIN,Mengdie,91535,China
16426430.0,ARDA DIDAL,Margielyn,98350,Philippines
16439710.0,AQUINO,Rckaela,9869,Guam
16439732.0,GINÉS LÓPEZ,Alberto,94968,Spain
16439750.0,VIGLIONE,Capucine,94965,France
16439793.0,SVIKOVA,Katerina,91475,Czech Republic
16440158.0,BENEGAS,Perris,177723,United States
16440185.0,ZURLONI,Matteo,101328,Italy
16440195.0,REILLY,Kieran,183294,Great Britain
16440202.0,PEREZ,Laury,171703,France
16453545.0,RAMÍREZ,Edson,91418,Mexico
16453560.0,THORLEY,William,99632,"Hong Kong, China"
16467103.0,KOWPLOS,Katarina,96380,Australia
16467146.0,ZHOU,Zeqi,11984,China
16467151.0,BALDONI,Alex,94072,Canada
16467189.0,BOUKOUVALAS,Peter,92749,AUS
16520774.0,WEI,Shaoxuan,94636,CHN
16520782.0,MACKENZIE,Oceana,94973,Australia
16520829.0,PACHECO,Isadora,101346,BRA
16534095.0,ONOPRIIENKO,Viktoriia,95233,Ukraine
16534125.0,KOLOSOV,Margarita,95249,Germany
16534147.0,KARBANOV,Hélène,96901,France
16534163.0,RAFFAELI,Sofia,91782,Italy
16547792.0,SCOTT,Breanna,92756,Australia
16601477.0,DOBBIN,Beth,92761,Great Britain
16614703.0,GRACHEVA,Varvara,10472,France
16614710.0,FAROUK,Mohamed,92903,Egypt
16614832.0,FERNANDEZ,Leylah,17462,Canada
16628202.0,HEDGCOCK,James,91483,Canada
16628210.0,CARMONA GARCIA,Mateo,97795,Colombia
16641607.0,HOSHINO,Rikuya,91637,Japan
16641640.0,DE CELIS,Sergio,91571,Spain
16654960.0,ALEMU,Megertu,94034,Ethiopia
16654964.0,KAGIMU,Charles,102347,Uganda
16669319.0,LARSSON,Victoria,92074,Sweden
16695812.0,KOSZEWSKA,Karolina,9410,Poland
16695813.0,ARTINGSTALL,Karriss,10820,Great Britain
16695815.0,FUERTES FERNÁNDEZ,Laura,12428,Spain
16695822.0,RADOVANOVIC,Nina,12272,Serbia
16709061.0,YEO,Seojeong,91524,Republic of Korea
16722389.0,IMOUDU,Melvin,92362,Germany
16722392.0,HARVEY,Emma,92878,Bermuda
16749117.0,LONG,Hurly,92136,Germany
16749428.0,CANNY,Aimee,94594,South Africa
16749444.0,BACHMANN,Simon,96261,Seychelles
16763023.0,IBARZABAL,Lorea,95223,Spain
16816082.0,HUDSON,Andrew,95237,Jamaica
16816099.0,HAUGH,Daniel,91849,United States
16816115.0,OTTERDAHL,Payton,91849,United States
16816130.0,CUNNINGHAM,Gabriele,91849,United States
16816163.0,MCEWEN,Shelby,91849,United States
16816171.0,REESE,Erin,91849,United States
16816186.0,BARTELSMEYER,Amos,94474,Germany
16816249.0,HOPPEL,Bryce,91849,United States
16816253.0,ROBERTS,Daniel,91849,United States
16816257.0,MACLEAN,Heather,91849,United States
16816268.0,KLECKER,Joe,91849,United States
16816401.0,ARNOLD,Djenyfer,91768,Brazil
16829616.0,CAMPBELL,Teniel,102361,Trinidad & Tobago
16829622.0,PUSKOVITCH,Ivan,102117,United States
16842872.0,VENTURA,Kristoffer,98186,Norway
16883533.0,HENDERSON,Anna,102358,Great Britain
16896852.0,STRAKA,Elisabeth,94592,Austria
16896886.0,BALOGH,Mátyás,91324,Hungary
16896917.0,VAN DER WINKEL,Laura,91787,Netherlands
16896978.0,CRET,Alex,15311,Romania
16897027.0,SCUTTO,Assunta,10221,Italy
16897146.0,DEMIREL,Muhammed,11164,Türkiye
16897208.0,LOBNIK,Metka,11939,Slovenia
16897267.0,TONIOLO,Veronica,10221,Italy
16897300.0,NORTON,Stephanie,91592,"Hong Kong, China"
16910641.0,BOUYER,Jules,91493,France
16910664.0,KNOLL,Anton,91071,Austria
16910676.0,MCGING,Ciara,95765,Ireland
16910688.0,NILSSON GARIP,Emilia,94609,Sweden
16910694.0,GIOVANNINI,Riccardo,94640,Italy
16910695.0,LUKASZEWICZ,Robert,97529,Poland
16910698.0,ANTOLINO,Valeria,92784,Spain
16910701.0,PFEIF,Pauline,92352,Germany
16910704.0,WATSON,Tanya,95765,Ireland
16924011.0,BOTTGER,Gavin,93865,United States
16937532.0,GARCIA,Cayetano,91881,Spain
16951102.0,VELE,Georgia-Leigh,95803,Papua New Guinea
16951155.0,JIANG,Ranxin,92331,China
16951635.0,IRO,Edgar,92818,Solomon Islands
16951660.0,ADAMS,Taeyanna,92164,Micronesia
16951675.0,YIN,Ruoning,93182,China
16951731.0,FERRAZ,Simone,96363,Brazil
16964949.0,VILLEGAS,Aira,11151,Philippines
16964959.0,KARSTOFT,Ida,89902,Denmark
16991440.0,GASPARD,Florine,91432,Belgium
16991455.0,TZENGKO,Elina,97537,Greece
16991462.0,LAMBERTI,Michele,91971,Italy
16991475.0,KÓS,Hubert,94021,Hungary
16991480.0,BILAS,Stergios,94631,Greece
16991482.0,DE TULLIO,Marco,91971,Italy
16991489.0,MÄRTENS,Lukas,92362,Germany
16991490.0,MATZERATH,Lucas,92362,Germany
16991511.0,BÉKÉSI,Eszter,94021,Hungary
16991518.0,MIHÁLYVÁRI-FARKAS,Viktória,94021,Hungary
16991526.0,BURGIN,Max,92761,Great Britain
16991537.0,SIBIRTSEV,Ilya,93366,Uzbekistan
16991541.0,HODGKINSON,Keely,92761,Great Britain
16991544.0,O'SULLIVAN,Sophie,96910,Ireland
16991546.0,MCGRATH,Paul,95223,Spain
16991598.0,ROUABAH,Fadi,11113,Algeria
16991627.0,SOGABE,Kyotaro,15970,Japan
16991628.0,MAAFI,Lamjed,11168,Tunisia
16991685.0,EGOROV,Aleksandr,194639,ROC
16991694.0,ÜNLÜ,Baturalp,92048,Türkiye
16991702.0,BÖCEKLER,Beril,92048,Türkiye
16991718.0,TAÇYILDIZ,Defne,92048,Türkiye
16991719.0,ERTAN,Deniz,92048,Türkiye
16991726.0,ZEQIRI,Eda,98493,Kosovo
16991744.0,TROIANOVSKYI,Ihor,89938,Ukraine
16991749.0,MAJERSKI,Jakub,94476,Poland
16991753.0,MARTYNYCHEV,Kirill,194639,ROC
16991762.0,DUŠA,Matej,92037,Slovakia
16991770.0,GARCÍA,Nicolás,91571,Spain
16991813.0,BUKHOV,Vladyslav,89938,Ukraine
16991832.0,MOLNÁR,Attila,91810,Hungary
16991884.0,SKOTHEIM,Sander,94497,Norway
16991919.0,MOUTARD,Camille,91520,France
16991921.0,KAMBUNDJI,Ditaji,95229,Switzerland
16991980.0,PATTISON,Ben,92761,Great Britain
16992024.0,ÅSKAG,Maja,91373,Sweden
16992091.0,DOROSHCHUK,Oleh,91581,Ukraine
16992096.0,IAPICHINO,Larissa,91594,Italy
16992131.0,AKÇAM,Berke,97543,Türkiye
16992134.0,AFRIAT,Charlotte,92937,Monaco
16992205.0,FORSTER,Viktória,91884,Slovakia
16992240.0,DEMIR,Evin,97543,Türkiye
16992241.0,CESARINI,Giorgia,95873,San Marino
16992274.0,STEINFORTH,Till,94474,Germany
16992275.0,LOGA,Rose,91520,France
16992375.0,GUTTORMSEN,Simen,94497,Norway
16992378.0,MUMENTHALER,Timothé,95229,Switzerland
16992477.0,AMOUZADKHALILI,Rahman Mousa,11181,Iran
16992478.0,IUNA FAFE,Diamantino,11951,Guinea-Bissau
16992492.0,FUJINAMI,Akari,8797,Japan
16992502.0,AMAN,Aman,11175,India
16992503.0,ZARE,Amir,11181,Iran
16992529.0,BENFERDJALLAH,Fateh,14574,Algeria
16992546.0,KOLAWOLE,Esther Omolayo,12422,Nigeria
16992579.0,DE LANGE,Steyn,11137,South Africa
16992608.0,OZAKI,Nonoka,8797,Japan
16992609.0,DOLGORJAV,Otgonjargal,8817,Mongolia
16992643.0,MOTOKI,Sakura,8797,Japan
17005891.0,ZAKUTNEY,Samuel,92018,Canada
17005934.0,NASSAR,Ahmed,11971,Egypt
17019485.0,TOLBA,Youssof,101302,Egypt
17032879.0,HEALY,Ben,99391,Ireland
17072818.0,TERRY,Twanisha,91849,United States
17072827.0,BURZALOVÁ,Hana,91884,Slovakia
17072833.0,GALE,Lauren,91425,Canada
17072849.0,JONES,Jonathan,90510,Barbados
17072856.0,BLIGNAUT,Kyle,91331,South Africa
17072863.0,MOORE,Jasmine,91849,United States
17072871.0,OWENS-DELERME,Ayden,92292,Puerto Rico
17072874.0,HIRONAKA,Ririka,91841,Japan
17072883.0,JÍCHOVÁ,Nikoleta,91602,Czech Republic
17072893.0,BENNETT,Orlando,95237,Jamaica
17072900.0,RODRIGUES,Pedro Henrique,96363,Brazil
17072904.0,IZUMIYA,Shunsuke,91841,Japan
17072914.0,AMAECHI,Obiageri,97539,Nigeria
17072916.0,DAVIES,Thelma,92944,Liberia
17072933.0,REAIS,William,95229,Switzerland
17072952.0,HARRISON,JuVaughn,91849,United States
17072963.0,KIPRUTO,Rhonex,95235,Kenya
17072967.0,GUILLEMOT,Agathe,91520,France
17072974.0,DISTIN,Lamara,95237,Jamaica
17072975.0,JOSEPH,Rogail,91331,South Africa
17072987.0,CORMONT,Ethan,91520,France
17072993.0,TANNER,Samuel,95176,New Zealand
17073001.0,BORUTTA,Samantha,94474,Germany
17073002.0,DHARSHANA,Aruna,94442,Sri Lanka
17073062.0,HALL,Anna,91849,United States
17073157.0,JAMES-KING,Malik,95237,Jamaica
17073182.0,AREGAWI,Berihu,94034,Ethiopia
17073184.0,BRATHWAITE,Rikkoi,92289,British Virgin Islands
17073186.0,DOBSON,Charlie,92761,Great Britain
17073188.0,YEFREMOV,David,91386,Kazakhstan
17073204.0,BREDAU,Jean Paul,94474,Germany
17073212.0,HARTMANN,Joshua,94474,Germany
17073218.0,UEYAMA,Koki,91841,Japan
17073224.0,ZOHRI,Lalu Muhammad,95812,Indonesia
17073229.0,DA SILVA,Luiz Mauricio,96363,Brazil
17073266.0,MOULA,Slimane,95764,Algeria
17073276.0,SCHNEIDER,Velten,94474,Germany
17073282.0,WELTEJI,Diribe,94034,Ethiopia
17073289.0,SILVA,Ana Caroline,96363,Brazil
17073295.0,HEMEIDA,Bassem,96945,Qatar
17073319.0,COELHO,João,91452,Portugal
17073321.0,TAYE,Ejgayehu,94034,Ethiopia
17073324.0,SUÁREZ,Gabriela,91997,Ecuador
17073335.0,ALEKNA,Martynas,94493,Lithuania
17073344.0,KENESHBEKOV,Nursultan,92895,Kyrgyzstan
17073350.0,GARDINER,Rija Vatomanga,92291,Madagascar
17073369.0,NUGUSE,Yared,91849,United States
17073382.0,GEBRESELAMA,Tsigie,94034,Ethiopia
17073386.0,LIN,Yuwei,89910,China
17073390.0,SMITH,Ackelia,95237,Jamaica
17073391.0,NUGENT,Ackera,95237,Jamaica
17073401.0,CHEMUTAI,Belinda,91575,Uganda
17073403.0,LINDFORS,Caisa-Marie,91373,Sweden
17073435.0,KOLBERG,Majtie,94474,Germany
17073436.0,CARMONA,Maria,93138,Nicaragua
17073445.0,ENNADI,Noura,91445,Morocco
17073452.0,LASMANE,Ruta Kate,89947,Latvia
17073464.0,FONTANA,Vittoria,91594,Italy
17073469.0,MARINHO,Tiffani,96363,Brazil
17073484.0,BÜSSING,Cedric,92362,Germany
17073492.0,BETLEHEM,Dávid,94021,Hungary
17073492.0,BETLEHEM,Dávid,103835,Hungary
17073515.0,SÁRKÁNY,Zalán,94021,Hungary
17073539.0,HAILU,Freweyni,94034,Ethiopia
17086877.0,AROP,Marco,91425,Canada
17087126.0,PUIG,David,91495,Spain
17114191.0,HINTON,William,95182,United States
17153926.0,BADAWY,Aly,95306,Egypt
17153973.0,ZUKERMAN,Gal,91765,Israel
17154065.0,STEINLEIN,Theresa,92378,Germany
17154105.0,JANSE VAN RENSBURG,Mel,95136,South Africa
17154155.0,CORCORAN,Madison,94619,Ireland
17154156.0,CORCORAN,Michaela,94619,Ireland
17167384.0,SINGH,Shivpal,91760,India
17167564.0,D'AMOUR,Nicholas,93440,Virgin Islands
17181004.0,ORTEGA,Cristián,90471,Colombia
17181064.0,LUM,Nicholas,11937,Australia
17181149.0,ACOSTA,Arlettys,9840,Cuba
17194496.0,SHIAO,Yu-Jan,92300,Chinese Taipei
17194638.0,ECHANDIA,Katherin,94647,Venezuela
17194718.0,MORRIS,Hampton,92092,United States
17208001.0,CHENG,Long,91428,China
17248034.0,WANG,Kuan-Hung,94601,Chinese Taipei
17248050.0,WANG,Hsing-Hao,94601,Chinese Taipei
17248119.0,DIMOV,Ivan,92566,Bulgaria
17248175.0,SOLARTE,Alejandro,92901,Colombia
17248187.0,PEREIRA,Kawan,94635,Brazil
17248206.0,DOWNS,Tyler,91613,United States
17261473.0,QUEIRÓS,Raquel,89888,Portugal
17261799.0,ALDRIDGE,Charlie,94434,Great Britain
17261818.0,PEDERSEN,Sofie,92739,Denmark
17261875.0,FEJES,Dániel,95242,Hungary
17262016.0,GEORGIEVA,Yoana,91547,Bulgaria
17275288.0,HAN,Da-Kyung,92558,Republic of Korea
17275302.0,FOROUGHI,Javad,93115,Iran
17275304.0,VERMA,Abhishek,94600,India
17275308.0,CHO,Sung-Jae,92558,Republic of Korea
17275319.0,EL NAHAS,Shady,11148,Canada
17288909.0,WHITE,Rhyan,95184,United States
17288981.0,RAJIC,Ema,89922,Croatia
17288985.0,BERKOFF,Katharine,95184,United States
17289005.0,BACON,Phoebe,95184,United States
17289032.0,WALSH,Gretchen,95184,United States
17289103.0,WEYANT,Emma,95184,United States
17289114.0,DENIGAN,Mariah,102117,United States
17289125.0,URLANDO,Luca,95184,United States
17289515.0,MURATOVIC,Emir,93155,Bosnia & Herzegovina
17289528.0,RUSSELL,Cordano,103585,Canada
17289541.0,TAPIA,Josefina,103614,Chile
17316723.0,KNOTT,Kristina,95257,Philippines
17330248.0,PANG,Chol Mi,15348,DPR Korea
17343767.0,TEHUPEIORY,Alvin,95812,Indonesia
17343783.0,BAKRAÇI,Gresa,101187,Kosovo
17343849.0,POZDNIAKOVA,Mariya,91581,Ukraine
17343916.0,BURRAJ,Franko,92142,Albania
17357507.0,VILLA,Giorgia,94443,ITA
17357514.0,HEDUIT,Carolann,95194,France
17357532.0,SZEKELY,Zoja,96368,Hungary
17357554.0,MÜLLER,Steven,94474,Germany
17357602.0,PETISCO,Alba,96950,Spain
17357633.0,STEWART,Reba,8776,Australia
17357684.0,BICKEL,Lena,94608,Switzerland
17357685.0,RAZ,Lihie,91814,Israel
17357702.0,URAZOVA,Vladislava,194642,ROC
17371379.0,TIKHONOV,Ivan,97158,Azerbaijan
17384908.0,KODIROVA,Raykhona,10259,Uzbekistan
17398490.0,RAKHIMOVA,Tursunoy,10259,Uzbekistan
17398615.0,BATYRSHINA,Zilia,194614,ROC
17398618.0,HALL,Lucy,95224,Great Britain
17398622.0,PELLAUD,Rachel,95229,Switzerland
17398631.0,SEMIANOVA,Daria,194614,ROC
17398652.0,MOLNÉ,Mar,91458,Spain
17439200.0,ABBADINI,Yumin,94443,ITA
17439597.0,KOVTUN,Illia,91376,Ukraine
17439628.0,DODANLI,Emre,93662,Türkiye
17466763.0,BOMMADEVARA,Dhiraj,92057,India
17480321.0,GITTENS,Tyra,91503,Trinidad & Tobago
17480332.0,HATCH,Jarod,92933,Philippines
17480353.0,NOUR,Dania,92971,Palestine
17480379.0,GARCÍA,Melique,96364,Honduras
17493980.0,JOHNSON,Cheswill,91331,South Africa
17494011.0,TSHITE,Tshepo,91331,South Africa
17494012.0,NENE,Zakithi,91331,South Africa
17494052.0,MENDY,Louis François,92379,Senegal
17494135.0,ESEME,Emmanuel,96403,Cameroon
17494148.0,MAKUSHA,Ngoni,92313,Zimbabwe
17494150.0,SANTANDER VILLARUBIA,Remigio,95290,Equatorial Guinea
17507819.0,NEPAL,Sushmita,96354,Nepal
17507821.0,PARIYAR,Kalpana,96354,Nepal
17534952.0,GIGANTE,Sarah,95039,Australia
17534953.0,HOFFMAN,Leigh,92742,Australia
17534982.0,YAKOVLEV,Mikhail,92732,Israel
17535028.0,WOLLASTON,Ally,94432,New Zealand
17535037.0,LEE,Sze Wing,99394,"Hong Kong, China"
17535037.0,LEE,Sze Wing,89892,"Hong Kong, China"
17535075.0,VAUQUELIN,Kévin,105584,France
17535251.0,SOTO,Catalina,95653,Chile
17535258.0,GLADYSHEV,Ivan,195791,ROC
17548891.0,LEE,Dohyun,98335,Republic of Korea
17548901.0,MCARTHUR,Hamish,98738,Great Britain
17562564.0,NGUYEN,Huy Hoang,92814,Vietnam
17564216.0,HIRAKI,Cocona,101350,JPN
17564219.0,OKAMOTO,Misugu,101350,JPN
17564275.0,ONODERA,Ginu,101350,JPN
17591722.0,HABIB,Hady,17465,Lebanon
17632624.0,DONSKIKH,Daniil,200954,ROC
17633020.0,SHCHERBAKOVA,Anna,201550,ROC
17633043.0,NIGHTINGALE,Huw,94437,Great Britain
17646540.0,VEDENEEVA,Ekaterina,92099,Slovenia
17646785.0,LOVEMORE,Hamish,92754,South Africa
17660968.0,RUMMEL,Courtney,92538,United States
17674550.0,RØHME,Knut,92740,Norway
17674577.0,HONDA,Tomoru,95181,Japan
17674578.0,SATO,Shoma,95181,Japan
17674609.0,SMITH,Brendon,91357,Australia
17674618.0,LEE,Se-Bom,91357,Australia
17674623.0,NEILL,Thomas,91357,Australia
17674913.0,MATSUYAMA,Riku,95181,Japan
17674919.0,FAIRWEATHER,Erika,94047,New Zealand
17674921.0,THOMAS,Eve,94047,New Zealand
17675290.0,SCHEPERKAMP,Merijn,93590,Netherlands
17688793.0,BATKHUYAG,Gonchigsuren,12416,Mongolia
17688825.0,SHRESTHA,Santoo,11304,Nepal
17743700.0,MIKUTINA,Olga,91834,Austria
17743710.0,WANG,Ziyang,96573,China
17743732.0,KHALOKOV,Abdumalik,10259,Uzbekistan
17743742.0,MUIDINKHODJAYEV,Asadkhudja,10259,Uzbekistan
17743747.0,MANIKON,Baison,10239,Thailand
17743753.0,ARREGUI,Brian Agustin,10120,Argentina
17743760.0,SHAHBAKHSH,Daniyal,14599,Iran
17743793.0,MACHADO,Keno,12407,Brazil
17743796.0,OLIVEIRA,Luiz Gabriel,12407,Brazil
17743798.0,SABYRKHAN,Makhmud,10218,Kazakhstan
17743800.0,CUELLO,Mirko,10120,Argentina
17743815.0,ORALBAY,Nurbek,10218,Kazakhstan
17743819.0,MARTINEZ,Miguel Angel,15952,Mexico
17743823.0,CHAIB,Ichrak,8778,Algeria
17743833.0,SURACI,Monique,11102,Australia
17743864.0,JONGJOHO,Weerapon,10239,Thailand
17743868.0,CHOTHIA,Yusuf,11102,Australia
17744059.0,GAO,Hongbo,96573,China
17757699.0,GU,Eileen,91066,China
17757701.0,MAGNIN,Thibault,94044,Spain
17757702.0,BARCLAY,Ben,99966,New Zealand
17757707.0,HE,Binghan,91066,China
17757711.0,PELTOLA,Simo,97559,Finland
17757858.0,SVANCER,Matej,90490,Austria
17757859.0,MUIR,Kirsty,91583,Great Britain
17757865.0,FROSTAD,Tormod,92062,Norway
17757874.0,NAM,Taeyun,92351,Republic of Korea
17785217.0,ORALBAY,Aibek,10218,Kazakhstan
17825848.0,MILLER,Alex,93771,Namibia
17825900.0,KIIBUS,Eva-Lotta,96372,Estonia
17825917.0,NAVARRO,Emma,13342,United States
17825973.0,CHMIELEWSKI,Krzysztof,94476,Poland
17826063.0,RYABOVA,Ekaterina,91528,Azerbaijan
17839708.0,SHANAHAN,Katie,95254,Great Britain
17840202.0,SANTOS,Francisco,91070,Portugal
17840611.0,OJORA,Tade,92761,Great Britain
17841690.0,PARK,Hajun,92351,Republic of Korea
17843682.0,TUNTIVATE,Kieran,92143,Thailand
17844185.0,PONZIO,Nick,91594,Italy
17845262.0,DIZOTTI,Beatriz,95178,Brazil
17849341.0,BEKELE,Helen,95229,Switzerland
17850060.0,POWELL,Jevaughn,95237,Jamaica
17850139.0,URABE,Ran,91841,Japan
17850390.0,SARTORI,Murilo,95178,Brazil
17851445.0,TOMAR,Aishwary Pratap Singh,94600,India
17853760.0,HOOST,Irvin,92320,Suriname
17853901.0,OTA,Tomoki,91841,Japan
17854409.0,CHOO,Gaeun,92351,Republic of Korea
17854732.0,HARRIS,Medi,95254,Great Britain
17855850.0,CHEMUTAI,Immaculate,91575,Uganda
17857642.0,MCLEOD,Carey,95237,Jamaica
17857903.0,TEMPLE,Matthew,91357,Australia
17858028.0,RUANO,Adriana,92766,Guatemala
17861316.0,ZENG,Wenhui,100111,China
17864889.0,DUSTIN,Oliver,92761,Great Britain
17865127.0,NYE,Katherine,92092,United States
17865827.0,ALFRED,Julien,92576,Saint Lucia
17866435.0,RIVERA,Sebastian,11959,Puerto Rico
17866554.0,ISLAM,Ariful,92167,Bangladesh
17866680.0,CARDOZO ROJAS,Irismar Del Valle,11966,Venezuela
17866962.0,DÍAZ,Mario,89943,Cuba
17867476.0,ECHIKUNWOKE,Annette,91849,United States
17868092.0,HOLLARD,Tristan,91357,Australia
17868653.0,MESTRE,Alfonso,92607,Venezuela
17869598.0,MITCHELL,Jake,95184,United States
17869662.0,SASIA,Nazareno,94602,Argentina
17869827.0,KUSHARE,Sarvesh Anil,91760,India
17870330.0,LARA,Krystal,96252,Dominican Republic
17872889.0,FÁBIÁN,Sára,94477,Hungary
17874178.0,GIRMAY,Biniam,98869,Eritrea
17876349.0,CHITHRAVEL,Praveen,91760,India
17876468.0,ALCALA,Omailyn,11966,Venezuela
17876718.0,BORTHWICK,Emily,92761,Great Britain
17877453.0,PERKINS,Alex,91357,Australia
17878032.0,CHOI,Dong-Yeol,92558,Republic of Korea
17878179.0,RUSSELL,Masai,91849,United States
17879212.0,JANG,Kookhee,92351,Republic of Korea
17881064.0,MATTEAZZI,Pier Andrea,91971,Italy
17883734.0,XIE,Yu,92331,China
17885201.0,NORMAN,Phil,92761,Great Britain
17885215.0,JOGLOVÁ,Marcela,91602,Czech Republic
17885576.0,MU,Athing,91849,United States
17885729.0,WILLIAMS,Bridget,91849,United States
17886876.0,HALL,Quincy,91849,United States
17887436.0,SOLORZANO,Yamileth,11930,El Salvador
17889489.0,RICHARDSON,Sha'Carri,91849,United States
17889572.0,PANWAR,Divyansh Singh,94600,India
17889655.0,MOROZ,Daniela,96400,United States
17890188.0,CARBONARI,Anastasia,102351,Latvia
17890490.0,KETER,Benard,91849,United States
17891276.0,DAVIDOVICH,Alejandro,11581,Spain
17891996.0,HOLMES,Alexis,91849,United States
17894217.0,YU,Haicheng,92331,China
17894651.0,LAGANE,Christopher,98860,Mauritius
17895744.0,MILLER,Brandon,91849,United States
17897018.0,ANDERSSON,Caroline,102357,Sweden
17897982.0,THOMAS,Lanae-Tava,95237,Jamaica
17898238.0,KIM,Jangwoo,96937,Republic of Korea
17898930.0,OSRIN,Honey,95254,Great Britain
17900435.0,VEGA,Jerome,92292,Puerto Rico
17903106.0,ANUMBA,Ashley,97539,Nigeria
17905080.0,ANNING,Amber,92761,Great Britain
17907802.0,SEIDEL,Molly,91849,United States
17909002.0,LI,Jiangyan,89910,China
17910102.0,AIZAWA,Akira,91841,Japan
17910277.0,MATSUMOTO,Shiho,95181,Japan
17910417.0,RUTTY,Raegan,97156,Cayman Islands
17910443.0,WOOTEN,Jacob,91849,United States
17910450.0,HARRIS,Meg,91357,Australia
17911294.0,SAKAI,Ryuichiro,91841,Japan
17911591.0,ROMANO,Kristen,92234,Puerto Rico
17911892.0,MOURA,Thiago,96363,Brazil
17912341.0,BELL,Joshua,96380,Australia
17913245.0,DE FALBAIRE,Jean,92159,Mauritius
17913418.0,SYOUD,Jaouad,95810,Algeria
17914304.0,SUÁREZ,Jeison Alexander,91368,Colombia
17916553.0,HIRATA,Shiori,91618,Japan
17917135.0,BENITO,Mireia,95650,Spain
17919079.0,SHINNO,Tomohiro,91841,Japan
17920459.0,STEINACKER,Marike,94474,Germany
17921475.0,ARCHIBALD,Emanuel,91975,Guyana
17924009.0,FIKADU,Dawit,95288,Bahrain
17924605.0,NAKAJIMA,Keita,91637,Japan
17926890.0,SULLIVAN JR.,Darryl,91849,United States
17928331.0,GICQUEL,Solène,91520,France
17928850.0,CHAKIR,Ibrahim,95223,Spain
17929113.0,CAIRESS,Emile,92761,Great Britain
17929703.0,FERREIRA,José Fernando,96363,Brazil
17931104.0,AYUSO,Juan,95650,Spain
17932829.0,DEKKERS,Elizabeth,91357,Australia
17933433.0,BEN HLIMA,Maher,96888,Poland
17934337.0,FISHER-BLACK,Niamh,105593,New Zealand
17934382.0,PIOTROWSKA,Julia,90517,Poland
17935763.0,FRALEY,Veronica,91849,United States
17937241.0,VANSEVENANT,Mauri,98863,Belgium
17937754.0,HONSEL,Christina,94474,Germany
17938129.0,KIM,Woomin,92558,Republic of Korea
17938218.0,LUDWICZAK,Piotr,94476,Poland
17940166.0,SADULLAYEVA,Safina,91434,Uzbekistan
17940921.0,RAHMAN,Imranur,92614,Bangladesh
17941061.0,VIQUERAT,Antoine,89925,France
17944119.0,SEYNI,Aminatou,97586,Niger
17944120.0,CAMPOS,Daniela,98873,Portugal
17944829.0,CEDENO MARTINEZ,Euri,12053,Dominican Republic
17945460.0,IKARI,Yuki,95181,Japan
17945761.0,NARANGOLINTEVIDA,Abdulla,91760,India
17946536.0,MOLINAROLO,Elisa,91594,Italy
17946643.0,MCCARTER,Steffin,91849,United States
17946674.0,WANG,Zhen,89910,China
17948503.0,ALIZADA,Masomah,195189,Refugee Olympic Team
17949363.0,EBINA,Airi,104352,Japan
17950477.0,SU,Wen,89910,China
17951126.0,AMOAH,Joseph,95193,Ghana
17952354.0,O'HALLORAN,Tom,94973,Australia
17953323.0,MUÑOZ,Uziel,93121,Mexico
17954126.0,MÉTRAUX,Kim,93404,Switzerland
17954132.0,VILAGOŠ,Adriana,101446,Serbia
17954564.0,GOSHIMA,Rino,91841,Japan
17954754.0,FAST,Emelie,91826,Sweden
17956475.0,HOFFMAN,Lauren,95257,Philippines
17956686.0,BEDNAREK,Kenneth,91849,United States
17956758.0,LOKEDI,Sharon,95235,Kenya
17957562.0,BATTLE,Anavia,91849,United States
17958547.0,FOLLOWS,Kane,94047,New Zealand
17958897.0,AOKI,Ryoma,91841,Japan
17959416.0,GARCÍA,Yunisleydis,89943,Cuba
17959833.0,MUNKHBAT,Myagmarjargal,12059,Mongolia
17961199.0,WU,Xiangdong,89910,China
17962595.0,ANDISON,Bailey,91621,Canada
17963902.0,KOONTZ,Grant,89887,United States
17965247.0,KIM,Jaewon,15947,Republic of Korea
17965996.0,JONATHAS,Wadeline,91849,United States
17966024.0,HECHAVARRÍA,Andy,89943,Cuba
17966643.0,BELL,Connor,95176,New Zealand
17967422.0,WILLIAMSON,Samuel,91357,Australia
17968593.0,YANG,William,91357,Australia
17969733.0,WAFLER,Tim,94429,Austria
17970178.0,MORIWAKI,Yuito,9868,Japan
17970627.0,BERNAU,Madelynn,95182,United States
17971795.0,BONILLA,Andrea Paola,91997,Ecuador
17971984.0,BORCHASHVILI,Shamil,12037,Austria
17972176.0,STARK,Grace,91849,United States
17973859.0,MAEDER,Maximilian,92053,Singapore
17974842.0,MACH,Angelika,96888,Poland
17975611.0,O'KEEFFE,Fiona,91849,United States
17975914.0,NAVARRO,Royner,98856,Peru
17976279.0,GOTO,Yume,91841,Japan
17976840.0,TARAZI,Val,92971,Palestine
17978401.0,OUWEHAND,Vanessa,94047,New Zealand
17979426.0,BUCSA,Cristina,11581,Spain
17982257.0,LAMBERTI,Matteo,91971,Italy
17982389.0,STEYN,Gerda,91331,South Africa
17982472.0,ANGIOLINI,Lisa,91971,Italy
17982643.0,VOLLERING,Demi,99397,Netherlands
17984403.0,UEDA,Momone,91841,Japan
17984573.0,ETCHEVERRY,Tomás,17991,Argentina
17985069.0,MITCHELL,Kelsey,91483,Canada
17985365.0,OTABOR,Rhema,96929,Bahamas
17985593.0,HUNTER BELL,Georgia,92761,Great Britain
17988056.0,BASTOS GALINSKI,Ulan,91032,Brazil
17988293.0,LIGHTFOOT,Kc,91849,United States
17988673.0,KÜNZI,Tobias,8815,Switzerland
17990145.0,UKPESERAYE,Ese,95482,Nigeria
17990145.0,UKPESERAYE,Ese,96869,Nigeria
17992207.0,MAKRYGIANNIS,Evangelos,94631,Greece
17994140.0,KIM,Minsu,92351,Republic of Korea
17994175.0,SIDHU,Vijayveer,94600,India
17994464.0,SCHÄR,Cathia,92098,Switzerland
17994629.0,KAGIYAMA,Yuma,89921,Japan
17994708.0,WILLIAMS,Melissa,101489,South Africa
17995911.0,AGHAYEV,Balabay,8769,Azerbaijan
17995944.0,NAJAFOV,Yashar,8769,Azerbaijan
17995964.0,OBERHOLZER,Dallas,101489,South Africa
17996369.0,CRUZ,Amado,100739,Belize
17996437.0,SARAVI,Mohammadhadi Abdollah,11181,Iran
17996437.0,SARAVI,Mohammadhadi Abdollah,10244,Iran
17996853.0,NIRAGIRA,Ange Ciella,16589,Burundi
17996881.0,GONG,Li,13569,China
17996910.0,HABILA,Awusayiman,12066,China
17996912.0,BYAMBASUREN,Bat-Erdene,8817,Mongolia
17996941.0,MAGOMEDOV,Magomedkhan,15306,Azerbaijan
17997046.0,SIMMERS,Caitlin,93497,United States
17997101.0,DANIEL,Rahel,97583,Eritrea
17997198.0,NZIKWINKUNDA,Eric,92934,Burundi
17997208.0,ESCALERA,Natalia,92220,Mexico
17997213.0,GÓMEZ,Marcela Cristina,94602,Argentina
17997391.0,RANGEL,Vinícius,95048,Brazil
17997581.0,BIBOSSINOV,Saken,10218,Kazakhstan
17997607.0,MOZALEV,Andrey,201550,ROC
17998299.0,VENEGAS,Anyelin,94647,Venezuela
17998584.0,ZIELINSKA STUBINSKA,Weronika,92277,Poland
17998841.0,JENDOUBI,Mohamed Khalil,10224,Tunisia
17998846.0,HAFNAOUI,Ahmed,92808,Tunisia
17998908.0,LITVINTSEV,Vladimir,91528,Azerbaijan
17998934.0,ZULU,Simon,12465,Zambia
17998935.0,BHATTA,Soniya,11619,Nepal
17999110.0,DUDEK,Carlota,227851,France
17999124.0,NAKARAI,Shigeyuki,227812,Japan
17999179.0,AHMADOU YOUSSOUFOU,Salima,92172,Niger
17999191.0,CROCIANI,Alessio,91514,Italy
17999388.0,DU PREEZ,Ethan,94594,South Africa
17999391.0,KRITININA,Natalya,93366,Uzbekistan
17999461.0,FETISOVA,Ekaterina,97143,Uzbekistan
17999468.0,SOARES,Diogo,91777,Brazil
17999471.0,ELPITIYA BADALGE DONA,Milka Gehani,100765,Sri Lanka
17999493.0,WANG,Zilu,94022,China
17999498.0,RINCÓN,Anthony,92003,Colombia
17999518.0,KITAZONO,Takeru,94494,Japan
17999532.0,LEE,Yunseo,91524,Republic of Korea
17999533.0,TANG,Xijing,91858,China
17999560.0,FELIX,Delron,93160,Grenada
17999564.0,CROOKS,Jordan,93374,Cayman Islands
17999565.0,WYSE,Joshua,92977,Sierra Leone
17999581.0,PHIRI,Mia,93370,Zambia
17999626.0,PIETERSE,Puck,96328,Netherlands
17999657.0,PRINSLOO,Francois,91331,South Africa
17999661.0,NAZARENO,Aimara,91997,Ecuador
17999662.0,CONTE,Aissata Denn,97579,Guinea
17999686.0,OFILI,Favour,97539,Nigeria
17999701.0,CAMPOS,Lissandra Maysa,96363,Brazil
17999713.0,SEKGODISO,Prudence,91331,South Africa
17999721.0,GNORIEGA,Catalina,92041,United States
17999772.0,ADASHBAYEVA,Rigina,91572,Uzbekistan
17999817.0,ADAM,Ibadulla,92151,Maldives
17999837.0,GOUANED,Mohamed Ali,95764,Algeria
17999870.0,CLEMONS,Malcolm,91849,United States
17999885.0,ABEBE,Mekides,94034,Ethiopia
17999927.0,KHUDOYAROVA,Roksana,91434,Uzbekistan
17999933.0,AL BALUSHI,Ali,95816,Oman
17999963.0,VILAR,Lucas,96363,Brazil
17999965.0,SÁENZ,Martín,91472,Chile
18000000.0,BELLO,Ayomide Emmanuel,96640,Nigeria
18000046.0,BOUTOUIL,Samy,93161,Morocco
18000359.0,MAXWELL,Samara,89896,New Zealand
18000360.0,TANG,Xin,98872,China
18000534.0,GOJKOVIC,Bojana,18319,Montenegro
18000661.0,ROSENOV,Radoslav Simeonov,12432,Bulgaria
18000686.0,SZEREMETA,Julia,9410,Poland
18000883.0,OGUNSANYA,Christianah Tolulope,12422,Nigeria
18000896.0,MARIN,Milaimys,12406,Cuba
18001128.0,KORNELLI,Alina,95205,Austria
18001132.0,MARAMENIDES,Cameron,91766,Greece
18001162.0,TYSON,Tiger,97530,Antigua and Barbuda
18001501.0,AMBALA,Atuhaire,92171,Uganda
18001510.0,PINA,Jayla,93153,Cape Verde
18001526.0,LIMA,Lia,98160,Angola
18001536.0,PURAHOO,Ovesh,92970,Mauritius
18001539.0,PINA,Troy,93153,Cape Verde
18001548.0,MEDJAHED,Nesrine,95810,Algeria
18001647.0,MURAO,Sanshiro,10786,Japan
18001648.0,SAITO,Tatsuru,10786,Japan
18001773.0,LOVELACE,Liv,98724,AUS
18001802.0,WILSON,Keefer,98724,AUS
18001864.0,FAGÚNDEZ,Eric,99395,Uruguay
18001940.0,MUGISHA,Moise,102363,Rwanda
18002346.0,MELNIKOVA,Polina,201575,ROC
18002350.0,MNATSAKANIAN,Aik,15349,Bulgaria
18002350.0,MNATSAKANIAN,Aik,15328,Bulgaria
18002718.0,TING,Hua-Tien,92300,Chinese Taipei
18002751.0,LIANG,Yushuai,11984,China
18002802.0,LI,Wenlong,94496,China
18002803.0,SUN,Long,94496,China
18002821.0,WANG,Changhao,91428,China
18002992.0,SILVA,Luana,99976,Brazil
18003001.0,PICKLUM,Molly,93502,Australia
18003122.0,NAGAHARA,Yuro,101350,JPN
18003142.0,O'CALLAGHAN,Mollie,91357,Australia
18003178.0,HERNÁNDEZ,Lisbet,91045,Cuba
18003257.0,LI,Xue,92331,China
18003268.0,ABU RABEE,Zaid,91800,Jordan
18003939.0,GRINDHEIM,André,89949,Norway
18004111.0,SUNDERMAN,Patrick,95182,United States
18004231.0,KHOJIEVA,Farangiz,14612,Uzbekistan
18004305.0,BATHILY,Astan Katherine Féghé,9845,Côte d'Ivoire
18004424.0,WEILER,Carmen,91571,Spain
18004432.0,ANAK,Bertrand,90516,Malaysia
18004518.0,DUTRA,Rayan,93840,Brazil
18004638.0,VIEIRA,Juliana,11179,Brazil
18004834.0,SUN,Xiaoqian,12017,China
18005155.0,KURBANBAEVA,Iriskhon,14612,Uzbekistan
18005434.0,IBRAGIMOVA,Karina,10218,Kazakhstan
18005449.0,HAMZA,Malak,93843,Egypt
18005455.0,OLDHAM,Megan,91843,Canada
18005494.0,NAMIKI,Tsukimi,9868,Japan
18005638.0,WU,Yu,10228,China
18005667.0,GUO,Jessica Zi Jia,15073,Canada
18005733.0,HAN,Juyeop,11135,Republic of Korea
18005811.0,ARIAS,Yeni,10104,Colombia
18005821.0,ZIDANI,Amina,15333,France
18005824.0,PANGUANA,Alcinda,15382,Mozambique
18005836.0,KHELIF,Imane,8778,Algeria
18005838.0,ROMEU,Jucielen,12407,Brazil
18005840.0,JITPONG,Jutamas,10239,Thailand
18005843.0,SAMADOVA,Mijgona,12983,Tajikistan
18005853.0,WOOD,Gabriella,10280,Trinidad & Tobago
18006082.0,DESMOND,Elsa,95894,Ireland
18006120.0,KOK,Femke,93590,Netherlands
18006193.0,BAVUUDORJ,Baasankhuu,12416,Mongolia
18006359.0,AREFYEV,Artem,201553,ROC
18006379.0,KONGSHAUG,Peder,101293,Norway
18006536.0,MAHARANI,Maryam March,16582,Indonesia
18006608.0,XU,Shiyan,12017,China
18006650.0,ROZNER,Antoine,93402,France
18007072.0,PAVADE,Prithika,11120,France
18007232.0,TORRES,Andres,98228,Ecuador
18007250.0,ZHANG,Chutong,94496,China
18007254.0,FOSTER,Lucas,92538,United States
18007750.0,ZHOU,Jingyi,10693,Singapore
18008000.0,FLANAGAN,Eilish,96910,Ireland
18008033.0,GOUYETTE,Maël,91520,France
18008053.0,FITWI SIBHATU,Samuel,94474,Germany
18008070.0,JULIEN,Mélody,91520,France
18008081.0,HROCHOVÁ,Tereza,91602,Czech Republic
18008128.0,ROMANOV,Daniil,201600,ROC
18008133.0,BAGNIS,Amedeo,94471,Italy
18008298.0,OGUNBANWO,Abiola,92804,Nigeria
18008300.0,BECALI,Andrea,92058,Cuba
18008301.0,MATEUS,Alicia,95313,Mozambique
18008310.0,INCE,Kimberly,93160,Grenada
18008323.0,TOURÉ,Mariama,93367,Guinea
18008355.0,DALMASSO,Lucia,91794,Italy
18008356.0,SALIBOKO,Collins,93154,Tanzania
18008365.0,DAY,Noelani,98164,Tonga
18008416.0,YUSUF,Abdulla,96256,Bahrain
18008423.0,VINCENT,Davidson,92974,Haiti
18008427.0,KAZE,Odrina,92168,Burundi
18008459.0,HERNÁNDEZ,Nixon,92973,El Salvador
18008465.0,ZHALAYEV,Musa,92176,Turkmenistan
18008550.0,ABASS,Abobakr,92964,Sudan
18008560.0,SELO,Lina,92169,Ethiopia
18008561.0,BUARO,Ebrima,92803,Gambia
18008564.0,VIEGAS,José,103603,Timor-Leste
18008572.0,DUMBUYA,Tity,92977,Sierra Leone
18008617.0,GORDILLO,Erick,96243,Guatemala
18008707.0,GUO,Qing,11984,China
18008709.0,BARALO,Elliott,91754,Sweden
18008985.0,PITHIE,Laurence,105593,New Zealand
18009040.0,PALACIOS ESPINOZA,Maria Jose,15384,Ecuador
18009042.0,PACHITO,Erika,15384,Ecuador
18009060.0,GASKILL,Stacy,92538,United States
18009087.0,WANG,Haizhuo,91066,China
18009101.0,GUERILLOT,Vanina,97591,POR
18009790.0,ROUSSEAU,Cassiel,91751,Australia
18011281.0,BOWSHIRE,Jaxon,91751,Australia
18011401.0,TUNYTSKA,Yulianna,91557,Ukraine
18011403.0,GULLI,Anita,96391,Italy
18011494.0,YILAMUJIANG,Dinigeer,94904,China
18011919.0,MIKI,Tsubaki,91769,Japan
18012095.0,KALETA,Weronika,91629,Poland
18012097.0,YIN,Zheng,93788,China
18012105.0,LI,Yuxi,93788,China
18012560.0,KUHN,Kaila,94642,United States
18012562.0,ASH,Gabi,91375,Australia
18012599.0,DESCALUI,Doina,95895,Moldova
18012683.0,GUÐNADÓTTIR,Kristrún,96566,Iceland
18012793.0,LEE,Eui Jin,92675,Republic of Korea
18012796.0,UUSTALU,Aveli,92125,Estonia
18012800.0,BADELIHAN,Hadesi,94904,China
18012807.0,FOSSESHOLM,Helene Marie,94487,Norway
18012812.0,KÄLIN,Nadja,92781,Switzerland
18012823.0,PUEYO,Jaume,96913,Spain
18012824.0,SILVA,Manex,93716,Brazil
18012825.0,SIVOKOVÁ,Kristina,92029,Slovakia
18012836.0,DURSUN,Özlem Ceren,92674,Türkiye
18012851.0,POROMAA,William,94446,Sweden
18012877.0,GELETA,Deresa,94034,Ethiopia
18012949.0,JIALIN,Bayani,94904,China
18012968.0,KOBIELUSZ,Magdalena,91629,Poland
18012972.0,MCCABE,Novie,91559,United States
18012974.0,STEPANOVA,Veronika,201552,ROC
18012992.0,BORTOLAS,Iacopo,92543,Italy
18013000.0,BAUD,Mattéo,92586,France
18013039.0,GALUNIN,Artem,201586,ROC
18013053.0,BJØRSETH,Thea Minyan,92606,Norway
18013061.0,REPONEN,Perttu,91883,Finland
18013065.0,SADREEV,Danil,201551,ROC
18013091.0,YACHI,Sora,95212,Japan
18013092.0,SCHMIDT,Hannah,91843,Canada
18013102.0,ROES,Sven,94048,Netherlands
18013103.0,VAN 'T WOUT,Jens,94048,Netherlands
18013131.0,DARDERI,Luciano,10477,Italy
18013137.0,ARNALDI,Matteo,10477,Italy
18013171.0,MIYATA,Shogo,91764,Japan
18013282.0,CRUZ,Darian,11959,Puerto Rico
18013469.0,ULEKLEIV,Kristian Gamme,101293,Norway
18013507.0,DEROMEDIS,Simone,92135,Italy
18013764.0,BEBENDORF,Karl,94474,Germany
18013816.0,TODEV,Blagoy,91541,Bulgaria
18013868.0,LABASTAU,Mikita,91776,Belarus
18013888.0,HRISTOVA,Lora,91541,Bulgaria
18013898.0,TITA,Nefeli,92280,Greece
18014042.0,SORSCHAG,Sophie,94661,Austria
18014100.0,WRIGHT,Campbell,96386,New Zealand
18014121.0,CEZIKOVA,Anna,94095,Czech Republic
18014137.0,CORLESS,Natalie,91517,Canada
18014343.0,DRONOVA,Tamara,194638,ROC
18014343.0,DRONOVA,Tamara,233517,Individual Neutral Athlete
18014354.0,KAASIKU,Keidy,92125,Estonia
18014357.0,FONTAINE,Miha,91843,Canada
18014516.0,BORODA-DUDOCHKIN,Giorgiy,95196,Kazakhstan
18014838.0,WANG,Yuting,14577,China
18015085.0,CAI,Qi,12017,China
18015230.0,KUKUCZKA,Karolina,91629,Poland
18015255.0,VACEK,Mathias,95729,Czech Republic
18015288.0,TORSANI,Anna,93359,San Marino
18015289.0,ALIC,Esma,96374,Bosnia & Herzegovina
18015299.0,NOVÁKOVÁ,Barbora,96381,Czech Republic
18015311.0,CONSTANTIN,Maria Ioana,94052,Romania
18015357.0,TÓTH,Zita,94016,Hungary
18015857.0,GISLER,Bianca,92367,Switzerland
18015919.0,GATTI,Matteo,93359,San Marino
18016672.0,BACHSLEITNER,Niklas,94060,Germany
18016689.0,CERÚNDOLO,Francisco,17991,Argentina
18016714.0,MÜLLER,Jette,92352,Germany
18016719.0,FRASER,Amy,91843,Canada
18016802.0,YUAN,Jia Nan,11120,France
18016817.0,CLIFTON,Tuva'a,97129,Samoa
18016866.0,AZU,Jeremiah,92761,Great Britain
18016882.0,LOBO,Bruno,89924,Brazil
18016932.0,KATOUSI,Firas,10224,Tunisia
18016976.0,HUANG,Qibin,91462,China
18016981.0,WILKINSON,Alix,91818,United States
18016989.0,ARAMBURO,Emilia,94070,Chile
18016993.0,LÖVBLOM,Hilma,92322,Sweden
18017007.0,NOVÁ,Tereza,96381,Czech Republic
18017010.0,LEE,Wen-Yi,91392,Chinese Taipei
18017076.0,GRBOVIC,Aleksandar,95419,Montenegro
18017139.0,ZHAO,Jiawen,92662,China
18017166.0,TSITSIPAS,Petros,10483,Greece
18017186.0,AOUICH,Yassine,94436,Morocco
18017192.0,MAEDER,Carlos,92618,Ghana
18017201.0,TUCKER,Mary,95182,United States
18017573.0,SHIN,Jeahwan,91524,Republic of Korea
18017578.0,EOM,Dohyun,91524,Republic of Korea
18017589.0,LANDOLSI,Nihel,12018,Tunisia
18017704.0,VINOGRADOVS,Markuss,95897,Latvia
18017778.0,ATKIN,Sam,92761,Great Britain
18017834.0,SU,Yiming,96573,China
18017838.0,MELLY,Joan Chelimo,91838,Romania
18017840.0,LU,Yufei,91858,China
18017884.0,D'HONDT,Brooke,94050,Canada
18018428.0,HENRICKSEN,Dusty,92538,United States
18018438.0,BARUGH,Anja,99966,New Zealand
18018472.0,ABDELGHANY,Abdelrahman,10073,Egypt
18018619.0,MONTGOMERY,Sophia,95207,Thailand
18018687.0,SEJRANOVIC,Leon,8776,Australia
18018732.0,GRANADO,Yohandri,11954,Venezuela
18018763.0,NASAR,Karlos,92566,Bulgaria
18018765.0,KARAPETYAN,Garik,91980,Armenia
18018775.0,REEVES,Olivia,92092,United States
18018928.0,RICHARDSON,Lewis,10820,Great Britain
18019080.0,BAUTISTA,Alba,92376,Spain
18019146.0,MALDINI,Federico Nilo,91868,Italy
18019155.0,MÉSZÁROS,Eszter,94477,Hungary
18019377.0,MOJSOVSKA,Anastasija,96887,North Macedonia
18019388.0,MOSCHI,Christina,96966,Greece
18019391.0,SOLLAZZO,Danilo Dennis,91868,Italy
18019424.0,CECCARELLO,Sofia,91868,Italy
18019442.0,MULLER,Océanne,90493,France
18019497.0,KOGA,Yuta,91841,Japan
18019498.0,OLFATI,Mahdi,97154,Iran
18019520.0,GEMECHU,Tsehay,94034,Ethiopia
18019546.0,MUKHAMETYANOV,Vadim,194614,ROC
18019630.0,SHABALINA,Ekaterina,92137,Kazakhstan
18019643.0,NEDOROSCIK,Stephen,92027,United States
18019645.0,AN,Chang Ok,95195,DPR Korea
18019725.0,ALDAIHANI,Mohammad,91366,Kuwait
18019746.0,FAVORS,Eric,96910,Ireland
18019750.0,KELLY,Madeleine,91425,Canada
18019800.0,NAVARRETE,Esther,95223,Spain
18019858.0,AKINS,Nia,91849,United States
18019890.0,TORREALBA,Leodan,91508,Venezuela
18019919.0,MORENO,Geiner,91368,Colombia
18019959.0,ITO,Tatsuhiko,91841,Japan
18019974.0,SINANCEVIC,Armin,101446,Serbia
18019994.0,CHEMONGES,Felix,91575,Uganda
18020052.0,MULLINGS,Ken,96929,Bahamas
18020060.0,MONSON,Alicia,91849,United States
18020063.0,WILSON,Allie,91849,United States
18020153.0,SÁNCHEZ,Úrsula,93121,Mexico
18020158.0,MORGAN,Whittni,91849,United States
18020162.0,SUZUKI,Yuka,91841,Japan
18020226.0,TEFERI,Selamawit,94450,Israel
18020311.0,DIEHM,Natalya,172336,Australia
18020335.0,ASEMOTA,Duan,91425,Canada
18020367.0,GRIJALVA,Luis,91589,Guatemala
18020451.0,MERINGOR,Delvine,91838,Romania
18020464.0,EVANS,Clara,92761,Great Britain
18020482.0,KEJETA,Melat Yisak,94474,Germany
18020499.0,LAZRAQ-KHLASS,Auriana,91520,France
18020569.0,FAHNBULLEH,Joseph,92944,Liberia
18020589.0,BAILEY,Christopher,91849,United States
18020617.0,MCCANN,Luke,96910,Ireland
18020631.0,WOLDU,Mekdes,91520,France
18020640.0,KIM,Mose,92351,Republic of Korea
18020660.0,HABZ,Azeddine,91520,France
18020707.0,MASAI,Samwel,95235,Kenya
18020727.0,KURGAT,Edwin,95235,Kenya
18020816.0,EISA MOHAMMED,Jamal Abdelmaji,157941,Refugee Olympic Team
18020823.0,KASAI,Jun,91841,Japan
18020893.0,BANDO,Yuta,91841,Japan
18020926.0,OUKHELFEN,Abdessamad,95223,Spain
18021033.0,MOHAMED,Moamen Ahmed Rabie,10204,Egypt
18021097.0,DOUDOU,Ibtissem,14574,Algeria
18021394.0,SABLE,Avinash,91760,India
18021456.0,PENG,Ming-Yang,95199,Chinese Taipei
18021479.0,MOHAMED,Raphaël,91520,France
18021515.0,PANKOVA,Zuzana,92299,Slovakia
18021545.0,BASSITT,Trevor,91849,United States
18021949.0,LIN,Yu-Tang,95199,Chinese Taipei
18022171.0,SIDDIQUE,Diya,93442,Bangladesh
18022174.0,DO,Thi Anh Nguyet,91320,Vietnam
18022439.0,AMOS,Riley,94014,United States
18022495.0,MADEROVÁ,Zuzana,92004,Czech Republic
18022497.0,NADYRSHINA,Sofia,200954,ROC
18022522.0,MUÑOZ,Eulalio,94602,Argentina
18022600.0,OCAMPO,Daiana,94602,Argentina
18022626.0,FOFANA,Cédric,94084,Canada
18022635.0,PEPERKAMP,Melissa,95244,Netherlands
18022642.0,GILL,Liam,94050,Canada
18022653.0,POPPE,Evy,91490,Belgium
18022659.0,PAULINO,Marileidy,91442,Dominican Republic
18022661.0,CLAYTON,Tia,95237,Jamaica
18022681.0,BERRICHI,Amina,93361,Algeria
18022768.0,MORI,Ai,98030,Japan
18022778.0,ZHANG,Yuetong,100110,China
18022895.0,NAKAMURA,Yuka,91769,Japan
18023043.0,MCLEOD,Candice,95237,Jamaica
18023119.0,BAI,Li,89910,China
18023123.0,KRAFZIK,Carolina,94474,Germany
18023135.0,SCOTT,Gabby,92292,Puerto Rico
18023296.0,HEATHCOCK,Colin,12029,United States
18023457.0,GBAI,Jessika,91544,Côte d'Ivoire
18023552.0,FINOT,Alice,91520,France
18023555.0,BOURGOIN,Anaïs,91520,France
18023665.0,AMINE,Myles Nazem,13992,San Marino
18023671.0,CHAN,Nok Sze Daphne,10213,"Hong Kong, China"
18023810.0,SPENCER,Adam,96375,Australia
18023848.0,REATH,Yual,96375,Australia
18024283.0,TANG,Junyao,14577,China
18024342.0,YASSEEN,Mohamed,15341,Egypt
18024362.0,HUSSEIN,Aya,15341,Egypt
18024437.0,RAMAZANOV,Magomed Eldarovitch,15328,Bulgaria
18024439.0,SILOT TORRES,Arturo,12406,Cuba
18024448.0,GABR,Mohamed Ali Elsayed,10204,Egypt
18024506.0,KUBÍN,Robert,95795,Slovakia
18024526.0,KANTOR,Sharon,91765,Israel
18024556.0,ABDUSATTOROVA,Ziyodakhon,94445,Uzbekistan
18024562.0,CASTRYCK,Titouan,91449,France
18024615.0,TAMBLING,Lola,98385,Great Britain
18024740.0,JAVADI,Mir Mostafa,91738,Iran
18024754.0,LI,Wenwen,92887,China
18024759.0,GEBBIE,Luke,92933,Philippines
18024792.0,VILLEGAS SERNA,Queen,177724,Colombia
18024860.0,HARRISON,Michelle,91425,Canada
18024863.0,JONES,Jasmine,91849,United States
18024871.0,CHEN,Jiamin,89910,China
18024928.0,CHATFIELD,Emelia,95269,Haiti
18024966.0,CALEL,José Oswaldo,91589,Guatemala
18025244.0,CASAS,Shaine,95184,United States
18025351.0,COLBERT,Freya,95254,Great Britain
18025429.0,YU,Yiting,91428,China
18025490.0,GÜRTH,Olivia,94474,Germany
18025500.0,KOSONEN,Silja,92122,Finland
18025501.0,ŠTEFELA,Jan,91602,Czech Republic
18025510.0,HUMMEL,Merlin,94474,Germany
18025511.0,BONNIN,Marie-Julie,91520,France
18025514.0,ABEYKOON,Yupun,94442,Sri Lanka
18025525.0,MASALELA,Tshepiso,92017,Botswana
18025537.0,LLOYD,Joella,97587,Antigua and Barbuda
18025574.0,ALANEN,Anni-Linnea,92122,Finland
18025681.0,JÆGER,Henriette,94497,Norway
18025706.0,QIN,Weibo,89910,China
18025719.0,EMIG,Robin,91520,France
18025741.0,MASWANGANYI,Shaun,91331,South Africa
18025752.0,ROSS,Randolph,91849,United States
18025781.0,MARAVAL,Louise,91520,France
18025797.0,PRYCE,Nickisha,95237,Jamaica
18025807.0,EBOSELE,Tessy,95223,Spain
18025853.0,AQUILLA,Adelaide,91849,United States
18025864.0,AMMIRATI,Anthony,91520,France
18025944.0,PÉREZ,Leyanis,89943,Cuba
18025978.0,MAHMOUD,Abdelrahman,95288,Bahrain
18025981.0,MARTÍNEZ,Asier,95223,Spain
18026053.0,LI,Yandong,89910,China
18026061.0,ZELEKE,Samuel,94034,Ethiopia
18026119.0,ALDRIN,Jeswin,91760,India
18026157.0,MULLINGS,Ralford,95237,Jamaica
18026158.0,BECKFORD,Romaine,95237,Jamaica
18026352.0,KATIR,Mohamed,95223,Spain
18026382.0,HASSAN,Abdirahman,96945,Qatar
18026496.0,JAT,Bhawna,91760,India
18026622.0,HAGITANI,Kaede,91841,Japan
18026700.0,DE KLERK,Miné,91331,South Africa
18026784.0,EJORE,Susan Lokayo,95235,Kenya
18026862.0,REASCO VALDEZ,Genesis Rosangela,8779,Ecuador
18026897.0,PENG,Jianhua,89910,China
18026906.0,PINZON,Diego,91368,Colombia
18026963.0,ALSALAMI,Mohammad Amin,157941,Refugee Olympic Team
18026993.0,MADARI PILLYALIL,Jabir,91760,India
18026998.0,ALSHAMMARI,Mudhawi,92288,Kuwait
18027010.0,AISAH,Windy Cantika,92101,Indonesia
18027063.0,ALMATROOSHI,Yousuf,95317,United Arab Emirates
18027160.0,KWON,Eunji,92351,Republic of Korea
18027166.0,KARTBAY,Meirambek,11157,Kazakhstan
18027190.0,OVCHINNIKOVA,Kristina,91386,Kazakhstan
18027191.0,APOSTOLOVSKI,Lia,91832,Slovenia
18027266.0,PILKINGTON,Greta,90495,New Zealand
18027277.0,NICHOLS,Monae',91849,United States
18027333.0,SANCHO,Sebastian,11614,Costa Rica
18027371.0,FEUILLET,Remi,8812,Mauritius
18027373.0,MARENCO,Izayana,15711,Nicaragua
18027443.0,ARCILA,Santiago,95866,COL
18027447.0,ACOSTA GIRALDO,Valentina,95866,COL
18027490.0,KUMAR,Ashish,15995,India
18027540.0,OKAZAWA,Sewonrets Quincy Mensah,9868,Japan
18027797.0,LONG,Jinbao,100110,China
18027804.0,AEBERHARD,Nadine,94143,Switzerland
18027807.0,SIMPSON,Molly,101307,Canada
18027855.0,CERNANSKA,Viktoria,91823,Slovakia
18027946.0,SEVILLE,Oblique,95237,Jamaica
18028023.0,BARBOSA,Kurt Bryan,10791,Philippines
18028080.0,CLEMONS,Christina,91849,United States
18028091.0,VOROBEVA,Elena,92084,Croatia
18028092.0,HUNT,Emma,94728,United States
18028216.0,INAMI,Mone,91637,Japan
18028986.0,HAN,Xuezhen,10228,China
18029038.0,SHERAR,Zoe,91425,Canada
18029188.0,TOZIER,Rachel,95182,United States
18029219.0,ISHANOV,Olimjon,96249,Tajikistan
18029756.0,KENNY,David,96910,Ireland
18029771.0,STEY,Pauline,91520,France
18029855.0,ABUTALEB,Dunya,10794,Saudi Arabia
18030462.0,SIMMERMACHER,Magdalena,92217,Argentina
18030654.0,WANG,Nan,91535,China
18030656.0,YANG,Xiaoxu,91535,China
18030679.0,CHIEN,Tung-Chuan,12008,Chinese Taipei
18030691.0,NAKAYAMA,Funa,101350,JPN
18030692.0,MOMIJI,Nishiya,101350,JPN
18030733.0,BACHER,Daniel,90490,Austria
18030770.0,LEGNAVSKY,Gustav,99966,New Zealand
18030773.0,FAULHABER,Hanna,94642,United States
18030782.0,DONAGGIO,Leonardo,92135,Italy
18030786.0,YANG,Shuorui,91066,China
18030788.0,ORLOVA,Ksenia,201529,ROC
18030821.0,KORAYIEM,Ibrahim,92077,Egypt
18031280.0,PONKRATOVA,Elizaveta,201529,ROC
18031304.0,XIAO,Jiaruixuan,92331,China
18031332.0,TSUNODA,Ai,8771,Spain
18031357.0,KAWAMURA,Anri,92019,Japan
18031392.0,GRAUR,Olessya,92236,Kazakhstan
18031395.0,SYSOEV,Kirill,201529,ROC
18031405.0,OWENS,Kai,94642,United States
18031421.0,CASS,Sabrina,98569,Brazil
18031457.0,SINGH,Esha,94600,India
18031697.0,HUSEYNOV,Nijat,11967,Azerbaijan
18031702.0,IBARRECHE CONDE,Oier,12428,Spain
18031815.0,HOFSTAD,Sunniva,11123,Norway
18031963.0,SCHMID,Aker,194580,Refugee Olympic Team
18031983.0,LAZOGIANIS,Lucas,16005,Germany
18032082.0,ALCARAZ,Carlos,11581,Spain
18032094.0,SHNAIDER,Diana,232999,Individual Neutral Athlete
18032252.0,SECCHI,Clément,89925,France
18032253.0,MARCHAND,Léon,89925,France
18032381.0,KEJLSTRUP SORENSEN,Malene,98012,Denmark
18032424.0,KWON,Halim,92043,Republic of Korea
18032426.0,NDORI,Bayapo,92017,Botswana
18032465.0,DALEIDEN,Ralph,93152,Luxembourg
18032466.0,DRUENNE,Théo,92163,Monaco
18032583.0,WILDSCHUTT,Adrian,91331,South Africa
18032630.0,BORZOR,Christopher,95269,Haiti
18032684.0,MAGANGA GORRA,Guy,92147,Gabon
18032733.0,PACHECO,Juan,93121,Mexico
18032741.0,ROOKS,Kenneth,91849,United States
18032763.0,PILLAY,Lythe,91331,South Africa
18032789.0,KOYAMA,Naoki,91841,Japan
18032832.0,CATROFE,Santiago,89913,Uruguay
18032846.0,JONES,Terrence,96929,Bahamas
18032862.0,NTWENG,Victor,92017,Botswana
18032877.0,KIM,Yeongtaek,92043,Republic of Korea
18032883.0,TAMAI,Rikuto,95252,Japan
18032945.0,MOLLÀ,Mario,91571,Spain
18032971.0,PALOUDOVÁ,Anežka,94611,Czech Republic
18033083.0,HILLIER,Daniel,89917,New Zealand
18033132.0,HAZZARD,Halle,92608,Grenada
18033138.0,CAMPBELL,Rajindra,95237,Jamaica
18033154.0,CHEKAN,Vladyslav,91439,Ukraine
18033173.0,PULIDO,Celia,91598,Mexico
18033180.0,MATVEYEVA,Yelizaveta,91386,Kazakhstan
18033187.0,SAHLI,Hamza,91445,Morocco
18033419.0,BROWN,Joseph,91849,United States
18033424.0,VAN VUUREN,Jovan,91331,South Africa
18033493.0,HAMILTON,Rowan,91425,Canada
18033707.0,ROSIUS,Rani,91068,Belgium
18033862.0,BENINI FLORIANI,Chiara,91740,Italy
18033915.0,WINBERG,Hampus,95122,Sweden
18033932.0,BUTLER,Aaliyah,91849,United States
18033975.0,LICONA,Lina Esther,91368,Colombia
18033981.0,LONG,Mckenzie,91849,United States
18033986.0,YEARGIN,Nicole,92761,Great Britain
18034056.0,LARCHERON,Madeleine,95110,FRA
18034059.0,HEYN,Paige,93865,United States
18034060.0,PINSON,Poe,93865,United States
18034104.0,SARKKINEN,Jonni Kunnari,10238,Finland
18034178.0,RAMÍREZ,Andrea,93121,Mexico
18034332.0,VALDIVIA,Thalía,92612,Peru
18034435.0,USORO,Ruth,97539,Nigeria
18035307.0,ERGASHEV,Khabibullo,92258,Uzbekistan
18035370.0,KEHLI,Zohra Nora,10690,Algeria
18035449.0,WESEMANN,Moritz,92352,Germany
18035508.0,AOKUSO,Paulo,11102,Australia
18035741.0,VERYASOV,Ivan,194291,ROC
18035746.0,KHATAYEV,Imam,194291,ROC
18035755.0,SCHELSTRAETE,Victor,10207,Belgium
18035762.0,SCHACHIDOV,Magomed,11160,Germany
18035763.0,BAKSHI,Gleb,194291,ROC
18035769.0,ALIEV,Mourad,15333,France
18035848.0,GHADFA DRISSI EL AISSAOUI,Ayoub,12428,Spain
18035852.0,ALFONSO DOMINGUEZ,Loren Berto,11967,Azerbaijan
18035906.0,GERASIMOVA,Elena,194642,ROC
18035914.0,CASALI,Lorenzo Minh,94443,ITA
18035925.0,MAHMOUD,Jana,91611,Egypt
18035928.0,PRAASTERINK,Else,92078,Netherlands
18035934.0,VAELEN,Lisa,91355,Belgium
18035956.0,GUAN,Chenchen,91858,China
18035967.0,MOORE,Jesse,92756,Australia
18035968.0,CUYLE,Glen,91355,Belgium
18035979.0,LEE,Dayeong,91524,Republic of Korea
18035986.0,HERON,Hillary,93669,Panama
18035999.0,SOARES,Julia,91777,Brazil
18036010.0,WHITEHOUSE,Luke,94067,Great Britain
18036044.0,OU,Yushan,91858,China
18036048.0,OKA,Shinnosuke,94494,Japan
18036051.0,SHIN,Solyi,91524,Republic of Korea
18036052.0,RYU,Sunghyun,91524,Republic of Korea
18036055.0,LISTUNOVA,Viktoriia,194642,ROC
18036113.0,LEE,Cassandra,92018,Canada
18036115.0,GADIROVA,Jennifer,94067,Great Britain
18036116.0,GADIROVA,Jessica,94067,Great Britain
18036122.0,SPENDOLINI SIRIEIX,Andrea,89933,Great Britain
18036210.0,TAVANO,Asya,10221,Italy
18036491.0,LYTVYNENKO,Yelyzaveta,11988,Ukraine
18036548.0,MWEA,Lataisi,95811,Kiribati
18036556.0,KAKIOUEA,Winzar,92287,Nauru
18036594.0,TORO SOLER,Ariane,8771,Spain
18036598.0,ASKILASHVILI,Eter,8808,Georgia
18036602.0,HAJIYEV,Eljan,8769,Azerbaijan
18036664.0,WOLCZAK,Yam,11985,Israel
18036705.0,MAGISTRATI,Abigail,94449,Argentina
18036766.0,NAJJAR,Lais,93537,Syria
18036778.0,MILADINOV,Josif,91601,Bulgaria
18036779.0,ASLAN,Yigit,92048,Türkiye
18036781.0,LIA,Nicholas,89949,Norway
18036785.0,PILATO,Benedetta,91971,Italy
18036786.0,CHIKUNOVA,Evgeniya,194639,ROC
18036798.0,TUNÇEL,Merve,92048,Türkiye
18036811.0,RICHARDS,Matthew,95254,Great Britain
18036898.0,COSTEA,Bianca,91977,Romania
18036902.0,REBELO,Camila,91070,Portugal
18036906.0,LEVTEROV,Kaloyan,91601,Bulgaria
18036913.0,WHITTLE,Jacob,95254,Great Britain
18036926.0,VANOTTERDIJK,Roos,91432,Belgium
18036939.0,BLAŽEVSKA EMINOVA,Mia,92342,North Macedonia
18037149.0,SAKA,Berke,92048,Türkiye
18037152.0,COSTA,João,91070,Portugal
18037156.0,MARKOS,Dimitrios,94631,Greece
18037234.0,VANNINEN,Saga,92122,Finland
18037268.0,SELIN,Artem,92362,Germany
18037582.0,ÇITAK,Yigit Yalçin,91044,Türkiye
18037717.0,SEO,Chaehyun,98335,Republic of Korea
18037727.0,PRINCE,Conner,95182,United States
18037730.0,CAN,Sena,92561,Türkiye
18037825.0,BARRETT,Stephanie,97563,CAN
18038197.0,DEGUCHI,Kelly,11148,Canada
18038285.0,LEKIC,Jovan,93155,Bosnia & Herzegovina
18038368.0,VAN DER DUIN,Maike,89885,Netherlands
18038379.0,FINUCANE,Emma,89899,Great Britain
18038404.0,TEUTENBERG,Tim Torn,90116,Germany
18038408.0,JÜRISSON,Peeter,91614,Estonia
18038476.0,KOUAMÉ,Taky Marie-Divine,96340,France
18038543.0,ALI,Chituru,91594,Italy
18038550.0,STOJOSKI,Jovan,92148,North Macedonia
18038656.0,MCGLYNN,Michael,107900,South Africa
18038729.0,ALDASS,Sanda,62303,Refugee Olympic Team
18038737.0,RAKOTOARIMANANA,Fabio,11063,Madagascar
18038800.0,RUPPERT,Frederik,94474,Germany
18038914.0,SZPERKIEWICZ,Katarzyna,91364,Poland
18038928.0,MARTINEZ,Pablo,91881,Spain
18039023.0,ALIKAJ,Ahmad,62303,Refugee Olympic Team
18039025.0,BADAWI,Fares,11612,Palestine
18039029.0,DAHOUK,Muna,62303,Refugee Olympic Team
18039043.0,EBERT,Fay,103585,Canada
18039269.0,ROESSELING,Enja,91606,Germany
18039304.0,PETROV,Zakhar,230934,Individual Neutral Athlete
18039548.0,DAVIS,Stephanie,92761,Great Britain
18039611.0,CHEN,Yuxi,89939,China
18039846.0,ERATI,Kaimauri,95781,Kiribati
18039977.0,SHAMSHAYEV,Daniyar,9850,Kazakhstan
18040184.0,HO,Ian,94465,"Hong Kong, China"
18040234.0,SCHMID,Matthias,92136,Germany
18040248.0,DERKOSKI,Filip,92342,North Macedonia
18040250.0,OTOGBE,Mawupemon,92968,Togo
18040252.0,HWANG,Sun-Woo,92558,Republic of Korea
18040357.0,IKROMOVA,Takhmina,97143,Uzbekistan
18040360.0,HORREGO,Julio,92812,Honduras
18040367.0,JENFT,Paul,94965,France
18040437.0,SALEH,Aliaa,92024,Egypt
18040472.0,NIKOLOVA,Stiliana,94030,Bulgaria
18040536.0,TANIYEVA,Elzhana,95766,Kazakhstan
18040575.0,VARFOLOMEEV,Darja,95249,Germany
18040901.0,MURARO,Alice,91594,Italy
18040953.0,RIVA,Federico,91594,Italy
18041042.0,POHORILKO,Oleksandr,91581,Ukraine
18041060.0,VERHEYDEN,Ruben,91068,Belgium
18041108.0,CAMPAGNE,Tom,91520,France
18041268.0,SHARKHAN,Nurlykhan,9850,Kazakhstan
18041274.0,JOACHIM,Alex,98155,St. Vincent & the Grenadines
18041276.0,GAFFOOR,Aniqah,96250,Sri Lanka
18041278.0,MASEI,Micah,95319,American Samoa
18041282.0,RAHARVEL,Jonathan,93382,Madagascar
18041283.0,FRANK,Nicole,92972,Uruguay
18041301.0,JØNTVEDT,Jon,89949,Norway
18041303.0,MARTÍNEZ,Angela,100250,Spain
18041307.0,DE TULLIO,Luca,91971,Italy
18041324.0,HASSOUNA,Audai,96245,Libya
18041327.0,CASTILLO,Gabriel,95308,Bolivia
18041330.0,KADIU,Kledi,98156,Albania
18041368.0,KONDIROLLI,Olt,98493,Kosovo
18041369.0,ALOVATKI,Pavel,91747,Moldova
18041700.0,GORDO,Salvador,98160,Angola
18041702.0,KIM,Min-Seop,92558,Republic of Korea
18041704.0,AIMABLE,Steven,92170,Senegal
18041706.0,DEFREITAS,Mya,98155,St. Vincent & the Grenadines
18041707.0,VAN DER WESTHUIZEN,Paige,91988,Zimbabwe
18041756.0,EMMANOUILIDOU,Polyniki,97537,Greece
18041778.0,FELFNER,Artur,91581,Ukraine
18041840.0,IVANCHENKO,Alena,233517,Individual Neutral Athlete
18041918.0,MIHKELS,Madis,95734,Estonia
18042020.0,BRENDEL,Pascal,92884,GER
18042028.0,BORDACHYOVA,Ekaterina,96249,Tajikistan
18042043.0,ROSAMILIA,Valentina,95229,Switzerland
18042085.0,AHMED,Junayna,92167,Bangladesh
18042086.0,TENZIN,Sangay,92173,Bhutan
18042087.0,HEM,Puch,95311,Cambodia
18042148.0,LANGENEGGER,Florian,94608,Switzerland
18042165.0,MARAANA,Adam,92897,Israel
18042168.0,SAVICKAS,Aleksas,90494,Lithuania
18042185.0,POPOVICI,David,91977,Romania
18042188.0,RIBEIRO,Diogo,91070,Portugal
18042221.0,BERNAT,Laura,94476,Poland
18042231.0,ANTONIOU,Nikolas,95192,Cyprus
18042238.0,VALIZADE,Ramil,93376,Azerbaijan
18042384.0,FÁBIÁN,Bettina,103835,Hungary
18042407.0,CARRASCO,Emma,91571,Spain
18042426.0,ESPERNBERGER,Martin,96377,Austria
18042446.0,KULJACA,Jovana,95157,Montenegro
18042457.0,SHEIKHALIZADEHKHANGHAH,Maryam,93376,Azerbaijan
18042471.0,GATT,Sasha,93378,Malta
18042493.0,MÄRTENS,Leonie,92362,Germany
18042493.0,MÄRTENS,Leonie,101044,Germany
18042500.0,BROWN,Charles,92045,Great Britain
18042549.0,CLARKE,Ryan,91854,Netherlands
18042557.0,FREIRE,Samuel,95170,Cape Verde
18042566.0,DE VEER,Martijn,96969,Netherlands
18042575.0,LEDUC,Audrey,91425,Canada
18042606.0,XIE,Zhiyu,89910,China
18042607.0,SADIKI,Abdellatif,91445,Morocco
18042620.0,KROP,Jacob,95235,Kenya
18042641.0,KHIYARA,Lina,93161,Morocco
18042642.0,SCHUTZMEIER,Maria,92175,Nicaragua
18042653.0,CORTES,Alma Delia,93121,Mexico
18042662.0,COOPER,Daily,89943,Cuba
18042670.0,PARISOT,Helene,91520,France
18042680.0,BATISTA,Ketiley,96363,Brazil
18042709.0,YAMAMOTO,Yuma,91841,Japan
18042711.0,YAMANAKA,Yuno,91841,Japan
18042745.0,ASSANI,Mikaelle,94474,Germany
18042760.0,WDOWIK,Oliwer,96888,Poland
18042912.0,MPALI,Adam,98159,Gabon
18042913.0,HOUSSEIN,Houmed,92982,Djibouti
18042914.0,EFREM,Ghirmai,92811,Eritrea
18042915.0,MIKO,Diosdado,92979,Equatorial Guinea
18042923.0,MPALI,Aya,98159,Gabon
18042945.0,GARCIA,Eduardo,92145,Virgin Islands
18043025.0,BARBERENA,Edwin,94671,Nicaragua
18043295.0,ALEKNA,Mykolas,94493,Lithuania
18043330.0,GRØNSTAD,Tobias,94497,Norway
18043338.0,EDLUND,Oskar,91373,Sweden
18043344.0,SICAKOVÁ,Petra,91602,Czech Republic
18043517.0,FINNEGAN,Aleah,100764,Philippines
18043520.0,MALONE,Brody,92027,United States
18043977.0,WOOD,Cameron,101310,United States
18043983.0,VAUGHN,Daleny,101310,United States
18043997.0,RIDENOUR,Payton,101310,United States
18044005.0,VERKEST,Jutta,91355,Belgium
18044019.0,SANTANA MARIN,Jose Luis,93121,Mexico
18044021.0,HASSAN,Benjamin,17465,Lebanon
18044095.0,MOERZ,Charlize,91857,Austria
18044685.0,HOLUBOVÁ,Adéla,91402,Czech Republic
18044747.0,MITTERWALLNER,Mona,90478,Austria
18044762.0,MI,Jiujiang,93744,China
18044806.0,AKAMA,Rizu,101350,JPN
18044812.0,NUEVO SEGURA,Katherin,92231,Cuba
18044925.0,HARRISON,Nevin,91842,United States
18045215.0,LABIB,Ali,99390,Iran
18045235.0,CLARKE,Cheavon,10820,Great Britain
18045281.0,ELOR,Amit,12055,United States
18045283.0,PANGHAL,Antim,11175,India
18045308.0,BLADES,Kennedy Alexis,12055,United States
18045336.0,HOODA,Reetika,11175,India
18045402.0,HERNANDEZ,Miguelina,12053,Dominican Republic
18045405.0,MARTE,Rodrigo,12053,Dominican Republic
18045407.0,DAVIS,Keyshawn,12035,United States
18045408.0,CAICEDO,Jean,15384,Ecuador
18045411.0,VERON,Francisco Daniel,10120,Argentina
18045413.0,TEIXEIRA,Abner,12407,Brazil
18045418.0,CRUZ SANDOVAL,Brianda Tamara,15952,Mexico
18045428.0,LUCAR JAIMES,Jose Maria,12985,Peru
18045431.0,PEZO SABOYA,Leodan,12985,Peru
18045442.0,ELLIS,Rashida,12035,United States
18045444.0,GONZALEZ LANDAZURI,Yilmar,10104,Colombia
18045633.0,KNIGHT,Jessie,92761,Great Britain
18046974.0,BELLIO,Katrina,91621,Canada
18047052.0,HUSKE,Torri,95184,United States
18047173.0,FALLON,Matt,95184,United States
18047174.0,FEI,Liwei,91428,China
18047235.0,SHORT,Sam,91357,Australia
18047262.0,TANIGAWA,Ageha,95181,Japan
18047268.0,MITSUI,Airi,95181,Japan
18047428.0,SCOTTO DI CARLO,Viola,91971,Italy
18047432.0,TANG,Muhan,91428,China
18047441.0,WAN,Letian,91428,China
18047730.0,CASTAÑO,Gabriel,91598,Mexico
18047790.0,ALEXY,Jack,95184,United States
18047799.0,MATHENY,Josh,95184,United States
18047892.0,CHRISTIANSON,Tyler,93380,Panama
18047975.0,HAN,An-Chi,94601,Chinese Taipei
18048013.0,CURZAN,Claire,95184,United States
18048064.0,EL BARODI,Imane,93161,Morocco
18048073.0,GEMMELL,Erin,95184,United States
18048084.0,WEBER,Emma,95184,United States
18048087.0,RATHWELL,Regan,91621,Canada
18048182.0,JACOBY,Lydia,95184,United States
18048442.0,PIHELA,Elisabeth,92083,Estonia
18048466.0,MULETA,Lomi,94034,Ethiopia
18048467.0,WONDEMAGEGN,Zerfe,94034,Ethiopia
18048585.0,VARILLAS,Juan Pablo,10482,Peru
18048767.0,SMALL,Aaron,91842,United States
18048768.0,DEL RIO,Adrian,91881,Spain
18048900.0,ESMAEILI LEIVESI,Saeid Morad Gholi,10244,Iran
18049333.0,KRAVETS,Uladzislau,230934,Individual Neutral Athlete
18049401.0,STRAKA,Martin,101046,Czech Republic
18049414.0,AMARSAIKHAN,Adiyasuren,12416,Mongolia
18049522.0,CHMIELEWSKI,Michal,94476,Poland
18049525.0,KLEMET,Oliver,101044,Germany
18049525.0,KLEMET,Oliver,92362,Germany
18049563.0,GRAND'PIERRE,Émilie,92974,Haiti
18049564.0,GRAND'PIERRE,Alexandre,92974,Haiti
18049565.0,SANTOS,Emily,93380,Panama
18049672.0,CHRISTOPHER,Marcus,177723,United States
18049711.0,TSUTSUE,Kaito,91841,Japan
18049722.0,MIURA,Ryuji,91841,Japan
18049772.0,FALCÓN,Rodolfo,92058,Cuba
18049847.0,GUCEK,Matic Ian,91832,Slovenia
18049942.0,GONZÁLEZ,José,91442,Dominican Republic
18050527.0,MIROSLAW,Aleksandra,93919,Poland
18050725.0,PARRIS,Mason Mark,12055,United States
18050956.0,GONZALEZ,Ana Paula Godinez,10824,Canada
18051006.0,ABOUELHASSAN,Youssef,94433,Egypt
18051010.0,RAMSAY,Ella,91357,Australia
18051022.0,PEÑA,Ricardo,94431,Mexico
18051034.0,KUSKOVA,Yanina,95647,Uzbekistan
18051037.0,VELASCO,Victoria,94431,Mexico
18051443.0,VENCKAITIS,Mindaugas,11117,Lithuania
18052217.0,JÁSZO,Ádám,94021,Hungary
18052221.0,YONG,Joshua,91357,Australia
18052452.0,SHEEHAN,Miriam,92234,Puerto Rico
18052997.0,MORAES,Eduardo,95178,Brazil
18053058.0,NAMGYEL,Ngawang,12999,Bhutan
18053071.0,PAOLI,Alessandro,91529,ITA
18053127.0,VAN ZUNDERT,Lindsay,96398,Netherlands
18053131.0,VALIEVA,Kamila,201550,ROC
18053210.0,WOODGATE,James,91625,Great Britain
18053212.0,KIM,Je Deok,91328,Republic of Korea
18053244.0,MUCINO-FERNANDEZ,Jennifer,92041,United States
18053270.0,YILDIRMIS,Abdullah,91448,TUR
18053315.0,TAI,Yu-Hsuan,91526,Chinese Taipei
18053326.0,JANG,Minhee,91328,Republic of Korea
18053339.0,HEALEY,Penny,91625,Great Britain
18053357.0,CHIU,Yi-Ching,91526,Chinese Taipei
18053416.0,LILLEY,Ruby,93865,United States
18053528.0,ORTIZ,Alondra,91371,Costa Rica
18053530.0,COSTA,Maria Fernanda,95178,Brazil
18053543.0,NÚÑEZ DEL PRADO,Esteban,95308,Bolivia
18053546.0,CISTERNAS,Eduardo,91749,Chile
18053555.0,CYPRIANOS,Denilson,91988,Zimbabwe
18053556.0,MASCARENHAS,Henrique,98160,Angola
18053558.0,TAYLOR,Lamar,96927,Bahamas
18053566.0,WILSON,Maximillian,95310,Virgin Islands
18053576.0,COETZE,Pieter,94594,South Africa
18053582.0,GRESHAM,Zackary,93160,Grenada
18053652.0,FERNANDES DOS RAMOS,Roque,97134,Sao Tome & Principe
18053658.0,SENEVIRATHNE,Ganga,96250,Sri Lanka
18053716.0,TAI TIN,William,16587,Samoa
18053727.0,ZELINSKAYA,Anastasiya,93366,Uzbekistan
18053731.0,FARRO,Chloe,92166,Aruba
18053735.0,RABEJAONA,Antsa,93382,Madagascar
18053741.0,KATAI,Donata,91988,Zimbabwe
18053742.0,EGNER,Maxine,96258,Botswana
18053754.0,MAKWENDA,Jessica,92816,Malawi
18053759.0,ALONSO,Luana,98161,Paraguay
18053766.0,NAMUTEBI,Kirabo,92171,Uganda
18053768.0,YEGRES,María,92607,Venezuela
18053771.0,YUSUF ABDULLA,Noor,96256,Bahrain
18053776.0,LYN,Sabrina,95218,Jamaica
18053817.0,KHIEW,Hoe Yean,95805,Malaysia
18053818.0,BATBAYAR,Enkhtamir,96254,Mongolia
18053853.0,SATES,Matthew,94594,South Africa
18053864.0,MOOSA,Shaquille,93370,Zambia
18053875.0,SANDA,Benilson,97130,Angola
18053906.0,RAMADAN,Youssef,92010,Egypt
18053913.0,CUMBO,Hugo,9444,Vanuatu
18053921.0,PERCIVAL,Peniamina,16587,Samoa
18053961.0,YANG,Qian,92331,China
18054040.0,PARK,Heemoon,92351,Republic of Korea
18054044.0,SHARAF,Zeina Ibrahim,91611,Egypt
18054105.0,DUFFY,Colin,94728,United States
18054120.0,STERKENBURG,Erin,95136,South Africa
18054200.0,EKE,Uche,91344,Nigeria
18054282.0,LIN,Xinyu,91623,China
18054331.0,BAMOGO,Awa,96158,Burkina Faso
18054333.0,JENCUŠOVÁ,Nora,95652,Slovakia
18054435.0,ADI MULYONO,Rahmad,94940,Indonesia
18054514.0,LIU,Alysa,91516,United States
18054525.0,KAWABE,Mana,89921,Japan
18054935.0,MÜLLER,Laura Raquel,94474,Germany
18055121.0,KIM,Tom,91969,Republic of Korea
18055250.0,ANYANACHO,Elizabeth,12939,Nigeria
18055272.0,ADAM,Amal,101302,Egypt
18055273.0,YAMAUCHI,Azusa,92310,JPN
18055277.0,EL WALID,Rihab,98214,Tunisia
18055301.0,OGALLO,Faith,11331,Kenya
18055424.0,MORGAN,Sophia,97565,Fiji
18055510.0,GIRMA,Lamecha,94034,Ethiopia
18056158.0,GONZALEZ,Marina,96950,Spain
18056203.0,KURAKOVA,Ekaterina,96917,Poland
18057265.0,MANIZABAYO,Eric,102363,Rwanda
18057266.0,INGABIRE,Diane,102363,Rwanda
18057497.0,SHEFFIELD,Magnus,95637,United States
18057569.0,AL SAYEGH,Safia,95639,United Arab Emirates
18057779.0,MARLEY,Jack,8807,Ireland
18057808.0,BEREZNICKI,Mateusz,9410,Poland
18057849.0,KAIVO-OJA,Pihla,15939,Finland
18057905.0,FAFARD,Thomas,91425,Canada
18057927.0,DIOUF,Cheikh Tidiane,92379,Senegal
18057938.0,JAZIRI,Ahmed,96919,Tunisia
18057975.0,DRADRIGA,Tom,91575,Uganda
18057976.0,UZAWA,Towa,91841,Japan
18057999.0,ABRAMS,Jasmine,91975,Guyana
18058011.0,MASILINGI,Beatrice,91467,Namibia
18058046.0,NKANSA,Delphine,91068,Belgium
18058062.0,VERBRUGGEN,Hanne,91068,Belgium
18058067.0,CURRENT,Kate,91425,Canada
18058319.0,MAYER,Julia,92900,Austria
18058366.0,GADEAU,Marvin,15696,Monaco
18058571.0,PIRELLI,Gennaro,10221,Italy
18058588.0,HOMAN,Khrystyna,11988,Ukraine
18058627.0,SPINELLA,Massimo,91868,Italy
18058632.0,KORTABITARTE,Alain,103573,Spain
18058636.0,MARTIN,Bombette,98385,Great Britain
18059001.0,ZHAO,Jie,89910,China
18059416.0,HOUMRI,Mohammed,8778,Algeria
18059431.0,JALIDOV,Gazi,12428,Spain
18059449.0,ABDULJABBAR,Ammar Riad,11160,Germany
18059452.0,KAKHRAMONOV,Fanat,10259,Uzbekistan
18059460.0,SANFORD,Wyatt,11980,Canada
18059644.0,YAN,Langyu,100771,China
18059882.0,SHACKLEY,Anna,102358,Great Britain
18059973.0,KURBONOVA,Khalimajon,14612,Uzbekistan
18060003.0,AMINOVA,Shukurjon,14612,Uzbekistan
18060045.0,CHAUDHARY,Saraswati,92946,Nepal
18060059.0,ILILAU,Adrian Justin Jimena,92141,Palau
18060062.0,GABRIYESOS,Tachlowini,157941,Refugee Olympic Team
18060112.0,SALAZAR,José Andrés,92615,El Salvador
18060146.0,MORRIS,Grae,94466,Australia
18060153.0,HAMADI,Fadane,92146,Comoros
18060350.0,EL FAATHAOUI,Yassine,91594,Italy
18060404.0,LIN,Zih-Siang,91526,Chinese Taipei
18060482.0,AZAMATI,Benjamin,95193,Ghana
18060515.0,NOWE,Oratile,92017,Botswana
18060577.0,MPOFU,Isaac,92313,Zimbabwe
18060758.0,FERREIRA,Natasha,11177,Brazil
18060773.0,LIU,Juan,12402,United States
18060774.0,WISKUS,Shane,92027,United States
18060809.0,HASHIMOTO,Daiki,94494,Japan
18060958.0,NETTASINGHE,Viren,15071,Sri Lanka
18061113.0,ALAPHILIPPE,Souleyman,10215,France
18061262.0,GRABOWSKI,Jasmin,9851,Germany
18062751.0,SHADRINA,Natalia,12272,Serbia
18062777.0,DALGATOVA,Saadat,194291,ROC
18062783.0,YANG,Liu,10228,China
18062795.0,CAMARA,Marine,15336,Mali
18062796.0,YUMBA,Naomie Thérèse,8818,DR Congo
18062802.0,CHEDDAR,Rabab,12961,Morocco
18062842.0,BOUDROUMA,Rami,93361,Algeria
18063372.0,REDOUANE DRIS,Messaoud,14605,Algeria
18063404.0,HUH,Mimi,11135,Republic of Korea
18063580.0,ANANI,Kwadyo,9438,Ghana
18063734.0,RUESOM,Oqbe Kibrom,97583,Eritrea
18063755.0,ORTIZ,Silvia,91997,Ecuador
18063758.0,KIPSANG,Abel,95235,Kenya
18063760.0,EBENYO,Daniel Simiu,95235,Kenya
18063915.0,KIRAN,Pahal,91760,India
18064200.0,BUITRAGO,Santiago,95735,Colombia
18064746.0,NOWICKI,Adam,96888,Poland
18064747.0,WIKSTRÖM,Carolina,91373,Sweden
18065079.0,MESELE,Worknesh,94034,Ethiopia
18065571.0,JI,Bowen,91535,China
18065587.0,FENG,Ziqi,12066,China
18065805.0,YANG,Siqi,93499,China
18065858.0,ANDREWS,Sydnee,9865,New Zealand
18065859.0,HAN,Il Ryong,90513,DPR Korea
18066031.0,YOVARI,Mahdi,95890,Afghanistan
18066039.0,CHO,Eunyoung,92351,Republic of Korea
18066076.0,COLLIER,Elise,96380,Australia
18066161.0,ZHU,Yi,94075,China
18066436.0,JOSEPH,Gulfam,91743,Pakistan
18066745.0,KOJIMA,Ryota,93591,Japan
18066764.0,LIAN,Ziwen,98001,China
18066907.0,MORISHIGE,Wataru,93591,Japan
18066986.0,STOLZ,Jordan,94702,United States
18067537.0,ADOUL,Koceila,95887,Algeria
18067927.0,HUNKO,Lidiia,96949,Ukraine
18068061.0,POHJOLAINEN,Rosa,92111,Finland
18068459.0,ASHIKAWA,Urara,94494,Japan
18068462.0,HUR,Woong,91524,Republic of Korea
18068647.0,NGUYEN HOANG,Phi Vu,91320,Vietnam
18069333.0,PIERRE-GILLES,Jordan,91610,Canada
18069407.0,LEBRUN,Alexis,11120,France
18069416.0,GODA,Hana,15972,Egypt
18069480.0,TSUZUKI,Amuro,93498,Japan
18069502.0,KONDRATIUK,Mark,201550,ROC
18069503.0,SAFONOVA,Viktoriya,96369,Belarus
18069535.0,BIANCHI,Loris,92810,San Marino
18070121.0,KASDAN,Mohamad Aniq,92226,Malaysia
18070239.0,PAGE,Nick,94642,United States
18070315.0,MATSUDA,So,92019,Japan
18070478.0,RENOUARD,Flavie,91520,France
18070522.0,KEITH,Megan,92761,Great Britain
18072415.0,KHEUN,Bunpichmorakat,95311,Cambodia
18072416.0,VO,Thi My Tien,92814,Vietnam
18072470.0,PARSHINA,Alexandra,200954,ROC
18072564.0,ADAKE,Ahnaer,98001,China
18072657.0,WESTON,Matt,96920,Great Britain
18073213.0,TAN,Shannon,95825,Singapore
18073242.0,NGUYEN,Van Duong,16578,Vietnam
18074895.0,JUNIANSYAH,Rizki,92101,Indonesia
18075192.0,SARNO,Vanessa,96938,Philippines
18075207.0,OGBONNE EZE,Joy,94091,Nigeria
18075296.0,PARK,Hyejeong,91812,Republic of Korea
18076074.0,GARDADI,Fatima Ezzahra,91445,Morocco
18076076.0,YANKURIJE,Marthe,91831,Rwanda
18076078.0,KIBET,Benard,95235,Kenya
18076204.0,WAYMENT,Courtney,91849,United States
18076215.0,HIGASHIDA,Akihiro,91841,Japan
18076216.0,SEREM,Amos,95235,Kenya
18076220.0,MATEIKO,Daniel,95235,Kenya
18076277.0,MAKHINIA,Irma,201551,ROC
18076329.0,TROITSKAYA,Alexandra,94077,Kazakhstan
18076364.0,ARONSSON ELFMAN,Hanna,92322,Sweden
18076406.0,SZOLLOS,Noa,92589,Israel
18076407.0,JANCOVÁ,Rebeka,92115,Slovakia
18076409.0,ESCOBAR,Sarah,95817,Ecuador
18076419.0,SCHOONMAKER,JC,91559,United States
18076523.0,ZHAO,Dan,93788,China
18076691.0,DING,Yuhuan,90487,China
18076694.0,YAMAUCHI,Hiromu,91841,Japan
18076806.0,KING,Audrey Alice,92786,"Hong Kong, China"
18077009.0,NURMAGAMEDOV,Osman,15306,Azerbaijan
18077032.0,SINGH,Gurpreet,91760,India
18077167.0,SAVICKAITE,Egle,92671,Lithuania
18077170.0,TAWK,Elie,96826,Lebanon
18077175.0,HINCKFUSS,Hugo,95225,Australia
18077237.0,KRAMPE,Samanta,93319,Latvia
18077240.0,HADŽIC,Tena,93321,Croatia
18077254.0,KONDERLA,Nicole,93126,Poland
18077451.0,VASSILYEV,Danil,94076,Kazakhstan
18077464.0,ULRICHOVÁ,Klára,89942,Czech Republic
18077480.0,ZHANG,Tianyi,94496,China
18077489.0,KOZUBACK,Kamilla,95742,Hungary
18077518.0,BRUNELLE,Florence,91610,Canada
18077551.0,KORCHUK,Anton,97574,Ukraine
18077584.0,RAN,Hongyun,91066,China
18077746.0,BAFF,Josie,95230,Australia
18078512.0,NOSKOVÁ,Linda,17994,Czech Republic
18078637.0,NIEWINSKI,Michal,95246,Poland
18078733.0,WILLIS,Tayleb,96375,Australia
18079002.0,HAMANISHI,Ryo,91841,Japan
18079135.0,HOLDER,Reece,96375,Australia
18079522.0,LI,Yuting,89910,China
18079639.0,SIMONELLI,Lorenzo Ndele,91594,Italy
18079645.0,SZYMANSKI,Jakub,96888,Poland
18079646.0,WYDERKA,Maciej,96888,Poland
18079722.0,DOKTER,Sofie,91854,Netherlands
18079762.0,MCINTOSH,Summer,91621,Canada
18079787.0,YEBOAH,Rose Amoanimaa,95193,Ghana
18079818.0,JOHNSTON,David,95184,United States
18079819.0,TERAKADO,Genki,95181,Japan
18079820.0,TAKEHARA,Hidekazu,95181,Japan
18079864.0,PAN,Zhanle,91428,China
18079927.0,ADESHINA,Temitope,97539,Nigeria
18080018.0,MCCABE,Ceili,91425,Canada
18080078.0,ALLERS-LIBURD,Zahria,97542,St. Kitts & Nevis
18080089.0,WHITTAKER,Juliette,91849,United States
18080096.0,CHEPCHIRCHIR,Nelly,95235,Kenya
18080110.0,ANKITA,,91760,India
18080127.0,FOURIE,Marione,91331,South Africa
18080402.0,ZHONG,Tao,89910,China
18080513.0,WEIR,Zane,91594,Italy
18080540.0,ROHILA,Rahul,91760,India
18080658.0,ZHANG,Mingkun,89910,China
18080706.0,BLAKE,Ackeem,95237,Jamaica
18080716.0,AUGUSTINE,Devin,91503,Trinidad & Tobago
18080730.0,WATKIN,Deandre,95237,Jamaica
18080750.0,DU PLESSIS,Edmund,91331,South Africa
18080786.0,LOUIS,Marc Brian,95813,Singapore
18080862.0,PARADA,Alejandro,89943,Cuba
18080865.0,BATZ,Simon,94474,Germany
18080913.0,SOSNA,Mika,94474,Germany
18081479.0,BEARMAN,Rico,101309,New Zealand
18081526.0,LONG,Jia,12066,China
18081530.0,SKARBONKIEWICZ,Magda,12029,United States
18082140.0,THENAULT,Marion,91843,Canada
18082141.0,NADEAU,Emile,91843,Canada
18082162.0,KUSAKI,Hinano,101350,JPN
18082256.0,ALVARES DE OLIVEIRA,Victor,11071,Cape Verde
18082268.0,BERRAHAL,Djahid,14574,Algeria
18082951.0,HORTON,Kohl,97314,Cook Islands
18082954.0,TIERNEY,Jade,97314,Cook Islands
18082971.0,BIRKELAND,Giorgia,94702,United States
18082976.0,HORIKAWA,Momoka,93591,Japan
18082999.0,NALBANTOVA,Kaloyana,11929,Bulgaria
18083088.0,HERCOG,Jan,107897,Austria
18083090.0,KONANYKHINA,Anna,195348,ROC
18083096.0,VIETA,Maycey,92021,Puerto Rico
18083244.0,DERUGO,Anna,94023,Belarus
18083248.0,LOUTITT,Alexandria,92257,Canada
18083294.0,EIKERMANN,Jaden,92352,Germany
18083550.0,MAIGA,Ibrahim,11096,Burkina Faso
18084412.0,HALVORSEN,Ole Martin,91321,Norway
18084417.0,LINDGREN,Victor,92074,Sweden
18084478.0,STREMOUS,Alina,91624,Moldova
18084584.0,KUROKAWA,Kazuki,91841,Japan
18084759.0,LÉVEILLÉ,Olivier,92054,Canada
18084797.0,SCHIZAS,Madeline,94623,Canada
18084804.0,SAMED,Shakul,10226,Ghana
18084807.0,MOREIRA,Ivanusa,12451,Cape Verde
18084812.0,BERTAL,Widad,12961,Morocco
18084815.0,MENGUE AYISSI,Albert,10248,Cameroon
18084830.0,MBAYA MULUMBA,Fiston,8818,DR Congo
18084839.0,ALI,Ramla Said Ahmed,15388,Somalia
18084900.0,DI CENTA,Martina,92055,Italy
18084902.0,LAUKLI,Sophia,91559,United States
18084905.0,MASTERS,Bree,96375,Australia
18084916.0,NANZIRI,Catherine,15065,Uganda
18084918.0,TSHAMA,David,8818,DR Congo
18084946.0,CHINYEMBA,Patrick,12065,Zambia
18084948.0,TAKYI,Samuel,10226,Ghana
18084951.0,ZIMBA,Stephen,12065,Zambia
18085150.0,FELDOREANU,Andrei,91356,Romania
18085167.0,BLONDEAU,Gaël,92586,France
18085204.0,SHABOTOVA,Anastasiia,96384,Ukraine
18085235.0,KRAVCHENKO,Zoya,92879,Kazakhstan
18085241.0,GRAY,Cassidy,95279,Canada
18085267.0,RENTERIA RENTERIA,Tatiana,10250,Colombia
18085311.0,CHABLOZ,Yannick,94036,Switzerland
18085717.0,LATYPOV,Denis,16574,Bahrain
18085779.0,CHEN,Daxiang,10228,China
18085791.0,SENIOR,Charlie,11102,Australia
18085795.0,AH TONG,Marion Faustino,8821,Samoa
18085862.0,KHAMIDOVA,Navbakhor,10259,Uzbekistan
18085917.0,LAWAL,Folaahade Rafiatu,94091,Nigeria
18085930.0,BOLTAYEV,Davlat,12983,Tajikistan
18087952.0,HAMADA,Mohammed,95875,Palestine
18092619.0,THEISEN-LAPPEN,Mary,92092,United States
18093280.0,SALIM,Omar Gergely,10072,Hungary
18095511.0,MAROZSÁN,Fábián,12654,Hungary
18114403.0,BAPTÉ,Laeticia,91520,France
18114432.0,GONZÁLEZ,Arbidel,91571,Spain
18114495.0,NWOKOCHA,Nzubechi Grace,97539,Nigeria
18114497.0,MEZNGI,Zerei Kbrom,94497,Norway
18114508.0,SINGH,Akshdeep,91760,India
18114520.0,RICHARDSON,Benjamin,91331,South Africa
18114647.0,WERRO,Audrey,95229,Switzerland
18114669.0,TEBOGO,Letsile,92017,Botswana
18114670.0,YARRAJI,Jyothi,91760,India
18114671.0,BURGHER,Niesha,95237,Jamaica
18114887.0,BERTRAND,Leah,91503,Trinidad & Tobago
18114892.0,LEWIS,Torrie,96375,Australia
18114917.0,HOLLINGSWORTH,Claudia,96375,Australia
18114949.0,TORRES,Daniela,93121,Mexico
18115034.0,TOPIC,Angelina,101446,Serbia
18115126.0,JACOBSEN,Katrine Koch,89902,Denmark
18115137.0,MONTESINOS,Cristina,95223,Spain
18115181.0,JANSEN,Ella,91621,Canada
18115184.0,JEFIMOVA,Eneli,94502,Estonia
18115239.0,IGNATOVA,Kseniya,97528,Kazakhstan
18115288.0,BOŠKAN,Sašo,89908,Slovenia
18117742.0,MURATAKE,Rachid,91841,Japan
18117765.0,PULIDO,Gisela,91496,Spain
18117776.0,DAMASIEWICZ,Julia,91468,Poland
18117778.0,NOLOT,Lauriane,91359,France
18117780.0,PESCETTO,Maggie,91740,Italy
18117786.0,PIANOSI,Riccardo,91740,Italy
18117815.0,TOYODA,Ken,91841,Japan
18117880.0,GOYARD,Nicolas,91359,France
18117888.0,KÖRDEL,Sebastian,92378,Germany
18118020.0,ZANETTI,Linda,95642,Switzerland
18119629.0,BOLAÑOS LOPEZ,Victor Alfonso,97596,Colombia
18120900.0,LEBRUN,Félix,11120,France
18121036.0,IONESCU,Eduard,10114,Romania
18121093.0,REDZIMSKI,Milosz,10102,Poland
18121823.0,HUDYMA,Oleksandr,96858,Ukraine
18121984.0,FILS,Arthur,10472,France
18122055.0,KOPECKÝ,Julia,95729,Czech Republic
18122151.0,FIORIN,Sara,90117,Italy
18122239.0,DERIEUW,Oshin,10207,Belgium
18122469.0,ZARCO,Iván,96364,Honduras
18123413.0,BATZAYA,Erdenebayar,12416,Mongolia
18124105.0,BUHROVA,Polina,14582,Ukraine
18124977.0,WESTERA,Ethan,92954,Aruba
18124994.0,BALTASAR SUMMERS,Nacho,91496,Spain
18125067.0,ESPOSITO,Katryna,8820,Malta
18125084.0,GABA,Joan-Benjamin,11142,France
18126276.0,ARMITAGE,Megan,99391,Ireland
18126821.0,LAKLALECH,Inès,92998,Morocco
18127161.0,PLOURDE,Simone,91425,Canada
18127808.0,ATAMANOV,Daria,94486,Israel
18127815.0,DRAGAN,Annaliese,92882,Romania
18127901.0,SATO,Mina,94015,Japan
18127930.0,ABDURAIMOV,Aider,12012,Ukraine
18128084.0,CIRKOVIC,Sara,12272,Serbia
18128161.0,BOUDREAU-GUERTIN,Naomy,91843,Canada
18128163.0,AUMOND,Flavie,91843,Canada
18128170.0,ANDRYIANAVA,Anastasiya,94023,Belarus
18128188.0,ANDREEV,Nikita,201529,ROC
18128705.0,GORODKO,Anastassiya,92236,Kazakhstan
18129394.0,STELMAKH,Radomyr,91376,Ukraine
18129593.0,PLOCINSKA,Aleksandra,96888,Poland
18129619.0,MOHAMED,Shahd,96945,Qatar
18129674.0,RASOANAIVO RAZAFY,Aina Laura,11023,Madagascar
18130201.0,BARBOSU,Ana,89958,Romania
18130203.0,PREDA,Andreea,89958,Romania
18130228.0,GEORGIEVA,Valentina,95180,BUL
18130597.0,MAAYOUF,Majida,95223,Spain
18130884.0,ABDELMOULA,Jawad,94852,Morocco
18131275.0,FASIHI,Farzaneh,93136,Iran
18131300.0,PONETTE,Helena,91068,Belgium
18131481.0,LINARES,Natalia,91368,Colombia
18131538.0,JALLOW,Sanu,92353,Gambia
18131544.0,MADELEINE,Sarah,91520,France
18131854.0,KNIGHTON,Erriyon,91849,United States
18131859.0,EL MOSTAFA,Faid,91445,Morocco
18132037.0,ANSAH,Owen,94474,Germany
18132457.0,BRUYNS,Joshua,95136,South Africa
18132477.0,THAOUBANI,Housni,12466,Comoros
18133633.0,LJUTIC,Zrinka,94646,Croatia
18134836.0,WAKUSHIMA,Cool,91453,New Zealand
18135261.0,KUMARITASHVILI,Saba,91856,Georgia
18135766.0,PANTIUKHOVA,Eseniia,201529,ROC
18135808.0,SLOEVA,Ekaterina,98000,Belarus
18135852.0,TAKATS,Tristan,90490,Austria
18136594.0,MAKAROV,Maksim,91624,Moldova
18136804.0,IKPEFAN,Samuel Uduigowme,93484,Nigeria
18136895.0,KOS,Lovro,94672,Slovenia
18137478.0,HONDEMA,Pauline,91854,Netherlands
18137552.0,BROADBELL,Rasheed,95237,Jamaica
18137585.0,MATEO,Pablo,91520,France
18137593.0,YOUNG,Nico,91849,United States
18137603.0,AFRIFAH,Blessing,94450,Israel
18137610.0,RAK,Filip,96888,Poland
18137651.0,PEETERS,Cathelijn,91854,Netherlands
18137791.0,ARMBRUSTER,Ben,91357,Australia
18137800.0,GRACÍK,Daniel,96908,Czech Republic
18137818.0,COOPER,Isaac,91357,Australia
18137879.0,VIBERTI,Ludovico,91971,Italy
18137907.0,MASIUK,Ksawery,94476,Poland
18138010.0,NUR,Abdihamid,91849,United States
18138028.0,AKASAKI,Akira,91841,Japan
18138058.0,IBRAHIM,Ammar,96945,Qatar
18138161.0,LE CLEZIO,Corentin,91520,France
18138188.0,LEVELL,Bryan,95237,Jamaica
18138224.0,RAATS,Brian,91331,South Africa
18138254.0,HOCKER,Cole,91849,United States
18138261.0,DIESSL,Enzo,92900,Austria
18138263.0,BACARI,Elie,91068,Belgium
18138361.0,SATO,Fuga,91841,Japan
18138444.0,WANYONYI,Emmanuel,95235,Kenya
18138621.0,DEHNING,Max,94474,Germany
18138672.0,FURLANI,Mattia,91594,Italy
18138676.0,CLARKE,Roshawn,95237,Jamaica
18138924.0,TOLO,Mohamed Dawood,96931,Saudi Arabia
18138943.0,KILJAN,Krzysztof,96888,Poland
18138989.0,PIHLSTRÖM,Samuel,91373,Sweden
18139025.0,DE SMET,Tibo,91068,Belgium
18139336.0,ONWUZURIKE,Udodi,97539,Nigeria
18139369.0,MOLNÁR,Dóra,94021,Hungary
18139381.0,BARCLAY,Jaclyn,91357,Australia
18139386.0,PERKINS,Jamie,91357,Australia
18139448.0,GIELE,Tessa,95179,Netherlands
18139562.0,CAUNE,Agate,89947,Latvia
18139761.0,MARTÍNKOVÁ,Eliška,91602,Czech Republic
18139849.0,KOKAI,Haruka,91841,Japan
18139878.0,MONONEN,Ilona,92122,Finland
18139952.0,MANASOVÁ,Karolína,91602,Czech Republic
18140122.0,GORISSEN,Mieke,91068,Belgium
18140207.0,TUTHILL,Nicola,96910,Ireland
18140208.0,HOROWSKA,Nikola,96888,Poland
18140245.0,MITKOVA,Plamena,91802,Bulgaria
18140350.0,DAVRONOVA,Sharifa,91434,Uzbekistan
18140401.0,LÖFMAN,Thea,91373,Sweden
18140952.0,MAHMOUD,Moustafa,92545,Egypt
18141170.0,VIK,Lars Young,95225,Australia
18141447.0,WIELGOSZ,Anna,96888,Poland
18141449.0,MBOMA,Christine,91467,Namibia
18141635.0,FAHMI,Muhd Azeem,92006,Malaysia
18141923.0,VOLFA,Estere,93319,Latvia
18141929.0,DAINYTE,Ieva,92671,Lithuania
18142104.0,HOUSER,Radek,92004,Czech Republic
18142184.0,STEPASHKINA,Nadezhda,96968,Kazakhstan
18142829.0,AICHER,Emma,92764,Germany
18142858.0,FÖDERMAYR,Christina,90490,Austria
18142879.0,VIANO,Richardson,92790,Haiti
18144879.0,ŠINKUNAITE,Gabija,95270,Lithuania
18145375.0,HASSAN,Ali Idow,91346,Somalia
18145386.0,KELETELA,Dorian,157941,Refugee Olympic Team
18145857.0,SAVEHSHEMSHAKI,Danyal,93320,Iran
18146225.0,NABI,Jehanara,93379,Pakistan
18146408.0,SYLLA,Fatoumata,95868,Guinea
18146435.0,ELAIDI,Achraf,91591,Morocco
18146499.0,ELIZABETH,Lee-Rose,96261,Seychelles
18146522.0,ABIDINE,Abidine,95814,Mauritania
18146528.0,MBO NCHAMA,Alba,95290,Equatorial Guinea
18146539.0,ANGOUNOU,Linda,96403,Cameroon
18146564.0,BIBI,Gary Noa Jerrel,92780,Mauritius
18146572.0,LARARAUDEUSE,Jeremie,92780,Mauritius
18146589.0,NNAMDI,Chinecherem,97539,Nigeria
18146593.0,ABOUD,Hadel,91815,Libya
18146597.0,MORIS,Lucia,101940,South Sudan
18146627.0,FIADANANTSOA,Sidonie,92291,Madagascar
18146629.0,DUGUMA,Tsige,94034,Ethiopia
18146768.0,LAMA,Duana,98163,Nepal
18146774.0,HUSSAIN,Mohamed Aan,92817,Maldives
18146835.0,TALAT,Kishmala,91743,Pakistan
18146912.0,MARTÍN,Lorena,95223,Spain
18156811.0,REYES,Enmanuel,12428,Spain
18163130.0,VO,Thi Kim Anh,16578,Vietnam
18163501.0,MULLOJONOV,Lazizbek,10259,Uzbekistan
18165045.0,MCCANE,Morelle,12035,United States
18165960.0,TSUCHIYA,Masae,91882,Japan
18168046.0,ABDALRASOOL,Mohamed,9437,Sudan
18170316.0,PINALES,Cristian,12053,Dominican Republic
18170347.0,XU,Zichun,10228,China
18171209.0,SALHE,Jorge,201899,Palestine
18171707.0,SALEHHUDDIN,Aruwin,92156,Malaysia
18171988.0,YAMASHITA,Miyuu,91637,Japan
18171998.0,ZHUBANAZAR,Abylaikhan,9850,Kazakhstan
18172021.0,KUYULOVA,Esmigul,9850,Kazakhstan
18172069.0,SOLER,Meritxell,95223,Spain
18172222.0,BEZEDE,Dimitriana,91393,Moldova
18172413.0,PINTARIC,Zana,92892,Slovenia
18172435.0,CHUDINOVA,Polina,201529,ROC
18172460.0,SANTOS,Guilherme,95178,Brazil
18172476.0,GLAZKOVA,Alexandra,201529,ROC
18172477.0,KIM,Daeun,96836,Republic of Korea
18172483.0,LEE,Seung Hun,96836,Republic of Korea
18172490.0,LEE,Chae-Un,92760,Republic of Korea
18172569.0,AL RAIMI,Yasameen,93307,Yemen
18172641.0,ALTUKHOVA,Arina,92879,Kazakhstan
18172646.0,CHIRYUKIN,Nikita,92879,Kazakhstan
18172767.0,VAN GORP,Menno,227797,Netherlands
18172770.0,ALIN,Gaëtan,227851,France
18172771.0,KIM,Philip,227865,Canada
18172772.0,YUASA,Ami,227812,Japan
18172773.0,CHOI,Grace,227800,United States
18172774.0,EDRA,Logan,227800,United States
18172776.0,ZI,Yingying,227818,China
18172840.0,SUN,Chen,227823,Chinese Taipei
18172939.0,MARINA,Vanessa,227805,Portugal
18172982.0,FUKUSHIMA,Ayumi,227812,Japan
18172985.0,PAVLENKO,Kateryna,227807,Ukraine
18173015.0,MONTALVO,Victor,227800,United States
18173118.0,CIVIL,Danis,227851,France
18173121.0,KIM,Hong-Yul,227843,Republic of Korea
18173128.0,KUZNIETSOV,Oleg,227807,Ukraine
18173168.0,ENRIQUEZ,Jorge,95866,COL
18173978.0,GHEKIERE,Justine,98863,Belgium
18174086.0,IDRIS,Adijat Avorshai,12422,Nigeria
18174520.0,HAMZA,Malak,15341,Egypt
18174575.0,TOLBA,Abdelrahman,15341,Egypt
18174804.0,KOANDA,Solfrid,95285,Norway
18174850.0,HUSISIAN,Hadley,12029,United States
18174955.0,TESFAY,Henok,97583,Eritrea
18175053.0,RELJIKJ,Miljana,11094,North Macedonia
18175559.0,ABABAKIROV,Samirkhon,15951,Kazakhstan
18175573.0,LOMBARDI,Emma,91855,France
18175788.0,VAN DUYSEN,Hannes,95113,Belgium
18175801.0,BERTONE,Oriane,94965,France
18175949.0,LAW,Calab,96375,Australia
18176051.0,TAKELE,Tadese,94034,Ethiopia
18176094.0,ASHE,Favour,97539,Nigeria
18176173.0,SAMUKONGA,Muzala,96376,Zambia
18176181.0,MWIMBA,Olivier,91790,DR Congo
18176434.0,MEJIA,Yudelina,96349,Dominican Republic
18176461.0,OLIVIER,Ethan,95176,New Zealand
18176508.0,ROBINSON,Russell,91849,United States
18177054.0,VERDE ALVAREZ,Marco Alonso,15952,Mexico
18177092.0,HORTA RODRÍGUEZ DEL REY,Saidel Iván,10257,Cuba
18177124.0,UKTAMOVA,Nigina,10259,Uzbekistan
18177173.0,GODBLESS,Tima Seikeseye,97539,Nigeria
18177181.0,MADOGO,Jacqueline,91425,Canada
18177188.0,JEFFERSON,Melissa,91849,United States
18177189.0,COETZEE,Miranda,91331,South Africa
18177237.0,TURDIBEKOVA,Sitora,10259,Uzbekistan
18177239.0,ARBOLEDA MENDOZA,Valeria,10104,Colombia
18177270.0,KESSLER,Hobbs,91849,United States
18177291.0,YONEZUKA,Jack,14607,United States
18177405.0,KING,Brynn,91849,United States
18177604.0,ROSS,Jaida,91849,United States
18177783.0,ALBUQUERQUE,Gabriel,97552,Portugal
18177794.0,BARDZILOUSKAYA,Viyaleta,231944,AIN
18177970.0,RODRIGUES FERNANDES,Henrique Marques,15331,Brazil
18177980.0,CHURCHILL MARTÍNEZ,Joaquín Andrés,9827,Chile
18178009.0,LEE,Lauren Anna,13537,Haiti
18178011.0,PACHECO,Maria Clara,15331,Brazil
18178215.0,PARK,Tae-Joon,9828,Republic of Korea
18178232.0,AL GHOTANY,Yahya,194290,Refugee Olympic Team
18178340.0,GARIBAY,Héctor,96955,Bolivia
18178363.0,OGANDO,Alexander,91442,Dominican Republic
18178368.0,MUKHOBE,Wiseman Were,95235,Kenya
18178445.0,YI,Jaegyeong,92043,Republic of Korea
18178492.0,CHARAMBA,Makanakaishe,92313,Zimbabwe
18178921.0,BIRIBO,Kinaua,15697,Kiribati
18179285.0,SANDERY,Olivia,96375,Australia
18179500.0,ERŽEN,Lina,89931,Slovenia
18179505.0,STICKLAND,Johann,96251,Samoa
18179872.0,BRONZETTI,Lucia,10477,Italy
18179944.0,DAVIS,Leo,92022,South Africa
18180225.0,PUTTO,Dominika,91364,Poland
18180232.0,CIRILO DUBOYS,Yarisleidis,92231,Cuba
18180668.0,SAMY,Youssry,10073,Egypt
18180727.0,SOE,Johan,91539,Denmark
18180756.0,YILMAZ,Simal,92561,Türkiye
18180861.0,PIATROVA,Aliaksandra,230706,AIN
18180863.0,GOGNIAT,Audrey,94504,Switzerland
18180914.0,BLAŽÍCKOVÁ,Veronika,91460,Czech Republic
18180953.0,DULCE,Anna,91746,Moldova
18181033.0,BONAZZI,Edoardo,91868,Italy
18181220.0,JAMALI GALEH,Yekta,195592,Refugee Olympic Team
18182247.0,DE SOUSA,Gabriela,96363,Brazil
18182255.0,JAISMINE,,15995,India
18182299.0,YESUGEN,Oyuntsetseg,12059,Mongolia
18182414.0,GARCÍA,Andrés,91458,Spain
18182484.0,HRUSHYNA AKOBIIA,Alina,12441,Ukraine
18182562.0,VISSA,Sintayehu,91594,Italy
18182756.0,BLANKS,Graham,91849,United States
18182860.0,LANGAT,Weldon,95235,Kenya
18182870.0,ANVAROV,Anvar,91434,Uzbekistan
18182895.0,BALDWIN,Heath,91849,United States
18182921.0,MANE,Salif,91849,United States
18183028.0,GLENN,Rachel,91849,United States
18183059.0,COOKE,Aoife,96910,Ireland
18183066.0,POPEHN,Dakotah,91849,United States
18183267.0,HOPKINS,Yolanda,96847,Portugal
18183345.0,SEREGNI,Bianca,91514,Italy
18183386.0,JUDA,Paul,92027,United States
18183757.0,AWUAH,Boipelo,101489,South Africa
18183786.0,ISSAKA GARBA,Nouridine,10229,Niger
18183798.0,MÜLLER,Kim Lea,178974,Germany
18183958.0,ALQAHTANI,Tahani,15699,Saudi Arabia
18186038.0,ARMSTRONG,Hunter,95184,United States
18186247.0,TIERNEY,Blake,91621,Canada
18187115.0,COHOON,Alexander,95254,Great Britain
18187227.0,STACEY,Harry,92165,Ghana
18187844.0,KIRLEW,Josh,95218,Jamaica
18189178.0,SIM,Letitia,89956,Singapore
18189187.0,JONES,Keaton,95184,United States
18189214.0,WEINSTEIN,Claire,95184,United States
18189227.0,HOBSON,Luke,95184,United States
18189237.0,GRIMES,Katie,95184,United States
18189237.0,GRIMES,Katie,102117,United States
18189963.0,PRASTYADI,Alviyanto,91839,Indonesia
18189964.0,OCTAVIA,Rezza,91839,Indonesia
18189966.0,MOHAMAD FAZIL,Nurul Azreena,92131,Malaysia
18189967.0,MASHAYIKH,Syaqiera,92131,Malaysia
18189975.0,KHASLAKHANAU,Abubakar,218420,AIN
18190131.0,KOLKMAN,Mitch,92259,Netherlands
18190149.0,MÅNSSON,Tilda,92582,Sweden
18190297.0,MAYR,Verena,92900,Austria
18190415.0,BATTY,Brock,92263,Australia
18190587.0,CHARAABI,Sirine,9867,Italy
18190654.0,IBRAHIM,Nebil,11127,Sweden
18190673.0,LOVCHYNSKYI,Dmytro,12012,Ukraine
18190919.0,CRESPO,Pablo,91881,Spain
18190954.0,KISS,Agnes,95242,Hungary
18190977.0,WINKELMANN,Anton,91606,Germany
18191153.0,JAKOB,Maike,91606,Germany
18191531.0,SANDRINI,Antilai,227801,Italy
18191727.0,COLLI,Beatrice,101328,Italy
18191728.0,LEBON,Manon,94965,France
18192140.0,HENRIKSSON,Julia,91373,Sweden
18192142.0,FIREWU,Samuel,94034,Ethiopia
18192353.0,BADAMASSI,Saguirou,97586,Niger
18192355.0,YIHUNE,Addisu,94034,Ethiopia
18192356.0,SEDJATI,Djamel,95764,Algeria
18192367.0,THORNE,Craig,91425,Canada
18192368.0,KUBELÍK,Eduard,91602,Czech Republic
18192474.0,HRIBAR,Jere,89922,Croatia
18192505.0,KARTAVI,Martin,92897,Israel
18192506.0,KNEDLA,Miroslav,96908,Czech Republic
18192512.0,MITSIN,Petar,91601,Bulgaria
18192521.0,STANCU,Vlad,91977,Romania
18192529.0,ÁBRAHÁM,Lilla,94021,Hungary
18192534.0,PÁDÁR,Nikolett,94021,Hungary
18192543.0,KATZBERG,Ethan,91425,Canada
18192550.0,KHENNOUSSI,Oussama,95764,Algeria
18192597.0,ZHENG,Ninali,89910,China
18192623.0,SISKOS,Apostolos,94631,Greece
18192650.0,PAVALIC,Jana,89922,Croatia
18192662.0,ZHELTYAKOV,Oleksandr,89938,Ukraine
18192700.0,SCOTT,Briana,91425,Canada
18192702.0,MACKAY,Emily,91849,United States
18192719.0,KIPROTICH,Vivian Chebet,95235,Kenya
18192740.0,PUDAR,Lana,93155,Bosnia & Herzegovina
18192833.0,SHARAFUTDINOVA,Nika,89938,Ukraine
18192899.0,QUERINJEAN,Ruben,91596,Luxembourg
18194041.0,SOUSA,Hebert,12407,Brazil
18194042.0,YEGNONG NJIEYO,Maxime,10248,Cameroon
18194043.0,VALSAINT JR,Darrelle,10277,Haiti
18194044.0,ROGAVA,Tsotne,12012,Ukraine
18194045.0,SELLA,Eldric,194289,Refugee Olympic Team
18194046.0,BROWN,Ricardo,9874,Jamaica
18194475.0,GASPARELLI,Alessandra,92087,San Marino
18194512.0,INGVALDSEN,Håvard Bentdal,94497,Norway
18194821.0,HINCHLIFFE,Louie,92761,Great Britain
18194844.0,HABARTA,Tomáš,91602,Czech Republic
18194966.0,KLOSE,Sören,94474,Germany
18195326.0,EKWAM,Zablon Ekhal,95235,Kenya
18195327.0,LEE,Eun-Ji,92558,Republic of Korea
18195329.0,MOON,Seung-Woo,92558,Republic of Korea
18195335.0,CHESANG,Prisca,91575,Uganda
18195348.0,EISA,Medina,94034,Ethiopia
18195357.0,PISKORSKA,Adela,94476,Poland
18195368.0,NARITA,Mio,95181,Japan
18195371.0,DONG,Zhihao,91428,China
18195374.0,JACKL,Vivien,94021,Hungary
18195379.0,KOECH,Simon Kiprop,95235,Kenya
18195381.0,CHEROTICH,Faith,95235,Kenya
18195478.0,ZAZA,Hend,16624,Syria
18195805.0,YANG,Xiaolei,94636,CHN
18195806.0,SOLOMON,Luna,194611,Refugee Olympic Team
18195937.0,WANG,Ruidong,98872,China
18195982.0,HUNG,Yuan-Hsi,92300,Chinese Taipei
18195987.0,SHENG,Lihao,92331,China
18195988.0,KOK SHUN,Alicia,92970,Mauritius
18196225.0,HIRAIWA,Yuna,94494,Japan
18196226.0,STEWART,Ava,92018,Canada
18196231.0,ZHANG,Peng,93744,China
18196452.0,GARACH,Carlos,100250,Spain
18196452.0,GARACH,Carlos,91571,Spain
18196550.0,CROOKS,Jillian,93374,Cayman Islands
18196837.0,ANWARI,Fahim,92978,Afghanistan
18196838.0,MILANESI,Norah,95316,Cameroon
18196839.0,MASOO,Alaa,155330,Refugee Olympic Team
18196840.0,DASHTI,Lara,92975,Kuwait
18196843.0,PERSAUD,Aleka,95309,Guyana
18196844.0,TAKYI,Unilez,92165,Ghana
18196882.0,AKHMADIEV,Ildar,91873,Tajikistan
18197203.0,NOOR ZAHI,Sha Mahmood,92149,Afghanistan
18197204.0,SIMWAKA,Asimenye,92150,Malawi
18197205.0,ROMERO,Yeykell,93138,Nicaragua
18197206.0,ELNA,Amed,92146,Comoros
18197207.0,MIGUEL,Aveni,95267,Angola
18197208.0,LUKE,Dennick,94666,Dominica
18197209.0,TAVARES,D'Jamila,97590,Sao Tome & Principe
18197210.0,BARAKAT,Hanna,97546,Palestine
18197211.0,ALDABBAGH,Yasmeen,96931,Saudi Arabia
18197212.0,CLARKE,Amya,97542,St. Kitts & Nevis
18197213.0,STANLEY,Matie,97761,Tuvalu
18197234.0,RABEARISON,Todisoa Franck,92291,Madagascar
18197678.0,KARLO,Lucia,101940,South Sudan
18198060.0,YURIICHUK,Yuliia,95191,Ukraine
18198155.0,QUAN,Hongchan,89939,China
18198763.0,LASO,Naia,103573,Spain
18198774.0,MUÑOZ,Natalia,103573,Spain
18199319.0,SÖDERQVIST,Jakob,102357,Sweden
18199350.0,PÜNTENER,Romano,99992,Liechtenstein
18200084.0,CORDEAU,Amélie,92105,FRA
18200086.0,SADIKOV,Amirkhan,94445,Uzbekistan
18200100.0,RUIZ,Angela,95784,Mexico
18200116.0,LOPEZ,Caroline,92105,FRA
18200130.0,ZHANGBYRBAY,Dauletkeldi,96395,Kazakhstan
18200171.0,SAITO,Fumiya,92310,JPN
18200267.0,GRANDE,Matias,95784,Mexico
18200307.0,ROEFFEN,Quinty,91787,Netherlands
18200386.0,MAGALHÃES,Ana Vitoria,95048,Brazil
18200578.0,BEURSKENS,Julie,8805,Netherlands
18200599.0,CHACÓN,Mariandree,91589,Guatemala
18200611.0,TARLING,Joshua,102358,Great Britain
18200612.0,SPIEGEL,Luca,90116,Germany
18200696.0,NDIAYE,Binta,14596,Switzerland
18200837.0,RUSSO,Savita,10221,Italy
18200846.0,BABULFATH,Tara,11130,Sweden
18200895.0,KARUNARATHNA,Tharushi,94442,Sri Lanka
18200910.0,ONOJUVWEVWO,Ella,97539,Nigeria
18200932.0,MEBRAHTU,Merhawi,97583,Eritrea
18201000.0,OROGOT,Tarsis,91575,Uganda
18201048.0,TATAROGLU,Ibrahim,11164,Türkiye
18201104.0,PINA,Tais,15979,Portugal
18201115.0,SARR,Saly,92379,Senegal
18201158.0,ANDREWS,Antoine,96929,Bahamas
18201166.0,SEARE,Dawit,97583,Eritrea
18201176.0,ROBAN,Handal,92604,St. Vincent & the Grenadines
18201190.0,KIPROTICH,Martin,91575,Uganda
18201296.0,NATHANIEL,Ezekiel,97539,Nigeria
18201298.0,ABAKAR,Ismail,96945,Qatar
18201472.0,CHEPKOECH,Jackline,95235,Kenya
18201537.0,SUTHERLAND,Savannah,91425,Canada
18201574.0,KEBINATSHIPI,Collen,92017,Botswana
18201584.0,HIBBERT,Jaydon,95237,Jamaica
18201589.0,CHEMUTAI,Leonard,91575,Uganda
18201601.0,CORREA,Renan,96363,Brazil
18201651.0,MOBEKK,Mina,91332,Norway
18202312.0,GOMMERS,Aiko,93599,Belgium
18202340.0,BRINK,Jaymio,93603,Netherlands
18202685.0,MACLEAN-HOWELL,Ella,94434,Great Britain
18202770.0,AVEZOU,Zélia,94965,France
18202856.0,ROBERTS,Toby,98738,Great Britain
18202863.0,HRNIC,Edi,9877,Denmark
18202897.0,MCNEICE,Erin,98738,Great Britain
18203010.0,ANRAKU,Sorato,98030,Japan
18203031.0,TEACHOUT,Kristina,12024,United States
18203343.0,ALBAYRAK,Emir,102120,Türkiye
18203343.0,ALBAYRAK,Emir,92048,Türkiye
18203535.0,WATSON,Samuel,94728,United States
18204183.0,CHAÂRI,Sarah,10692,Belgium
18204274.0,HOUILI,Nesrine,98871,Algeria
18204744.0,BIBIC,Dylan,91483,Canada
18204867.0,HLAVACKOVA,Lucie,91312,Czech Republic
18204959.0,SOLMONDE,Viktor,98716,Denmark
18205103.0,AHTOSALO,Anniina,99388,Finland
18205104.0,MELANSON,Riley,96895,Canada
18205236.0,NIEDERMAIER,Antonia,98857,Germany
18205324.0,ECKER,Jonas,91842,United States
18205930.0,MACCHIATI,Mario,94443,ITA
18205957.0,KOERNER,Rebecca,95914,Denmark
18206187.0,SARDALASHVILI,Giorgi,8808,Georgia
18206247.0,LATISEV,Mihail,8793,Moldova
18206385.0,MENŠÍK,Jakub,17994,Czech Republic
18206529.0,ZARKA,Dor,91765,Israel
18206544.0,HJERTBERG,Johanna,92096,Sweden
18206554.0,LAMMERTS,Annelous,91584,Netherlands
18206570.0,WALTON-KEIM,Lukas,90495,New Zealand
18206657.0,ABDALLA,Medani,10246,Egypt
18206873.0,MILLER,Kate,94084,Canada
18206900.0,MICULYCOVÁ,Iveta,183292,Czech Republic
18206993.0,OMANYALA,Ferdinand,95235,Kenya
18206994.0,NAKAJIMA,Yuki Joseph,91841,Japan
18207086.0,MCCOY,Wanya,96929,Bahamas
18207094.0,KWEMOI,Andrew Rotich,91575,Uganda
18207280.0,CHERUIYOT,Reynold,95235,Kenya
18207437.0,HARVEY,Rose,92761,Great Britain
18207446.0,TATAR,Zahra,95764,Algeria
18208881.0,BERMÚDEZ,Sebastián,92766,Guatemala
18208934.0,DHILLON,Raiza,94600,India
18208938.0,KISSELL,Rylan,95182,United States
18208950.0,RAMITA,Ramita,94600,India
18209213.0,NIEWOLD,Sean,95179,Netherlands
18209249.0,SINGH,Sarabjot,94600,India
18209251.0,KORKHIN,Ada,95182,United States
18209324.0,SANGWAN,Rhythm,94600,India
18209347.0,SAMRA,Sift Kaur,94600,India
18209524.0,PHILLIPS,Ryann,95182,United States
18209616.0,ESCANO,Maria,9442,Guam
18209734.0,OTGONBAYAR,Khuslen,12416,Mongolia
18209804.0,WAKIM,Philippe,15996,Lebanon
18209848.0,WICHUMA,Weeraphon,91046,Thailand
18209896.0,HOLMGREN,Isabella,96342,Canada
18210274.0,RUBAIAWI,Ali Ammar Yusur,94617,Iraq
18211064.0,WESTON,Joseph Jonathan,95207,Thailand
18211065.0,ATAKAN,Derin,91044,Türkiye
18211068.0,KITCHEN,Justina,90495,New Zealand
18211069.0,TURIENZO,Maria Catalina,95243,Argentina
18211076.0,BONTUS,Valentin,95205,Austria
18211497.0,HARTMANN,Elena,95642,Switzerland
18211883.0,ZHANG,Boheng,91858,China
18211933.0,SALIMI,Arian,8775,Iran
18211958.0,HE,Jinbo,91066,China
18212066.0,VOSTRIKOVA,Anna,201556,ROC
18212068.0,SEREGINA,Elena,201556,ROC
18212093.0,RONG,Ge,96573,China
18212913.0,VATAN,Merve,91044,Türkiye
18213443.0,N DUM,Bacar,11951,Guinea-Bissau
18213547.0,AZARPIRA,Amirali Hamid,11181,Iran
18213673.0,ORIE,Delicious,10820,Great Britain
18213704.0,CONGO,Gerlon,15384,Ecuador
18213711.0,HARVEY,Jahmal,12035,United States
18213720.0,RODRIGUEZ,Jose,15384,Ecuador
18213731.0,HASANOV,Malik,11967,Azerbaijan
18213738.0,TRINIDADE,Michael,12407,Brazil
18213744.0,DEV,Nishant,15995,India
18213748.0,JONES,Omari Lamon,12035,United States
18213759.0,HILL,Roscoe,12035,United States
18213774.0,PEREIRA,Wanderley,12407,Brazil
18213785.0,ZAKIROV,Amir,227866,Kazakhstan
18213786.0,DEMIERRE,Lee-Lou,227797,Netherlands
18213789.0,PONOMARENKO,Anna,227807,Ukraine
18215242.0,SCHOTT,Amanda,91512,Brazil
18215786.0,NAZLYMOV,Tatiana,12029,United States
18215793.0,GIRAULT,Evann Jean Abba,13527,Niger
18215969.0,MARTON,Viviana,10072,Hungary
18216221.0,KORNEEV,Lev,18044,Serbia
18216677.0,ADJAVON,Eloi,199979,Togo
18216786.0,HU,Yicheng,100771,China
18217028.0,SONG,Qiwu,92661,China
18217138.0,DONG,Bing,92661,China
18217156.0,PU,Rui,91066,China
18217224.0,PROKOFIEVA,Anastasia,201552,ROC
18217343.0,FENG,He,96573,China
18217493.0,SHEHATA,Aya,11971,Egypt
18217644.0,PENG,Qingyue,92661,China
18217849.0,MCDONALD,Cole,94642,United States
18217998.0,KIM,Nahyun,92043,Republic of Korea
18218000.0,SOBHY,Ramez,92903,Egypt
18218105.0,RIPLEY,Vaimo'oi'a,93142,Samoa
18218529.0,NTAKARUTIMANA,Egide,92934,Burundi
18218567.0,JOSEPH,Michael,92576,Saint Lucia
18218667.0,OLDKNOW,Cian,91331,South Africa
18218902.0,QI,Xiangyu,227818,China
18219292.0,GUNN,Rachael,227863,Australia
18219509.0,LIU,Qingyi,227818,China
18219659.0,AHMED,Ziyad,92964,Sudan
18219708.0,JIMÉNEZ,Elizabeth,96252,Dominican Republic
18219712.0,HERNÁNDEZ,Gerald,92175,Nicaragua
18219719.0,NGUELO'O,Grace,95316,Cameroon
18219733.0,GHALI,Saud,96256,Bahrain
18219735.0,AMISON,Naima-Zahra,92982,Djibouti
18219894.0,DIALLO,Elhadj,93367,Guinea
18219898.0,SSENGONZI,Jesse Ssuubi,92171,Uganda
18219901.0,KOURAOGO,Iman,96257,Burkina Faso
18219903.0,NOEL,Raekwon,95309,Guyana
18219908.0,DIOP,Oumy,92170,Senegal
18219911.0,HOSEI,Yuri,93368,Palau
18219930.0,WEBSTER,Charlotte,92560,Cayman Islands
18219937.0,DONELLY,Denise,95313,Mozambique
18219938.0,NDONG OBAMA,Higinio,92979,Equatorial Guinea
18219939.0,GUTERRES,Jolanio,103603,Timor-Leste
18219945.0,NAPARE,Souleymane,96257,Burkina Faso
18219946.0,TENGUE,Terence,93371,Central African Republic
18219948.0,KHATUN,Mst Sonia,92167,Bangladesh
18220035.0,INDRÁCKOVÁ,Anežka,89942,Czech Republic
18220047.0,HOLZMANN,Johanna,94060,Germany
18220219.0,NARANJO,Sol,98228,Ecuador
18220636.0,HOLDER,Aniya,95136,South Africa
18220663.0,MUKHEIBIR,Lauren,95136,South Africa
18221501.0,SEYE,Matthieu,92170,Senegal
18221588.0,LAWRENCE,Matthew,95313,Mozambique
18222825.0,RIBERA,Eduarda,93716,Brazil
18223000.0,JI,Yu-Chan,92558,Republic of Korea
18223012.0,NIU,Guangsheng,91428,China
18223013.0,WANG,Haoyu,91428,China
18223038.0,GAO,Weizhong,91428,China
18223046.0,CONNOR,Abbey,91357,Australia
18223071.0,GUILIANO,Chris,95184,United States
18223076.0,ANDERSON,Iona,91357,Australia
18223109.0,LEE,Kyle,103841,Australia
18223128.0,HIRAI,Mizuki,95181,Japan
18223173.0,PETRIC,William,91357,Australia
18223188.0,MATSUSHITA,Tomoyuki,95181,Japan
18223210.0,HEILMAN,Thomas,95184,United States
18223349.0,ANDREEVA,Mirra,232999,Individual Neutral Athlete
18223648.0,JUNG,Yerin,11135,Republic of Korea
18223827.0,NKAPE,Tumo,92017,Botswana
18223848.0,RAMAKONGOANA,Tebello,91378,Lesotho
18223854.0,GIRMA,Ermias,94034,Ethiopia
18223935.0,ULRICH,Jayden,91849,United States
18223940.0,ALMAYEW,Sembo,94034,Ethiopia
18224074.0,WILKINSON,Matthew,91849,United States
18224092.0,JENA,Kishore,91760,India
18224460.0,GUIMENDEGO,Nadia Matchiko,16584,Central African Republic
18224463.0,CHEN,Degen,94904,China
18224464.0,LIU,Rongsheng,94904,China
18224509.0,KRYEZIU,Kiana,101855,Kosovo
18224510.0,VESTERSTEIN,Kaitlyn,92294,Estonia
18224511.0,ZIEBA,Hanna,91500,Poland
18224512.0,JAIMAN,Mida Fah,97594,Thailand
18224513.0,TEN RAA,Gwyneth,94467,Luxembourg
18224965.0,DÍAZ,Nahiara,98562,Argentina
18224966.0,CIREN,Zhandui,94904,China
18225592.0,MURADYAN,Angelina,93485,Armenia
18225659.0,SOTO MORENO,Jonathan,96564,Mexico
18225712.0,ABDI,Fayik,201626,Saudi Arabia
18225713.0,XHEPA,Denni,92787,Albania
18225714.0,YUNG,Hau Tsuen Adrian,92786,"Hong Kong, China"
18225715.0,NEUMULLER,Mathieu,95300,Madagascar
18225716.0,ALEXANDER,Benjamin,92793,Jamaica
18225717.0,FLAHERTY,William C.,94083,Puerto Rico
18226053.0,OGEL,Fidan,11164,Türkiye
18226234.0,CRISTIAN,Citlali,93121,Mexico
18226844.0,LE,Alexandra,92879,Kazakhstan
18226851.0,AMINI POZVEH,Fatemeh,93115,Iran
18226852.0,BIN DALLAH,Mohammed,93697,Libya
18226858.0,NOBATA,Misaki,91618,Japan
18227656.0,ABDELHADY MOHAMED,Omar Khaled,92077,Egypt
18227733.0,MAGOMEDOMAROV,Magomedomar,10856,United Arab Emirates
18227765.0,NEMATZADEH,Mobina,8775,Iran
18228695.0,KAYA,Rümeysa Pelin,92561,Türkiye
18228863.0,ALHAMMADI,Mohamed,92942,United Arab Emirates
18228951.0,MUZRAPOV,Favoris,91873,Tajikistan
18229656.0,BERG,Synnøve,91321,Norway
18229721.0,QUEK,Izaac,10693,Singapore
18229939.0,TRAORE,Makan,15333,France
18230426.0,CRAIG,Peyton,96375,Australia
18230510.0,SAGAIPOV,Caramnob,16000,Lebanon
18230544.0,HERRERA ALVAREZ,Fatima Patricia,15952,Mexico
18230550.0,DE ALMEIDA,Caroline,12407,Brazil
18230588.0,LOZANO,Jennifer,12035,United States
18230618.0,VALDES PANA,Angie Paola,10104,Colombia
18230628.0,EDWARDS,Joshua Timothy,12035,United States
18230662.0,RIVERA AYALA,Alondra,98219,Puerto Rico
18231375.0,SCHEMBRI,Kruz,11078,Virgin Islands
18231432.0,XIAO,Ruien,15073,Canada
18231467.0,ZHANG,Nicholas,15073,Canada
18231622.0,NICOLAES,Julie,89895,Belgium
18231803.0,WALKER,Leila,101309,New Zealand
18232138.0,GRIPPOLI GAGLIARDO,Maria Sara,15772,Uruguay
18232240.0,CADZOW,Kim,105593,New Zealand
18232879.0,NIMUBONA,Yves,91831,Rwanda
18232884.0,KOMANSKI,Albert,96888,Poland
18233011.0,DAVIS,Jeremiah,91849,United States
18233047.0,BOONSON,Puripol,92143,Thailand
18233074.0,ABDALLA,Yaseen,91327,Sudan
18233082.0,HODGE,Adaejah,92289,British Virgin Islands
18233135.0,BATKHUYAG,Khulan,8817,Mongolia
18233142.0,CARTWRIGHT,Denisha,96929,Bahamas
18233333.0,MOHD ASRI,Nurul Izzah Izzati,89900,Malaysia
18233457.0,JANSE VAN RENSBURG,Genevieve,91563,Australia
18233475.0,LI,Adam,93114,Czech Republic
18233478.0,ISLAM,Md Sagor,93442,Bangladesh
18233479.0,USACH,Mykhailo,94643,Ukraine
18233489.0,COVELL,Chloe,98724,AUS
18233736.0,IBRAHIM,Omar,92077,Egypt
18233829.0,CABRAL,Francisco,17471,Portugal
18233932.0,ADDIS,Baptiste,92105,FRA
18234330.0,HAYLOM,Birke,94034,Ethiopia
18234371.0,CARDOZO REY,Alisson Camila,10250,Colombia
18234842.0,RORKE,Tyler,91483,Canada
18235284.0,SUWANNAPHENG,Janjaem,10239,Thailand
18235347.0,ASSAD,Oussama,15994,Morocco
18235359.0,DJANKEU NGAMBA,Cindy,194289,Refugee Olympic Team
18235360.0,MBABI,Brigitte,8818,DR Congo
18235403.0,RAHIMI,Tina,11102,Australia
18235524.0,ELDERS,Mostafa Aly Elsayed Gabr,10246,Egypt
18235751.0,NODA,Satsuki,92310,JPN
18235782.0,HAMMER,Zach,94728,United States
18235851.0,HENVEAUX,Lucas,91432,Belgium
18235894.0,SCHOONHEERE,Lucie,95110,FRA
18236170.0,ØRITSLAND,Hedda,91848,Norway
18236394.0,HOUINATO,Valentin,12462,Benin
18236432.0,SHIHA,Omar,11123,Norway
18236438.0,HERBIET,Chloé,91068,Belgium
18236731.0,LEE,Wonho,92351,Republic of Korea
18236861.0,KAUR,Bhajan,92057,India
18237424.0,LEE,Joonhwan,11135,Republic of Korea
18237436.0,EMOMALI,Nurali,12968,Tajikistan
18237439.0,RAHIMOV,Serdar,15313,Turkmenistan
18238026.0,WOZNIAK,Piotr,104356,Poland
18238294.0,KAO,Cheng-Jui,12008,Chinese Taipei
18238429.0,NGUYEN,Thi Huong,99189,Vietnam
18238478.0,RAMSDEN,Maia,95176,New Zealand
18238493.0,ANDERSON,Navasky,95237,Jamaica
18238597.0,GONZALEZ MINDEZ,Alberto,91589,Guatemala
18238634.0,TRAORE,Cheickna,91544,Côte d'Ivoire
18239107.0,VALBY,Parker,91849,United States
18239162.0,MACÍK,Ondrej,91602,Czech Republic
18239343.0,PATRIKA,Dzeja,93165,Latvia
18239407.0,SEONG,Seungmin,92336,Republic of Korea
18239458.0,ESSABAI,Ahmed,91815,Libya
18239467.0,MULAMBA,Dominique Lasconi,91790,DR Congo
18239483.0,LUO,Zhilu,100110,China
18239548.0,AWALI BOUBACAR,Samira,97586,Niger
18239619.0,WAKUMA,Misgana,94034,Ethiopia
18240234.0,SHACKELL,Aaron,95184,United States
18240239.0,SHACKELL,Alex,95184,United States
18240250.0,FINLIN,Emma,107898,Canada
18240254.0,GRAY,Cameron,94047,New Zealand
18240273.0,VAN WESTERING,Kai,95179,Netherlands
18240282.0,TUNCELLI,Kuzey,102120,Türkiye
18240282.0,TUNCELLI,Kuzey,92048,Türkiye
18240288.0,KHARUN,Ilya,91621,Canada
18240303.0,MORGAN,Oliver,95254,Great Britain
18244183.0,AL-ZINKEE,Hasan,98157,Iraq
18244184.0,KAEWSRIYONG,Dulyawat,96247,Thailand
18244185.0,BOULAKBECHE,Jamila,92808,Tunisia
18244186.0,HOY,Hayley,98165,Eswatini
18244187.0,WONG,Hayley,96259,Brunei Darussalam
18244190.0,HOSEI,Jion,93368,Palau
18244193.0,MEJÍA,Lucero,96243,Guatemala
18244409.0,PRIMOVA,Aynura,92176,Turkmenistan
18244414.0,RAFI,Samiul Islam,92167,Bangladesh
18244549.0,ONOFRIICHUK,Taisiia,95233,Ukraine
18244599.0,COLLYMORE,Tilly,93160,Grenada
18244605.0,HEPWORTH,Harry,94067,Great Britain
18244609.0,CASABUENA,Laura,96950,Spain
18244666.0,MAYALA,Freddy,95318,Congo
18244766.0,BEIQI,Hana,98493,Kosovo
18244767.0,ALAYED,Mashael,96246,Saudi Arabia
18244808.0,LAGATAO,Nicola,89915,Guam
18244829.0,OTA,Kaiya,94015,Japan
18244927.0,JOBE,Ousman,92803,Gambia
18245000.0,BOBIMBO,Vanessa,95318,Congo
18245001.0,SAADI,Maesha,93375,Comoros
18245763.0,WRIGHT,Daryn,91613,United States
18245853.0,STREHLKE DELGADO,Paulo,108281,Mexico
18245951.0,TYLER,Carson,91613,United States
18245955.0,MUNOZ HEREDIA,Kevin Alexander,95164,Mexico
18246229.0,SEO,Geon-woo,9828,Republic of Korea
18247024.0,TRINH,Thu Vinh,96952,Vietnam
18247526.0,MAITA,Jose,91508,Venezuela
18247528.0,NUÑEZ,Yeral,91442,Dominican Republic
18247536.0,BISHT,Paramjeet Singh,91760,India
18247544.0,JIANG,Zhichao,89910,China
18252457.0,WU,Peng,100110,China
18252844.0,ROMERO PEREZ,Leslie Adriana,94968,Spain
18252845.0,MADE RITA KUSUMA DEWI,Desak,94940,Indonesia
18253234.0,LAROS,Niels,91854,Netherlands
18253245.0,DUDYCHA,Jakub,91602,Czech Republic
18253768.0,MANUEL,Lurdes Gloria,91602,Czech Republic
18254258.0,COLE,Ellie,91751,Australia
18254579.0,YUAN,Liying,91404,China
18254676.0,LOUIS,Jeffrey,227800,United States
18254689.0,GUO,Zongying,12017,China
18255139.0,AUGUSTO,Thomas,94737,Portugal
18255140.0,SIRVIO,Heili,95127,Finland
18255143.0,VENTURA,Raicca,101346,BRA
18255326.0,YOSHIZAWA,Coco,101350,JPN
18255334.0,RAGAINI,Alessandro,91971,Italy
18255453.0,MARSHALL,Jonny,95254,Great Britain
18255563.0,DIACONESCU,Rebecca,91977,Romania
18255566.0,CURTIS,Sara,91971,Italy
18255590.0,MORENO,Jairo,11021,El Salvador
18255952.0,SAENCHA,Kamonlak,91361,Thailand
18256330.0,ALMIRÓN,Cesar,97584,Paraguay
18257649.0,SANTOS,Marcos,95267,Angola
18257650.0,GREEN,Joseph,97581,Guam
18257690.0,FERRETTI,Chiara,95243,Argentina
18257837.0,JIANG,Yiting,92331,China
18258190.0,DIOP,Bocar,11936,Senegal
18258338.0,AKAKPO,Naomi,92282,Togo
18258358.0,SHEVCHENKO,Alexander,10486,Kazakhstan
18258654.0,CARVAJAL,Ana,92784,Spain
18258662.0,PASSMORE,Jake,95765,Ireland
18259360.0,GONZALEZ ETXABARRI,Janire,93501,Spain
18259477.0,MARTIN,Abi,94067,Great Britain
18259480.0,GHIGOARTA,Amalia,89958,Romania
18259484.0,LASHCHEVSKA,Anna,91376,Ukraine
18259493.0,CZIFRA,Bettina Lili,96368,Hungary
18259505.0,KEVRIC,Helen,92884,GER
18259536.0,EVANS,Ruby,94067,Great Britain
18259542.0,ARTAMONOVA,Sona,92228,Czech Republic
18259828.0,GIUBELLINI,Matteo,94608,Switzerland
18259980.0,KOXHAKU,Grisi,98156,Albania
18259996.0,MECA,Kaltra,98156,Albania
18260082.0,PANTSKHAVA,Noe,96253,Georgia
18260541.0,MEINDLSCHMID,Petr,91602,Czech Republic
18260566.0,YOUNG,David,98162,Fiji
18260615.0,UHI,Alan,98164,Tonga
18260783.0,CONNOLLY,Lanihei,93381,Cook Islands
18260786.0,LAWRENCE,Warren,92815,Dominica
18260790.0,GIBBS,Rhanishka,96927,Bahamas
18260832.0,HARVEY,Jack,92878,Bermuda
18260863.0,MASETI,Miyanda,94555,South Africa
18260865.0,STURISKA,Veronika,94317,Latvia
18261501.0,SARABOYUKOV,Bozhidar,91802,Bulgaria
18261502.0,MORALES-WILLIAMS,Christopher,91425,Canada
18261504.0,ERLANDSSON,Erik,91373,Sweden
18261531.0,GRILLO,Beppe,95815,Malta
18261535.0,HOWELL,Davonte,91582,Cayman Islands
18261558.0,SITO,Luca,91594,Italy
18261578.0,ESPINOSA,Reynaldo,89943,Cuba
18261580.0,LONGA,Ronal,91368,Colombia
18261586.0,NILLESSEN,Stefan,91854,Netherlands
18261616.0,JOSEPH,Esther,97539,Nigeria
18262326.0,PRITCHARD-LOLO,Ajah,92886,Vanuatu
18262519.0,MORDI,Manuel,94474,Germany
18262520.0,LIMA,Matheus,96363,Brazil
18262553.0,TORRES,Gladymar,92292,Puerto Rico
18262562.0,LINDAHL,Nora,91373,Sweden
18262574.0,DAVID,Chloe,91759,Vanuatu
18262580.0,TAKAYAWA,Gerard,11963,Fiji
18263184.0,OGAWA,Daiki,91841,Japan
18263252.0,TUBTIMDANG,Banlung,11145,Thailand
18263268.0,ISMAIL,Omar,12155,Palestine
18263617.0,AJAYI,Kayinsola,97539,Nigeria
18263659.0,OGAZI,Samuel,97539,Nigeria
18263755.0,SAMINU,Abdul-Rasheed,95193,Ghana
18263823.0,TOLEUGALI,Batyrkhan,15951,Kazakhstan
18263947.0,OGUNSEMILORE,Cynthia Temitayo,10237,Nigeria
18263948.0,PETERS,Callum,11102,Australia
18263952.0,MUXANGA,Tiago,15382,Mozambique
18264685.0,AUFRÈRE,Romain,90493,France
18265109.0,BEYRANVAND,Mohammad,93115,Iran
18265315.0,ANDREOLI,Angela,94443,ITA
18265494.0,AUGUSTO,Michel,11177,Brazil
18265763.0,MANECA-VOINEA,Sabrina,89958,Romania
18265770.0,VAN EIJKEN,Ming,95194,France
18266245.0,TEMBO,Margret,12065,Zambia
18266698.0,GOKKIR,Elif,91448,TUR
18266722.0,HAVERS,Megan,91625,Great Britain
18266734.0,DROR,Roy,91878,Israel
18267192.0,EDER,Timo,92884,GER
18267204.0,MOHMADIPIANI,Alireza Azizkhoon,10244,Iran
18267240.0,ALMANZA TRUYOL,Nestor,11156,Chile
18267244.0,JACOBSON,Payton,11112,United States
18268247.0,WINKLER,Kaii,92362,Germany
18268249.0,BROWN,Kaiya,96251,Samoa
18268264.0,JANKOVICS,Tristan,91621,Canada
18269667.0,MATONTI,Ilenia Elisabetta,15948,Italy
18269804.0,DAVID,Julian,101473,New Zealand
18269978.0,JAOUADI,Ahmed,92808,Tunisia
18269978.0,JAOUADI,Ahmed,101918,Tunisia
18269980.0,VEGA,Alberto,91371,Costa Rica
18270025.0,NUÑEZ,Javier,96252,Dominican Republic
18270036.0,SHAW,Ellie,93162,Antigua and Barbuda
18270061.0,DAOU,Magnim,92968,Togo
18270070.0,DURRANI,Muhammad Ahmed,93379,Pakistan
18270122.0,CHEUNG,Cindy,94465,"Hong Kong, China"
18270125.0,SARAVIA,Ulises,96924,Argentina
18270252.0,HEIN,Agostina,96924,Argentina
18270410.0,DJOPARTO,Kaelyn,92320,Suriname
18270476.0,BROVKOVA,Mariya,92235,Kazakhstan
18270799.0,PARDAYEVA,Maysa,15313,Turkmenistan
18272392.0,GILL,Phoebe,92761,Great Britain
18272467.0,TEELUCK,Anishta,92970,Mauritius
18272487.0,IRISHURA,Lois Eliora,92168,Burundi
18272746.0,LAWNER,Stina,92074,Sweden
18272798.0,CABANG,John,95257,Philippines
18272800.0,LIU,Junxi,89910,China
18272818.0,ATTAOUI,Mohamed,95223,Spain
18272824.0,DARU,Nicolas-Marie,91520,France
18272989.0,ECHAVARRÍA,Nicolás,92992,Colombia
18273710.0,KADI,Mourad,8778,Algeria
18273744.0,AYYAD,Yomna,12966,Egypt
18274090.0,LE,Thi Mong Tuyen,96952,Vietnam
18274195.0,DEMPFLE-OLIN,Sanoa,98581,Canada
18274253.0,HE,Jie,89910,China
18274383.0,GIUBELLINI,Luca,94608,Switzerland
18274391.0,ESPOSITO,Manila,94443,ITA
18274409.0,YAN,Zheng,91462,China
18275296.0,RUIVIVAR,Levi,100764,Philippines
18276899.0,SUN,Jiaqi,173015,China
18276907.0,DENG,Yawen,173015,China
18277033.0,YANG,Jiin,92351,Republic of Korea
18277035.0,DU,Linshu,92331,China
18278579.0,ZHAO,Nan,92331,China
18278637.0,ZHOU,Yafei,100110,China
18278650.0,HERBULOT,Manon,90493,France
18278715.0,LENGWILER,Elena,94457,Switzerland
18278909.0,KHALIL,Remas,92077,Egypt
18279212.0,VANPACHTENBEKE,Margot,98863,Belgium
18279416.0,SMITH,Jonovan,11959,Puerto Rico
18279523.0,HUANG,Yuting,92331,China
18279528.0,LIU,Heng Yu,95183,Chinese Taipei
18279535.0,ZHANG,Qiongyue,92331,China
18279756.0,ELSAYED ABUQARN,Mai Magdy,92077,Egypt
18279791.0,ALMAZ UULU,Bekzat,12072,Kyrgyzstan
18280270.0,BANEVIC,Dominika,227802,Lithuania
18280409.0,ONO,Hiroto,227812,Japan
18280623.0,DUNNE,Jeffrey,227863,Australia
18280629.0,SARDJOE,India,227797,Netherlands
18280791.0,AZZAHRA,Keisha Fatimah,12975,Azerbaijan
18280827.0,DOS SANTOS,Barbara,12407,Brazil
18281437.0,COSSIO ACEVES,Arantxa,16629,Mexico
18282505.0,WHITLOCK,Luke,95184,United States
18282682.0,HASHIMI,Fariba,97409,Afghanistan
18282683.0,HASHIMI,Yulduz,97409,Afghanistan
18283836.0,KISOKA,Arnold,15701,DR Congo
18283899.0,DEMBELE,Sya,227851,France
18283947.0,BACYADAN,Hergie,11151,Philippines
18283968.0,PAWAR,Preeti,15995,India
18283972.0,ABDULLAEV,Ruslan,10259,Uzbekistan
18284246.0,IKEDA,Tye,92541,Canada
18284255.0,LÓPEZ,Mariel,94671,Nicaragua
18284265.0,ESERCITATO,Michele,92541,Canada
18284268.0,PARRA,Diego,92086,Chile
18284427.0,HASANBAYEV,Davranbek,94053,Turkmenistan
18285862.0,DAVEY,Shannan,11102,Australia
18285863.0,ECHEGARAY,Tiana,11102,Australia
18285888.0,WILLIAMSON,Marissa,11102,Australia
18285892.0,MCDONALD,Tyla,11102,Australia
18286636.0,BAYAN,Hasan,15700,Syria
18286889.0,LOPEZ DE JESUS,Juanma,12026,Puerto Rico
18286941.0,ABUSAL,Wasim,16573,Palestine
18286954.0,KHABIBULLAEV,Turabek,10259,Uzbekistan
18288994.0,SILACHAI,Theerapong,91046,Thailand
18289013.0,AMARE,Samsom,97583,Eritrea
18289016.0,NDIKUMANA,Célestin,92934,Burundi
18289264.0,NICHELE,Jacqueline,89937,Australia
18289458.0,LIU,Huanhua,92887,China
18289681.0,ALOBAIDLI,Amani,96256,Bahrain
18289688.0,NGUICHIE,Hugo,95316,Cameroon
18289691.0,ZUBAID,Mohamad,92975,Kuwait
18289695.0,ALSHEHHI,Maha,95317,United Arab Emirates
18289705.0,LATIFF,Sophia,93154,Tanzania
18289737.0,ZHANG,Yunjia,15073,Canada
18289746.0,GÓMEZ,Stefania,92003,Colombia
18291154.0,CHELANGAT,Annet Chemengich,91575,Uganda
18293129.0,NAVONE,Mariano,17991,Argentina
18293578.0,LO,Happy,11132,"Hong Kong, China"
18297078.0,LI,Tsai-Chi,91526,Chinese Taipei
18297546.0,FAYISA,Abdisa,94034,Ethiopia
18297570.0,DE OLIVEIRA,Roldeney,213767,Sao Tome & Principe
18297838.0,OH,Ye Jin,92351,Republic of Korea
18298023.0,XU,Zhuoyi,89910,China
18298766.0,HAINGURA,Kethobogile,92017,Botswana
18298767.0,THOMPSON,Kishane,95237,Jamaica
18298768.0,KIDALI,Koitatoi,95235,Kenya
18299168.0,XIONG,Shiqi,89910,China
18299303.0,CABANES,Laura,91571,Spain
18299332.0,GIULIANI,Maximillian,91357,Australia
18299399.0,FERGUSON,Zuri,92279,Trinidad & Tobago
18299408.0,BRICOUT,Pacome,89925,France
18300088.0,MANE,Bubacar,11611,Guinea-Bissau
18300216.0,CUI,Chenxi,100111,China
18300599.0,BARAT,Andy,213966,Comoros
18301463.0,TABOULET,Nana,95110,FRA
18301464.0,TREW,Arisa,98724,AUS
18301466.0,ALEXANDRE,Emilie,95110,FRA
18302732.0,LENZI,Diego,9867,Italy
18302937.0,ABDELRAHMAN,Mahmoud Khaled Abdelsatar,10204,Egypt
18303010.0,EL MAMOUNY,Fatima Zahra,227875,Morocco
18303106.0,OKAMURA,Mana,94494,Japan
18303110.0,TAZHUDINOV,Akhmed,12227,Bahrain
18303130.0,ZHU,Yeqing,12017,China
18303308.0,USHIOKU,Kohane,94494,Japan
18303793.0,QIU,Qiyuan,91858,China
18303794.0,PASS,Ruby,92756,Australia
18305172.0,LO,Wai Fung,11669,"Hong Kong, China"
18305430.0,KREIŠS,Valters,89947,Latvia
18305653.0,RICHARD,Frederick,92027,United States
18305857.0,TRAN,Aurélie,92018,Canada
18307001.0,SOMNUEK,Thananya,10239,Thailand
18307028.0,DOS SANTOS,Alcinda Lucas,15382,Mozambique
18307372.0,BARAJAS,Angel,100759,Colombia
18307387.0,RIVERA,Hezly,92027,United States
18307501.0,NAKAMURA,Haruka,94494,Japan
18308027.0,TSVETKOV,Nikita,95647,Uzbekistan
18308439.0,MOSHE,Mikaella,91878,Israel
18308461.0,HUANG,Jingye,91462,China
18308463.0,SCHUBERT,Johan Lundgaard,91539,Denmark
18308471.0,CHEN,Jingyue,91462,China
18308823.0,PENEV,Kevin,95180,BUL
18308825.0,COSMAN,Lilia,89958,Romania
18308859.0,HAN,Jiayu,92331,China
18309094.0,MAHDAVI,Iman,194580,Refugee Olympic Team
18309325.0,MALLAKH,Bilal,227875,Morocco
18309416.0,LI,Zhongyuan,94636,CHN
18309419.0,VALIZADEH,Jamal,232997,Refugee Olympic Team
18309466.0,TIBILOV,Georgii,13922,Serbia
18310050.0,ZILLEKENS,Annika,91511,Germany
18310681.0,GOMEZ,Austin Klee,11975,Mexico
18310857.0,REEVES,Dean,98731,Morocco
18310904.0,ARAB,Sibghatullah,62303,Refugee Olympic Team
18311067.0,BARBARI ZHARFI,Mahboubeh,62303,Refugee Olympic Team
18311100.0,HARADA,Shudai,9868,Japan
18311158.0,CLARO FIZ,Alejandro,10257,Cuba
18311252.0,AKYLOV,Pylyp,12041,Hungary
18311300.0,TEREMOANA,Teremoana,11102,Australia
18311517.0,PATURAU,Julie,92159,Mauritius
18311662.0,LIM,Sihyeon,91328,Republic of Korea
18312419.0,ZHENG,Haohao,100111,China
18312491.0,NEMOUR,Kaylia,100761,Algeria
18312563.0,CHEPTOYEK,Joy,91575,Uganda
18312715.0,HONG,Kexin,12066,China
18312728.0,HUANG,Juan,95175,China
18312772.0,PHILAPHANDETH,Praewa Misato,218276,Laos
18312812.0,LU,Feng,12066,China
18313242.0,BROWN,Lynnzee,218298,Haiti
18313287.0,MWAMIKAZI,Jazilla,99988,Rwanda
18313818.0,CORRIGAN,James,91849,United States
18314127.0,YEREMENKO,Alexandr,96395,Kazakhstan
18314209.0,TRAN,Thi Nhi Yen,93137,Vietnam
18315593.0,LEYGONIE,Vincent,218422,South Africa
18316041.0,SU,Weide,91858,China
18316209.0,MALABUYO,Emma,100764,Philippines
18316229.0,HERNANDEZ,Andrés,95866,COL
18317446.0,KOROMA,Mariama,12470,Sierra Leone
18317598.0,KOMEN,Brian,95235,Kenya
18317889.0,KHARCHILAVA,Lika,92286,Georgia
18317941.0,LEHANE,Jennifer,8807,Ireland
18318130.0,WANG,Zisai,100771,China
18318916.0,FENTE-DAMERS,Rafael,89925,France
18319301.0,ZENG,Zhiying,11131,Chile
18320053.0,SANTANA,Herminia,97134,Sao Tome & Principe
18321034.0,VERED VILENCHIK,Omer,91765,Israel
18321095.0,MOHAMAD ZAIRI,Ariana Nur Dania,92131,Malaysia
18321388.0,TUGOLUKOVA,Vera,91587,Cyprus
18321925.0,ZHANG,Zhanshuo,91428,China
18322876.0,ALMASRI,Layla,97546,Palestine
18322922.0,DWEDAR,Mohammed,97546,Palestine
18323417.0,ZHANG,Bo-Ya,95199,Chinese Taipei
18323786.0,CHOE,Daehan,92351,Republic of Korea
18323926.0,LIANG,Xiaoya,92331,China
18324047.0,NG,Chadd,98165,Eswatini
18324048.0,SHAMAMBO,Damien,93370,Zambia
18324051.0,KURNIAWAN,Joe,93156,Indonesia
18324053.0,GJURETANOVIKJ,Nikola,92342,North Macedonia
18324348.0,BARROW,Aminata,92803,Gambia
18324351.0,EL HAJJ,Lynn,93369,Lebanon
18324352.0,CHAN,Zeke,96259,Brunei Darussalam
18325422.0,SAADELDIN,Rana,92964,Sudan
18325739.0,NWANDU,Adaku,92804,Nigeria
18325742.0,NOLLES,Leo,92972,Uruguay
18325743.0,SILAS,Johnathan,93383,Vanuatu
18325745.0,ROGERY,Pedro,200706,Guinea-Bissau
18325746.0,ABDOLI,Samyar,92965,Iran
18325767.0,NIZHARADZE,Ana,96253,Georgia
18326247.0,RUSSET,Loane,93383,Vanuatu
18326630.0,GREENE,Kennice,98155,St. Vincent & the Grenadines
18326990.0,SAM,Olamide,92977,Sierra Leone
18328091.0,TORREZ,Guadalupe,96955,Bolivia
18328969.0,OZDEMIR,Kayra,11164,Türkiye
18328972.0,ANSARI,Amir,195189,Refugee Olympic Team
18329754.0,LE,Quoc Phong,91320,Vietnam
18330336.0,COVA ROMERO,Jesus Nazareth,11966,Venezuela
18330412.0,BELONY-DULIEPRE,Cedrick,10277,Haiti
18331091.0,BECK,Alina,93600,Germany
18331700.0,ABDUSALOMOVA,Munira,11092,Tajikistan
18332315.0,JEMAI,Salim Ahmad,93649,Tunisia
18332687.0,FRANCISCO,Sydney,92141,Palau
18333299.0,CHEHEL AMIRANI,Shermineh,93115,Iran
18333334.0,NAKANG,Perina Lokure,157941,Refugee Olympic Team
18333386.0,WANG,Xinjie,92331,China
18333890.0,ALKHAWALDEH,Moath,92285,Jordan
18334366.0,RAMATULLA,Bekarys,92235,Kazakhstan
18334646.0,OTUEDO,Beauty Akinaere,96640,Nigeria
18334661.0,LOPEZ LAMADRID,Yinnoly Francheska,92231,Cuba
18334806.0,CUADRADO FLOREZ,Stefany,90471,Colombia
18335449.0,EL FALLAKI,Ilias,93161,Morocco
18335580.0,GAITOU,Adèle,92968,Togo
18335627.0,MILENKOVIC,Miloš,95157,Montenegro
18336063.0,CHEROTICH,Zeddy,16591,Kenya
18336759.0,OLAORE,Olaitan Adam,10237,Nigeria
18336762.0,ELAWADY,Omar,12966,Egypt
18336843.0,SINGH,Sandeep,94600,India
18337143.0,ZHU,Yuanling,100111,China
18337921.0,DESINGHU,Dhinidhi,94669,India
18337933.0,BISHRELT,Khorloodoi,10856,United Arab Emirates
18337960.0,DE LAPPARENT,Antoine,95311,Cambodia
18338627.0,SUKASEM,Vareeraya,93898,Thailand
18339204.0,AL ROUMI,Amal,92288,Kuwait
18339746.0,DIU,Felix Chun Hei,93135,"Hong Kong, China"
18339760.0,BOBOKULOVA,Sabina,10259,Uzbekistan
18340396.0,ZHOU,Yaqin,91858,China
18340397.0,KISHI,Rina,94494,Japan
18340609.0,CHOE,Hyogyong,15338,DPR Korea
18340968.0,FALLAH,Mobina,96305,Iran
18342077.0,BOUCHIREB,Samir,95887,Algeria
18342343.0,ASAQAS,Aya,101482,Morocco
18342918.0,GARZA,Victoria,95322,Dominican Republic
18342922.0,ESTUDILLO TORRES,Alejandra,95164,Mexico
18342985.0,BLANCO,Luisa,100759,Colombia
18343272.0,ALCANTARA REYES,Yunior,12053,Dominican Republic
18343273.0,DE JESUS CHAGAS,Tatiana Regina,12407,Brazil
18343296.0,KIYOOKA,Kotaro,8797,Japan
18343312.0,MENDOZA,Alyssa,12035,United States
18346637.0,KAO,Wenchao,94636,CHN
18351454.0,ALI,Jana,101302,Egypt
18351488.0,MARA,Gibson Kaogo,9894,Papua New Guinea
18351489.0,KASSMAN,Kevin Sogo,9894,Papua New Guinea
18351510.0,NAVUGA NAITASI,Lolohea,9900,Fiji
18351535.0,EPENISA,Feofaaki,15356,Tonga
18353296.0,AMR HOSSNY,Sara,15341,Egypt
18354854.0,SHAH,Ameena,92959,Kuwait
18355991.0,ACQUAVIVA,Safiatou,97579,Guinea
18355994.0,HASSAN NOUR,Samiyah,92227,Djibouti
18356005.0,SANTOS,Susana,91452,Portugal
18356641.0,ECHARGUI,Moez,17466,Tunisia
18364063.0,IM,Yong Myong,92333,DPR Korea
18364276.0,SHIN,Jungwhi,92043,Republic of Korea
18364322.0,TAWFIK,Malak,92903,Egypt
18364633.0,AKAZAWA,Gaku,8824,Samoa
18364646.0,MEHARY,Biniam,94034,Ethiopia
18365620.0,CHEN,Luying,91428,China
18365805.0,TOREPE-ORMSBY,Taiko,94047,New Zealand
18366442.0,NDOMBE IMPELENGA,Aristote,92969,DR Congo
18366452.0,NASSER,Yusuf Marwan Abdullah,93159,Yemen
18366453.0,BELBEISI,Karin,92805,Jordan
18366795.0,KPADE,Alexis,92802,Benin
18366797.0,PECHERSKIKH,Elizaveta,92806,Kyrgyzstan
18366798.0,ALSARRAJ,Zaid Faisal,96246,Saudi Arabia
18366799.0,PEYRE MITILLA,Oscar,93157,Rwanda
18366800.0,ALMUKHTAR,Maleek,96245,Libya
18367220.0,KOUMA,Alexien,93158,Mali
18367221.0,DIABATE,Aichata,93158,Mali
18367222.0,SHAIG,Aishath Ulya,92817,Maldives
18367223.0,DOUA,Camil,95314,Mauritania
18367226.0,MUZITO,Gloria Anna,92171,Uganda
18367227.0,MAMANE,Marouane,92172,Niger
18367228.0,NISBETT,Troy,93373,St. Kitts & Nevis
18367302.0,DIRKZWAGER,Ariana Southa,92980,Laos
18367303.0,DOUILLET,Ionnah Eliane,92802,Benin
18367304.0,RACH,Christina,92811,Eritrea
18367305.0,SCHOFIELD,Jasmine,92815,Dominica
18367327.0,OWUSU,Aaron Ghebre,92811,Eritrea
18367352.0,BAH,Djenabou Jolie,93367,Guinea
18367353.0,ANDET,Tracy Marine,93371,Central African Republic
18368697.0,ZHANG,Yihan,91858,China
18369194.0,TEWA,Waisake,91488,Fiji
18369247.0,IAKOPO,Filomenaleonisa,91636,American Samoa
18369925.0,BROWN,Patrick,10820,Great Britain
18369964.0,BAZARBAY,Uulu Mukhammedsabyr,10218,Kazakhstan
18370084.0,BAN,Hyojin,92351,Republic of Korea
18370588.0,MUTUWA,Ashton Adeyemi,12422,Nigeria
18371357.0,ODIRA,Lilian,95235,Kenya
18371387.0,OCHONOGOR,Prestina Oluchi,97539,Nigeria
18371676.0,ABAROGE,Farida,157941,Refugee Olympic Team
18374488.0,MORA ROMERO,Ramiro,195592,Refugee Olympic Team
18377759.0,MOHAMMAD SAMIM,Faiz Zada,16595,Afghanistan
18377763.0,MAKABR,Hesham,15702,Yemen
18377795.0,NAM,Suhyeon,91328,Republic of Korea
18377796.0,KAMAL,Syifa Nurafifah,91839,Indonesia
18377921.0,PAK,Sol Gum,15338,DPR Korea
18378125.0,TIEBWA,Nera,15697,Kiribati
18378781.0,CHUPRYS,Darya,230706,AIN
18378803.0,TRUSHKINA,Yuliya,230934,Individual Neutral Athlete
18379145.0,SAVASTE,Joni,89897,Finland
18379892.0,BELLO,Ayomide Powei,96640,Nigeria
18379897.0,NUNES BASTOS DOS SANTOS,Mateus,95220,Brazil
18379901.0,SOLTANI,Saman,195790,Refugee Olympic Team
18379902.0,KOCH,Tiffany Amber,92754,South Africa
18380313.0,RYBACHOK,Anastasiia,95191,Ukraine
18380830.0,LI,Shiting,95175,China
18382123.0,JAMALOV,Razambek Salambekovitch,12967,Uzbekistan
18382225.0,FUFOFUKA,Maleselo,92947,Tonga
18382368.0,MANATOA,Temalini,97761,Tuvalu
18382873.0,MICALLEF,Kyle,93378,Malta
18383282.0,MILLER,Isabella Rosa,92818,Solomon Islands
18383745.0,SESAY,Georgiana,92119,Sierra Leone
18383833.0,HOYE YENDA MOUKOULA,Wissy Frank,92147,Gabon
18383838.0,SABINO,Steven,96370,Mozambique
18383868.0,TOUMANDJI,Herve,92283,Central African Republic
18384300.0,LACOUR,Noelie Annette,98159,Gabon
18384334.0,ABUBAKER,Yousef,96245,Libya
18384338.0,TATI,Jose,93153,Cape Verde
18384932.0,SHRESTHA,Shantoshi,92946,Nepal
18384940.0,KINZANG,Lhamo,97588,Bhutan
18385266.0,HADJI,Hassane,93375,Comoros
18385915.0,HARRIS,Naquille,97542,St. Kitts & Nevis
18391366.0,TALASH,Manizha,232998,Refugee Olympic Team
18391368.0,YAVARIVAFA,Dorsa,194577,Refugee Olympic Team
18392074.0,INSIXIENGMAY,Steven,92980,Laos
18392092.0,TAN,Rouxin,95805,Malaysia
18392093.0,ABDALLA SALAH,Lojine,92010,Egypt
18392336.0,SABOVIC,Adell,98493,Kosovo
18392337.0,HAN,Phone Pyae,95315,Myanmar
18392566.0,SIJUADE,Oluwatobiloba  Adeope,92804,Nigeria
18392622.0,YOUSSEF,Alisar,91972,Syria
18392623.0,RIAZ,Faiqa,94657,Pakistan
18392624.0,KAREEM,Mariam,92942,United Arab Emirates
18392625.0,AHAMDY,Salam Bouha,95814,Mauritania
18392626.0,ADA ETO,Sefora,95290,Equatorial Guinea
18392634.0,KANIWETE,Kenaz,95811,Kiribati
18392635.0,AL-YAFAE,Samer,92941,Yemen
18392636.0,REED,William,92940,Marshall Islands
18392637.0,LISSE,Jalen,94498,Suriname
18392638.0,MENSAH,Joselle,92165,Ghana
18392639.0,MCCUTCHEON,Anahira,98162,Fiji
18392640.0,MIANSADI,Divine,92969,DR Congo
18392641.0,SAKBUM,Apsara Katarina,95311,Cambodia
18392642.0,CHOULOUTE,Mayah,92974,Haiti
18392986.0,SULIMAN,Musa,157941,Refugee Olympic Team
